id,image_id,expression,use_negation,distractors,image_source,human_authored,token_count,stratum,D0_acc_iou_0.5,D0_iou,D0_pointing,D0_target_mass,A4_acc_iou_0.5,A4_iou,A4_pointing,A4_target_mass,S4_acc_iou_0.5,S4_iou,S4_pointing,S4_target_mass,A8_acc_iou_0.5,A8_iou,A8_pointing,A8_target_mass,A4_minus_S4,A8_minus_S4
refadv:0,refadv:0,the computer screen that is in the middle vertically of the three stacks,False,5,coco_val2017,True,13,absolute,0.0,0.07377467304468155,0.0,0.06382555514574051,0.0,0.0,0.0,0.04309689626097679,0.0,0.0,0.0,0.05190972611308098,0.0,0.0,0.0,0.043984461575746536,0.0,0.0
refadv:1,refadv:1,background person not leaning back,True,5,coco_val2017,True,5,logical,0.0,0.051979247480630875,0.0,0.044340770691633224,0.0,0.04690862074494362,0.0,0.05587618052959442,0.0,0.07885802537202835,0.0,0.06851403415203094,0.0,0.04872220754623413,0.0,0.056718047708272934,0.0,0.0
refadv:2,refadv:2,person with zipper open not holding anything,True,5,coco_val2017,True,7,logical,0.0,0.0449565052986145,0.3333333432674408,0.06487096101045609,0.0,0.04322800412774086,0.0,0.042513053864240646,0.0,0.0425618477165699,0.3333333432674408,0.03553444519639015,0.0,0.04469512775540352,0.0,0.026497503742575645,0.0,0.0
refadv:3,refadv:3,the woman looking at an apple laptop without glasses,True,4,coco_val2017,True,9,logical,0.0,0.001877386006526649,0.0,0.0719607025384903,0.0,0.07157841324806213,0.6666666865348816,0.1421247273683548,0.0,0.0979420617222786,0.3333333432674408,0.13282859325408936,0.0,0.1277862787246704,0.6666666865348816,0.18174569308757782,0.0,0.0
refadv:4,refadv:4,the person looking at screen holding nothing,True,3,coco_val2017,True,7,logical,0.0,0.22068560123443604,0.0,0.24912504851818085,0.0,0.39686688780784607,1.0,0.41731536388397217,0.3333333432674408,0.3885694444179535,1.0,0.38739249110221863,0.0,0.3120099604129791,1.0,0.3230181038379669,-0.3333333432674408,-0.3333333432674408
refadv:5,refadv:5,the person sitting closer to the one holding a goose feather,False,4,coco_val2017,True,11,relational,0.0,0.0,0.0,0.02769267000257969,0.0,0.0,0.0,0.002456780755892396,0.0,0.0,0.0,0.0021163325291126966,0.0,0.0,0.0,0.0025702347047626972,0.0,0.0
refadv:6,refadv:6,"child in second row from the bottom, third from left",False,5,coco_val2017,True,10,logical,0.0,0.05813303589820862,0.0,0.034769196063280106,0.0,0.021452680230140686,0.0,0.02373279072344303,0.0,0.0,0.0,0.01826414279639721,0.0,0.036440905183553696,0.0,0.032359033823013306,0.0,0.0
refadv:7,refadv:7,the ski pole held by the left hand of the person in the air,False,3,coco_val2017,True,14,relational,0.0,0.021662764251232147,0.0,0.041675373911857605,0.0,0.05403329059481621,0.0,0.03547638654708862,0.0,0.035598453134298325,0.0,0.033183809369802475,0.0,0.061525728553533554,0.0,0.03673189878463745,0.0,0.0
refadv:8,refadv:8,the shoes worn by the person crossing feet,False,5,coco_val2017,True,8,relational,0.0,0.048558559268713,0.6666666865348816,0.05283839628100395,0.0,0.030714785680174828,0.0,0.03029339574277401,0.0,0.008566335774958134,0.0,0.02011418342590332,0.0,0.03123023547232151,0.0,0.03131221607327461,0.0,0.0
refadv:9,refadv:9,the man closest to the photo on the window,False,4,coco_val2017,True,9,logical,0.0,0.030987629666924477,0.0,0.03030533529818058,0.0,0.0,0.0,0.006719402503222227,0.0,0.0,0.0,0.005050712265074253,0.0,0.0,0.0,0.005911119282245636,0.0,0.0
refadv:10,refadv:10,the person who is not facing the camera and not holding it,True,5,coco_val2017,True,12,logical,0.0,0.012644338421523571,0.0,0.016303032636642456,0.0,0.010568690486252308,0.0,0.00995549838989973,0.0,0.0068386816419661045,0.0,0.008386955596506596,0.0,0.007619889918714762,0.0,0.00807634275406599,0.0,0.0
refadv:11,refadv:11,the frisbee held by the man who is on the right hand side of the red person,False,4,coco_val2017,True,17,relational,0.0,0.02145112119615078,0.0,0.023557940497994423,0.0,0.024411914870142937,0.0,0.020449308678507805,0.0,0.03530805557966232,0.0,0.03516854718327522,0.0,0.04424339532852173,0.0,0.042417723685503006,0.0,0.0
refadv:12,refadv:12,the rightmost worker that is holding sth,False,5,coco_val2017,True,7,logical,0.0,0.013979987241327763,0.0,0.00806314218789339,0.0,0.007366914767771959,0.0,0.005777794402092695,0.0,0.02228262461721897,0.3333333432674408,0.02330746315419674,0.0,0.008949571289122105,0.0,0.010006395168602467,0.0,0.0
refadv:13,refadv:13,the frisbee that the child in blue looking at,False,3,coco_val2017,True,9,relational,0.0,0.1441970318555832,1.0,0.1330287903547287,0.0,0.11681967973709106,0.0,0.08282137662172318,0.0,0.1496109813451767,0.6666666865348816,0.1475195288658142,0.0,0.10945004969835281,0.0,0.1082739606499672,0.0,0.0
refadv:14,refadv:14,the upside-down glass that are not in pair with others,True,3,coco_val2017,True,11,logical,0.0,0.055386412888765335,0.0,0.06730600446462631,0.0,0.11498308181762695,0.6666666865348816,0.13314937055110931,0.0,0.10373509675264359,0.6666666865348816,0.12782783806324005,0.0,0.14869363605976105,0.3333333432674408,0.15177468955516815,0.0,0.0
refadv:15,refadv:15,motorcycle on the right hand side of the green motor,False,5,coco_val2017,True,10,relational,0.0,0.0689578428864479,0.0,0.05241522565484047,0.0,0.0,0.0,0.031241044402122498,0.0,0.0,0.0,0.02387900836765766,0.0,0.0,0.0,0.023124365136027336,0.0,0.0
refadv:16,refadv:16,the person outside the fence who is not sitting,True,5,coco_val2017,True,9,logical,0.0,0.03262493386864662,0.0,0.030228765681385994,0.0,0.02820233441889286,0.0,0.02355090342462063,0.0,0.0050069307908415794,0.0,0.005356299225240946,0.0,0.044048890471458435,0.0,0.035670626908540726,0.0,0.0
refadv:17,refadv:17,the person on the surfboard which is not pink nor yellow,True,5,coco_val2017,True,11,logical,0.0,0.06408225744962692,0.0,0.14509569108486176,0.0,0.08749843388795853,0.3333333432674408,0.17740027606487274,0.0,0.1339527666568756,0.3333333432674408,0.17983223497867584,0.0,0.23660480976104736,0.3333333432674408,0.24151504039764404,0.0,0.0
refadv:18,refadv:18,"the four people on the loggia, with exact one person on their left or right loggia",False,5,coco_val2017,True,16,logical,0.0,0.004556278232485056,0.0,0.005242826882749796,0.0,0.0,0.0,0.0008062424603849649,0.0,0.0,0.0,0.0009952449472621083,0.0,0.0,0.0,0.0006226346013136208,0.0,0.0
refadv:19,refadv:19,the smaller pot in front of the cooking pan,False,4,coco_val2017,True,9,logical,0.0,0.058489810675382614,0.0,0.04979550465941429,0.0,0.1169145405292511,0.0,0.059402551501989365,0.0,0.12788836658000946,0.0,0.07477974891662598,0.0,0.12403983622789383,0.0,0.06004739925265312,0.0,0.0
refadv:20,refadv:20,the right door of the carbinet on the top of the microwave,False,7,coco_val2017,True,12,unclassified,0.0,0.0,0.0,0.008067506365478039,0.0,0.0,0.0,0.005105812102556229,0.0,0.0,0.0,0.0033753132447600365,0.0,0.0,0.0,0.0024869844783097506,0.0,0.0
refadv:21,refadv:21,plate with no tableware in it and have the least amount,True,3,coco_val2017,True,11,logical,0.0,0.2731914222240448,0.0,0.21632695198059082,0.0,0.3699318468570709,1.0,0.3981485366821289,0.0,0.22200463712215424,0.6666666865348816,0.2964929938316345,0.0,0.35060015320777893,1.0,0.38586869835853577,0.0,0.0
refadv:22,refadv:22,person holding up a frisbee and not wearing a bag,True,4,coco_val2017,True,10,logical,0.0,0.24638962745666504,0.0,0.2822425067424774,0.0,0.026449093595147133,0.0,0.08320707082748413,0.0,0.068937748670578,0.0,0.140531525015831,0.0,0.01372081134468317,0.0,0.09491024166345596,0.0,0.0
refadv:23,refadv:23,the person partially obscured by the person in red shorts,False,5,coco_val2017,True,10,unclassified,0.0,0.02803477831184864,0.6666666865348816,0.054817523807287216,0.0,0.1258615106344223,1.0,0.14789550006389618,0.0,0.11040481925010681,0.6666666865348816,0.12820367515087128,0.0,0.12638723850250244,0.6666666865348816,0.1460379809141159,0.0,0.0
refadv:24,refadv:24,the second car behind the car with two open doors and in front of the blue car,False,5,coco_val2017,True,17,logical,0.0,0.05888628959655762,0.3333333432674408,0.04830780252814293,0.0,0.0,0.0,0.02779250405728817,0.0,0.0,0.0,0.026175031438469887,0.0,0.0,0.0,0.01648266799747944,0.0,0.0
refadv:25,refadv:25,the suitcase owned by a person holding food in hand,False,3,coco_val2017,True,10,relational,0.0,0.2931312322616577,0.3333333432674408,0.28929397463798523,1.0,0.5010483860969543,0.0,0.4128950536251068,1.0,0.5010483860969543,0.3333333432674408,0.41747626662254333,1.0,0.5010483860969543,0.0,0.41039371490478516,0.0,0.0
refadv:26,refadv:26,the bus right next to the bus with clearly different color from others,False,5,coco_val2017,True,13,relational,0.0,0.04513069987297058,0.0,0.08122105896472931,0.0,0.14330872893333435,0.3333333432674408,0.15184617042541504,0.0,0.22112959623336792,0.6666666865348816,0.21201656758785248,0.0,0.11341900378465652,0.0,0.12129149585962296,0.0,0.0
refadv:27,refadv:27,"the elephant ride by three persons, where two passengers are wearing blue and red top separately",False,5,coco_val2017,True,16,logical,0.0,0.02788488008081913,0.0,0.03635565936565399,0.0,0.0,0.0,0.012737967073917389,0.0,0.0,0.0,0.016220463439822197,0.0,0.0,0.0,0.015605747699737549,0.0,0.0
refadv:28,refadv:28,horse at left rear of the horse ride by a man wearing shirt,False,4,coco_val2017,True,13,absolute,0.0,0.0,0.0,0.012860305607318878,0.0,0.0,0.0,0.0005326581303961575,0.0,0.0,0.0,0.00047196540981531143,0.0,0.0,0.0,0.0005087837344035506,0.0,0.0
refadv:29,refadv:29,"the doll wearing a bow tie, and not in front of a book named monk",True,3,coco_val2017,True,15,logical,0.0,0.29854676127433777,0.3333333432674408,0.3211703896522522,0.0,0.2640962302684784,0.3333333432674408,0.31459105014801025,0.3333333432674408,0.3923838436603546,0.6666666865348816,0.3918544054031372,0.0,0.21896351873874664,0.3333333432674408,0.28339317440986633,-0.3333333432674408,-0.3333333432674408
refadv:30,refadv:30,the stack of chips that is neither red nor green,True,3,coco_val2017,True,10,logical,0.0,0.019280338659882545,0.0,0.008538600988686085,0.0,0.0,0.0,0.0014267506776377559,0.0,0.0,0.0,0.0010988363064825535,0.0,0.0,0.0,0.001354354084469378,0.0,0.0
refadv:31,refadv:31,"the surfboard that is neither yellow, blue, nor green",True,10,coco_val2017,True,9,logical,0.0,0.11727452278137207,0.0,0.09431815147399902,0.0,0.08887272328138351,0.6666666865348816,0.0978163480758667,0.0,0.15073838829994202,0.6666666865348816,0.15673299133777618,0.0,0.15533627569675446,0.6666666865348816,0.15770171582698822,0.0,0.0
refadv:32,refadv:32,the cake with a pair of white swan-like figures on it that is noticeably further apart from each other compared to other pairs,False,5,coco_val2017,True,24,logical,0.0,0.39184677600860596,1.0,0.34448686242103577,0.0,0.3305836021900177,0.6666666865348816,0.33106938004493713,0.0,0.33414146304130554,0.6666666865348816,0.3258441388607025,0.0,0.28523847460746765,0.3333333432674408,0.28403928875923157,0.0,0.0
refadv:33,refadv:33,the left cow among the two cows of the same color,False,5,coco_val2017,True,11,logical,0.0,0.013390769250690937,0.0,0.01965746469795704,0.0,0.008533641695976257,0.0,0.018240956589579582,0.0,0.0,0.0,0.010463853366672993,0.0,0.012258131988346577,0.0,0.021387455984950066,0.0,0.0
refadv:34,refadv:34,man sitting next to number 25 with his mouth open,False,5,coco_val2017,True,10,relational,0.0,0.10341233015060425,0.0,0.08498644828796387,0.0,0.0,0.0,0.03056292235851288,0.0,0.0,0.0,0.038096461445093155,0.0,0.0,0.0,0.04358527064323425,0.0,0.0
refadv:35,refadv:35,"keyboard not attached, but closer to monitor that is on",True,3,coco_val2017,True,10,logical,0.0,0.012819173745810986,0.0,0.01043857354670763,0.0,0.0,0.0,0.0019298992119729519,0.0,0.0016886937664821744,0.0,0.0031987165566533804,0.0,0.0,0.0,0.0011667590588331223,0.0,0.0
refadv:36,refadv:36,cow sticking out its tongue close to the camera and doesn't have brown skin,True,5,coco_val2017,True,14,logical,0.0,0.13970094919204712,0.0,0.14699141681194305,0.0,0.1759578436613083,0.0,0.238573357462883,0.0,0.12874867022037506,0.0,0.18580426275730133,0.0,0.14486443996429443,0.0,0.22022366523742676,0.0,0.0
refadv:37,refadv:37,the slice of watermelon behind the one that is being held,False,4,coco_val2017,True,11,relational,0.0,0.021016018465161324,0.0,0.024766162037849426,0.0,0.0023956664372235537,0.0,0.005730480421334505,0.0,0.001401190529577434,0.0,0.007038460578769445,0.0,0.008547118864953518,0.0,0.01068349089473486,0.0,0.0
refadv:38,refadv:38,the highest decoration on left wall that is not a mirror,True,5,coco_val2017,True,11,logical,0.0,0.007787346839904785,0.0,0.014060866087675095,0.0,0.010660259984433651,0.0,0.014293521642684937,0.0,0.012849420309066772,0.0,0.010964256711304188,0.0,0.0,0.0,0.005297743249684572,0.0,0.0
refadv:39,refadv:39,he kite on the left of english-flag kite,False,5,coco_val2017,True,9,relational,0.0,0.06789455562829971,1.0,0.11752575635910034,0.0,0.14274032413959503,0.6666666865348816,0.17617984116077423,0.0,0.21825015544891357,0.6666666865348816,0.2560206651687622,0.0,0.11196544021368027,0.6666666865348816,0.11838871240615845,0.0,0.0
refadv:40,refadv:40,the person not on the same side of the sofa as man with hat,True,4,coco_val2017,True,14,logical,0.0,0.017360493540763855,0.0,0.04480576887726784,0.0,0.005104942712932825,0.0,0.01719379983842373,0.0,0.0,0.0,0.008713405579328537,0.0,0.0150791360065341,0.0,0.021378615871071815,0.0,0.0
refadv:41,refadv:41,person who is on a two-wheel bicycle but not riding it,True,5,coco_val2017,True,12,logical,0.0,0.035615433007478714,0.0,0.025874823331832886,0.0,0.0,0.0,0.00612930441275239,0.0,0.0,0.0,0.0038601309061050415,0.0,0.0,0.0,0.004839233122766018,0.0,0.0
refadv:42,refadv:42,the cap of the portable stove,False,5,coco_val2017,True,6,direct,0.0,0.018785879015922546,0.0,0.026623660698533058,0.0,0.054045140743255615,0.0,0.033265601843595505,0.0,0.04082572087645531,0.0,0.024236522614955902,0.0,0.05657307431101799,0.0,0.04097037389874458,0.0,0.0
refadv:43,refadv:43,the man being looked at by the woman with a translucent veil,False,5,coco_val2017,True,12,unclassified,0.0,0.049223821610212326,0.0,0.05140063539147377,0.0,0.05261189863085747,0.0,0.0803174301981926,0.0,0.05638505890965462,0.3333333432674408,0.09092629700899124,0.0,0.0,0.0,0.06259448826313019,0.0,0.0
refadv:44,refadv:44,person sitting at 3 o'clock position,False,5,coco_val2017,True,6,logical,0.0,0.0419699102640152,0.0,0.12233682721853256,0.0,0.18224366009235382,0.3333333432674408,0.1742045134305954,0.0,0.15641866624355316,0.3333333432674408,0.20891739428043365,0.0,0.15320166945457458,0.3333333432674408,0.1746809035539627,0.0,0.0
refadv:45,refadv:45,a bowl whose exterior is neither red nor white,True,3,coco_val2017,True,9,logical,0.0,0.01281303633004427,1.0,0.027639240026474,0.0,0.026919374242424965,0.0,0.030881240963935852,0.0,0.03363889083266258,0.6666666865348816,0.042589325457811356,0.0,0.026637447997927666,0.3333333432674408,0.029281923547387123,0.0,0.0
refadv:46,refadv:46,the person wearing sneakers that are not blue,True,5,coco_val2017,True,8,logical,0.0,0.2116468995809555,0.6666666865348816,0.2225683182477951,0.0,0.21838481724262238,0.0,0.19928640127182007,0.0,0.23429594933986664,0.0,0.21092255413532257,0.0,0.25087085366249084,0.3333333432674408,0.2738313376903534,0.0,0.0
refadv:47,refadv:47,the bicycle being ridden by a person holding a dog leash,False,3,coco_val2017,True,11,relational,0.0,0.3624159097671509,1.0,0.3560086190700531,0.0,0.3498033285140991,1.0,0.469300240278244,0.0,0.38875851035118103,1.0,0.5042569637298584,0.0,0.34103038907051086,1.0,0.46339860558509827,0.0,0.0
refadv:48,refadv:48,"the cup mounted on the wall, located in the second row from the top, at the leftmost position",False,12,coco_val2017,True,18,logical,0.0,0.002468060702085495,0.0,0.0005580920842476189,0.0,0.0,0.0,0.00046311761252582073,0.0,0.0,0.0,0.00019954184244852513,0.0,0.0,0.0,0.00044314702972769737,0.0,0.0
refadv:49,refadv:49,the person in the car who is not sitting in the driver's seat,True,6,coco_val2017,True,13,logical,0.0,0.014477867633104324,0.0,0.01479731872677803,0.0,0.02285279892385006,0.0,0.017505774274468422,0.0,0.026751263067126274,0.0,0.019504504278302193,0.0,0.01496842596679926,0.3333333432674408,0.01694633439183235,0.0,0.0
refadv:50,refadv:50,the car to the left of the car with the dog,False,2,coco_val2017,True,11,relational,0.0,0.2737131416797638,1.0,0.48177018761634827,1.0,0.7169055938720703,1.0,0.6245725750923157,1.0,0.6875692009925842,1.0,0.6043651103973389,1.0,0.7169055938720703,1.0,0.6121726036071777,0.0,0.0
refadv:51,refadv:51,"the bicycle in the background, partially occluded by the person wearing a black shirt and white pants and the person wearing a black-and-white patterned shirt and shorts",False,10,coco_val2017,True,29,absolute,0.0,0.028265327215194702,0.0,0.027984777465462685,0.0,0.0,0.0,0.00391375320032239,0.0,0.0,0.0,0.0013276152312755585,0.0,0.0,0.0,0.001712203025817871,0.0,0.0
refadv:52,refadv:52,a red bowl on the top of the left cabinet,False,9,coco_val2017,True,10,unclassified,0.0,0.0009089349769055843,0.0,0.0008474872447550297,0.0,0.0009991902625188231,0.0,0.0010176185751333833,0.0,0.0,0.0,0.0004095629265066236,0.0,0.0006179041811265051,0.0,0.0008715127478353679,0.0,0.0
refadv:53,refadv:53,the chair not next to the refrigerator and closer to the fruit,True,2,coco_val2017,True,12,logical,0.0,0.04364295303821564,0.0,0.046080004423856735,0.0,0.12598812580108643,0.0,0.1102336049079895,0.0,0.12211156636476517,0.0,0.11771294474601746,0.0,0.12430829554796219,0.0,0.08518008142709732,0.0,0.0
refadv:54,refadv:54,the plant located between a yellow bottle and a blue bottle,False,3,coco_val2017,True,11,relational,0.0,0.016443684697151184,0.0,0.02068500407040119,0.0,0.03468489646911621,0.3333333432674408,0.04622751101851463,0.0,0.03267442062497139,0.0,0.0333755724132061,0.0,0.027836039662361145,0.0,0.04620930552482605,0.0,0.0
refadv:55,refadv:55,the plant that is neither hanging nor placed on a kitchen table,True,4,coco_val2017,True,12,logical,0.0,0.06142903491854668,0.0,0.04433135688304901,0.0,0.09232315421104431,0.0,0.0961511954665184,0.0,0.05624598264694214,0.0,0.08074229210615158,0.0,0.047858309000730515,0.0,0.08391007035970688,0.0,0.0
refadv:56,refadv:56,"the reddish cup at the center of a shelf level on the left wall, not the one on the level with many green glasses",True,7,coco_val2017,True,24,logical,0.0,0.0023707265499979258,0.0,0.0017014154000207782,0.0,0.0,0.0,0.0016380281886085868,0.0,0.0020249460358172655,0.0,0.002669215202331543,0.0,0.0,0.0,0.001765763503499329,0.0,0.0
refadv:57,refadv:57,the person in a figure which is on the left of monitor and has a non-white background,True,5,coco_val2017,True,18,relational,0.0,0.0020762511994689703,0.0,0.0029165763407945633,0.0,0.0,0.0,0.0008899643435142934,0.0,0.0,0.0,0.0006345399306155741,0.0,0.002041993895545602,0.0,0.0028537558391690254,0.0,0.0
refadv:58,refadv:58,a display screen that is not showing any content with red color,True,4,coco_val2017,True,12,logical,0.0,0.05403721705079079,0.6666666865348816,0.06045619770884514,0.0,0.0,0.0,0.028992729261517525,0.0,0.06966813653707504,0.3333333432674408,0.06922092288732529,0.0,0.04063495993614197,0.0,0.04620325192809105,0.0,0.0
refadv:59,refadv:59,the third chair from the left at the dining table,False,7,coco_val2017,True,10,logical,0.0,0.0,0.0,0.02534911036491394,0.0,0.0,0.0,0.025426343083381653,0.0,0.0,0.0,0.022013971582055092,0.0,0.0033238723408430815,0.0,0.03338715806603432,0.0,0.0
refadv:60,refadv:60,the second bicycle that is laying on top of the motorcycle,False,2,coco_val2017,True,11,logical,0.0,0.16663551330566406,0.6666666865348816,0.15889857709407806,0.0,0.16435809433460236,0.6666666865348816,0.13257433474063873,0.0,0.24134314060211182,1.0,0.19577042758464813,0.0,0.1996215432882309,1.0,0.1625557690858841,0.0,0.0
refadv:61,refadv:61,the car whose license plate number begins with a digit other than one,True,2,coco_val2017,True,13,relational,0.0,0.2217450886964798,0.3333333432674408,0.2537635862827301,0.0,0.03338010609149933,0.0,0.15220601856708527,0.0,0.13094457983970642,0.0,0.19539999961853027,0.0,0.031863827258348465,0.0,0.1284930258989334,0.0,0.0
refadv:62,refadv:62,the cup second to the left of the red tube,False,2,coco_val2017,True,10,logical,0.0,0.0,0.0,0.014016139321029186,0.0,0.051388323307037354,0.6666666865348816,0.11023515462875366,0.0,0.05095105245709419,0.3333333432674408,0.1051378846168518,0.0,0.03780554234981537,1.0,0.08660179376602173,0.0,0.0
refadv:63,refadv:63,the silver car facing the horse,False,3,coco_val2017,True,6,relational,0.0,0.0999133512377739,0.6666666865348816,0.09847643226385117,0.0,0.05080699548125267,0.3333333432674408,0.07584912329912186,0.0,0.05915522202849388,0.0,0.07181616872549057,0.0,0.03552046790719032,0.0,0.049705374985933304,0.0,0.0
refadv:64,refadv:64,the rider wearing neither a red nor a black helmet,True,5,coco_val2017,True,10,logical,0.0,0.05473654344677925,0.0,0.07394079118967056,0.0,0.043095797300338745,0.0,0.043386731296777725,0.0,0.0269818976521492,0.0,0.03956723213195801,0.0,0.026175223290920258,0.0,0.03950020298361778,0.0,0.0
refadv:65,refadv:65,the traffic light without an arrow on it and farther from the cow,True,3,coco_val2017,True,13,logical,0.0,0.01652047038078308,0.0,0.018077092245221138,0.0,0.00648888573050499,0.0,0.01442968100309372,0.0,0.01238787081092596,0.0,0.018678413704037666,0.0,0.005407404154539108,0.0,0.011907604523003101,0.0,0.0
refadv:66,refadv:66,the cow that is the second closest to the white cow,False,3,coco_val2017,True,11,logical,0.0,0.28030577301979065,0.3333333432674408,0.21193014085292816,0.0,0.27881595492362976,0.3333333432674408,0.17832453548908234,0.0,0.2933965027332306,0.0,0.17013759911060333,0.0,0.29994186758995056,0.6666666865348816,0.18828988075256348,0.0,0.0
refadv:67,refadv:67,the pump bottle with a white top and light green body,False,2,coco_val2017,True,11,unclassified,0.0,0.0,0.0,0.0037613892927765846,0.0,0.0,0.0,0.00039460579864680767,0.0,0.0,0.0,8.544460433768108e-05,0.0,0.0,0.0,4.361080937087536e-05,0.0,0.0
refadv:68,refadv:68,the bottle whose cap is not foil-wrapped and that is on the upper shelf,True,4,coco_val2017,True,15,logical,0.0,0.04066914692521095,0.3333333432674408,0.06001752242445946,0.0,0.07592397928237915,0.3333333432674408,0.0990023985505104,0.0,0.05946683883666992,0.3333333432674408,0.07833903282880783,0.0,0.03635304793715477,0.0,0.05912714824080467,0.0,0.0
refadv:69,refadv:69,the spinning chair that is closest to the wine bottle,False,2,coco_val2017,True,10,logical,0.0,0.30324122309684753,0.6666666865348816,0.3353281021118164,0.0,0.3785897195339203,0.6666666865348816,0.315428763628006,0.0,0.38078489899635315,0.0,0.2931920289993286,0.3333333432674408,0.45209458470344543,0.6666666865348816,0.38167181611061096,0.0,0.3333333432674408
refadv:70,refadv:70,the bottle on the sink whose cap is not blue or green,True,2,coco_val2017,True,12,logical,0.0,0.010775747708976269,0.0,0.013652447611093521,0.0,0.019431857392191887,0.3333333432674408,0.03322987258434296,0.0,0.003701994428411126,0.3333333432674408,0.012155760079622269,0.0,0.02132141776382923,0.0,0.037168994545936584,0.0,0.0
refadv:71,refadv:71,the bottle that is neither green nor has a blue cap,True,2,coco_val2017,True,11,logical,0.0,0.006642347667366266,0.0,0.02072419412434101,0.0,0.021616792306303978,0.0,0.02296069823205471,0.0,0.022228887304663658,0.0,0.02170267142355442,0.0,0.02357410080730915,0.0,0.023182475939393044,0.0,0.0
refadv:72,refadv:72,the chair facing the stove that is closer to the sink,False,5,coco_val2017,True,11,relational,0.0,0.17045444250106812,0.6666666865348816,0.18570703268051147,0.6666666865348816,0.5301482677459717,1.0,0.4627954959869385,0.3333333432674408,0.47683119773864746,1.0,0.4304784834384918,0.6666666865348816,0.5386521220207214,1.0,0.47223833203315735,0.3333333432674408,0.3333333432674408
refadv:73,refadv:73,a transparent spray bottle that is not completely empty,True,5,coco_val2017,True,9,logical,0.0,0.005602002143859863,0.0,0.008146574720740318,0.0,0.013997708447277546,0.0,0.008577913977205753,0.0,0.0,0.0,0.004574868828058243,0.0,0.007698740344494581,0.0,0.00714405020698905,0.0,0.0
refadv:74,refadv:74,the white ceramic bowl that is on the shelf of the left wall,False,3,coco_val2017,True,13,unclassified,0.0,0.0022380976006388664,0.0,0.0014909164747223258,0.0,0.002650035312399268,0.0,0.0018907826161012053,0.0,0.0018337360816076398,0.0,0.000971161003690213,0.0,0.000545090704690665,0.0,0.0014483513077721,0.0,0.0
refadv:75,refadv:75,the tall bottle that is closest to the stove,False,2,coco_val2017,True,9,logical,0.0,0.015529930591583252,0.0,0.013654996640980244,0.0,0.061793502420186996,0.0,0.04288525506854057,0.0,0.06049540266394615,0.0,0.0518031008541584,0.0,0.05632220581173897,0.3333333432674408,0.05101896449923515,0.0,0.0
refadv:76,refadv:76,the woman with her back to the other two,False,2,coco_val2017,True,9,logical,0.0,0.23472881317138672,1.0,0.2316904217004776,0.0,0.3409511148929596,1.0,0.3545069694519043,0.0,0.3442355692386627,1.0,0.3783017098903656,0.0,0.3409511148929596,1.0,0.382181316614151,0.0,0.0
refadv:77,refadv:77,the spoon inside the glass cup filled with water,False,2,coco_val2017,True,9,relational,0.0,0.050381194800138474,0.0,0.06233241781592369,0.0,0.11302796751260757,0.0,0.11506253480911255,0.0,0.12694375216960907,0.0,0.12655282020568848,0.0,0.1400161236524582,1.0,0.16220270097255707,0.0,0.0
refadv:78,refadv:78,the reflection in the mirror of a cup not containing a toothbrush,True,3,coco_val2017,True,12,logical,0.0,0.14982107281684875,0.0,0.1323249191045761,0.6666666865348816,0.5560296773910522,1.0,0.4588373899459839,1.0,0.5660037994384766,1.0,0.4090564548969269,1.0,0.5914518237113953,1.0,0.4500037133693695,-0.3333333134651184,0.0
refadv:79,refadv:79,the person who is neither facing the camera nor wearing a brown jacket,True,4,coco_val2017,True,13,logical,0.0,0.33086368441581726,0.0,0.21400140225887299,0.0,0.03744934871792793,0.0,0.1332845836877823,0.0,0.10356307029724121,0.0,0.17076168954372406,0.0,0.03428331017494202,0.0,0.10022791475057602,0.0,0.0
refadv:80,refadv:80,a white plastic bottle without a label,True,5,coco_val2017,True,7,logical,0.0,0.036086272448301315,1.0,0.07420942187309265,0.0,0.02660159207880497,0.0,0.04987573251128197,0.0,0.008261888287961483,0.0,0.02223597653210163,0.0,0.03372487798333168,0.3333333432674408,0.06899672746658325,0.0,0.0
refadv:81,refadv:81,the bowl on the refrigerator with at least two fridge magnets,False,6,coco_val2017,True,11,logical,0.0,0.0,0.0,0.0038029178977012634,0.0,0.0,0.0,0.0009142155759036541,0.0,0.0,0.0,0.0015709083527326584,0.0,0.0,0.0,0.0013845948269590735,0.0,0.0
refadv:82,refadv:82,person wearing shorts with glass on,False,5,coco_val2017,True,6,direct,0.0,0.09694593399763107,0.0,0.11051817983388901,0.0,0.20785439014434814,0.6666666865348816,0.23183266818523407,0.0,0.19409358501434326,0.3333333432674408,0.22127731144428253,0.0,0.20905208587646484,0.3333333432674408,0.2552337646484375,0.0,0.0
refadv:83,refadv:83,a bowl on the left metal open cabinet that is not stacked,True,4,coco_val2017,True,12,logical,0.0,0.001965573988854885,0.0,0.003757273079827428,0.0,0.0,0.0,0.0001992931356653571,0.0,0.0,0.0,1.2422839063219726e-05,0.0,0.0,0.0,0.00010366312199039385,0.0,0.0
refadv:84,refadv:84,the second bottle from the right on the kitchen countertop,False,3,coco_val2017,True,10,logical,0.0,0.006320320535451174,0.0,0.012224582023918629,0.0,0.0,0.0,0.00611913064494729,0.0,0.0,0.0,0.004346615169197321,0.0,0.0,0.0,0.0048627243377268314,0.0,0.0
refadv:85,refadv:85,the plant that is not on the windowsill and is located on the right side,True,8,coco_val2017,True,15,logical,0.0,0.008198977448046207,1.0,0.030795181170105934,0.0,0.01634017750620842,1.0,0.03885871171951294,0.0,0.003814039984717965,0.3333333432674408,0.01849839836359024,0.0,0.008497604168951511,0.6666666865348816,0.02726355940103531,0.0,0.0
refadv:86,refadv:86,a black chair that doesn't have any object on it and has a backrest,True,3,coco_val2017,True,14,logical,0.0,0.10250379890203476,0.0,0.11208489537239075,0.0,0.13959644734859467,0.3333333432674408,0.16534799337387085,0.0,0.09789038449525833,0.0,0.10376542806625366,0.0,0.13297797739505768,0.3333333432674408,0.15397274494171143,0.0,0.0
refadv:87,refadv:87,a stack of books that is not placed on the chair,True,2,coco_val2017,True,11,logical,0.0,0.003004238707944751,0.0,0.006295511033385992,0.0,0.005940381437540054,0.0,0.007904673926532269,0.0,0.00819790456444025,0.0,0.009116225875914097,0.0,0.003493817523121834,0.0,0.005832860711961985,0.0,0.0
refadv:88,refadv:88,the chair on the left side of the table near the refrigerator,False,3,coco_val2017,True,12,relational,0.0,0.0973420962691307,0.0,0.12051057815551758,0.0,0.34367266297340393,1.0,0.30660319328308105,0.0,0.3878484070301056,1.0,0.3456622064113617,0.0,0.34367266297340393,0.6666666865348816,0.28937581181526184,0.0,0.0
refadv:89,refadv:89,the white chair farthest from the microwave,False,2,coco_val2017,True,7,logical,0.0,0.15985088050365448,1.0,0.24384795129299164,0.0,0.3797350227832794,1.0,0.4072796106338501,0.0,0.36509886384010315,1.0,0.39044511318206787,0.0,0.37031733989715576,1.0,0.37202635407447815,0.0,0.0
refadv:90,refadv:90,the upper built-in appliance in the cabinet,False,3,coco_val2017,True,8,direct,0.0,0.008963202126324177,0.0,0.008151557296514511,0.0,0.0030806418508291245,0.0,0.0024068360216915607,0.0,0.0,0.0,0.0007454886217601597,0.0,0.0,0.0,0.000121409168059472,0.0,0.0
refadv:91,refadv:91,the middle chair with green mat,False,4,coco_val2017,True,6,absolute,0.0,0.0,0.0,0.005430178716778755,0.0,0.005067524965852499,0.0,0.006114643532782793,0.0,0.003179635852575302,0.0,0.0036615722347050905,0.0,0.0069494969211518764,0.0,0.006363028660416603,0.0,0.0
refadv:92,refadv:92,the middle chair at the dining table not on the sofa side,True,5,coco_val2017,True,12,logical,0.0,0.009147870354354382,0.0,0.020961754024028778,0.0,0.012488387525081635,0.0,0.013012607581913471,0.0,0.00835439469665289,0.0,0.006694374140352011,0.0,0.01762029528617859,0.0,0.015285596251487732,0.0,0.0
refadv:93,refadv:93,the car next to the car with its door open,False,2,coco_val2017,True,10,relational,0.0,0.049011413007974625,0.0,0.0417192280292511,0.0,0.09707769751548767,0.0,0.07058060169219971,0.0,0.08336881548166275,0.0,0.06362760812044144,0.0,0.07973259687423706,0.0,0.06465181708335876,0.0,0.0
refadv:94,refadv:94,a bicycle that is not placed on the ground,True,6,coco_val2017,True,9,logical,0.0,0.0,0.0,0.010939616709947586,0.0,0.0,0.0,0.004423435311764479,0.0,0.0,0.0,0.005050648003816605,0.0,0.0,0.0,0.0043578557670116425,0.0,0.0
refadv:95,refadv:95,"a person on the foreground who is neither standing, sitting, walking, nor skateboarding",True,13,coco_val2017,True,13,logical,0.0,0.04094972461462021,0.0,0.08294256776571274,0.0,0.049357373267412186,0.0,0.03487248346209526,0.0,0.05472120642662048,0.0,0.03992993012070656,0.0,0.09429726004600525,0.0,0.05553591251373291,0.0,0.0
refadv:96,refadv:96,a person who is not on the sidewalk and is carrying a bag that is not blue,True,10,coco_val2017,True,17,logical,0.0,0.19256217777729034,0.0,0.2073379009962082,0.0,0.46021902561187744,1.0,0.4719620645046234,0.0,0.46021902561187744,1.0,0.5098800659179688,0.0,0.45104750990867615,1.0,0.49143528938293457,0.0,0.0
refadv:97,refadv:97,a vehicle that has a backrest and does not have four wheels,True,6,coco_val2017,True,12,logical,0.0,0.021646635606884956,0.0,0.011012873612344265,0.0,0.015616841614246368,0.0,0.018576936796307564,0.0,0.007336180657148361,0.0,0.014817037619650364,0.0,0.01717556081712246,0.0,0.011497984640300274,0.0,0.0
refadv:98,refadv:98,a boat with a red top and a white hull,False,12,coco_val2017,True,10,unclassified,0.0,0.014886642806231976,0.0,0.009087178856134415,0.0,0.020482132211327553,0.0,0.013496235013008118,0.0,0.0274520143866539,0.0,0.018382038921117783,0.0,0.021461769938468933,0.0,0.012073279358446598,0.0,0.0
refadv:99,refadv:99,a person next to a bicycle lying on the ground who is not making a phone call,True,2,coco_val2017,True,17,logical,0.0,0.06499488651752472,0.6666666865348816,0.1244867667555809,0.0,0.2080221325159073,1.0,0.23817980289459229,0.0,0.2080221176147461,1.0,0.23526914417743683,0.0,0.24822504818439484,1.0,0.26802632212638855,0.0,0.0
refadv:100,refadv:100,the bus driving toward the camera without green nor red on its body,True,13,coco_val2017,True,13,logical,0.0,0.05288553237915039,0.0,0.039940983057022095,0.0,0.0,0.0,0.0011240049498155713,0.0,0.0,0.0,0.0011806893162429333,0.0,0.0,0.0,0.000880606472492218,0.0,0.0
refadv:101,refadv:101,"a man holding a plate, not standing on the sidewalk",True,13,coco_val2017,True,10,logical,0.0,0.025228017941117287,0.0,0.02617526985704899,0.0,0.07613799721002579,0.0,0.05648026987910271,0.0,0.06449318677186966,0.0,0.04372600093483925,0.0,0.08356162905693054,0.0,0.045921582728624344,0.0,0.0
refadv:102,refadv:102,the adult wearing a backpack to the left of the red-shirted person leaning against the railing,False,13,coco_val2017,True,17,relational,0.0,0.09977971762418747,0.0,0.1054607704281807,0.0,0.17719793319702148,0.0,0.14609916508197784,0.0,0.2534511387348175,0.0,0.20748619735240936,0.0,0.2698216140270233,0.0,0.22748331725597382,0.0,0.0
refadv:103,refadv:103,"the black motorcycle farther from the camera, between the red motorcycle and the green bicycle",False,5,coco_val2017,True,15,logical,0.0,0.25268152356147766,0.6666666865348816,0.306803435087204,0.3333333432674408,0.4436361789703369,0.6666666865348816,0.3875437080860138,0.0,0.39127472043037415,1.0,0.35072270035743713,0.3333333432674408,0.40966796875,0.6666666865348816,0.3618917167186737,0.3333333432674408,0.3333333432674408
refadv:104,refadv:104,the third person from the back of the boat,False,5,coco_val2017,True,9,logical,0.0,0.0,0.0,0.0020235946867614985,0.0,0.0,0.0,5.36119332537055e-05,0.0,0.0,0.0,4.310322037781589e-05,0.0,0.0,0.0,3.829878187389113e-05,0.0,0.0
refadv:105,refadv:105,the motorcycle closer to the red motorcycle,False,4,coco_val2017,True,7,direct,0.0,0.1057949885725975,0.0,0.10343871265649796,0.0,0.13429193198680878,0.0,0.13784193992614746,0.0,0.15408843755722046,0.0,0.12224908918142319,0.0,0.12572504580020905,0.6666666865348816,0.15005868673324585,0.0,0.0
refadv:106,refadv:106,The traffic light above the '24 hour' sign with three signals,False,6,coco_val2017,True,11,logical,0.0,0.020473770797252655,0.0,0.051935017108917236,0.0,0.07714366912841797,0.0,0.09524649381637573,0.0,0.07714366912841797,0.0,0.08929029852151871,0.0,0.07714366912841797,0.0,0.08778131008148193,0.0,0.0
refadv:107,refadv:107,the person wearing a red shirt and not wearing a hat,True,13,coco_val2017,True,11,logical,0.0,0.0,0.0,0.01600341685116291,0.0,0.0,0.0,0.019371574744582176,0.0,0.0,0.0,0.016415970399975777,0.0,0.0,0.0,0.021822303533554077,0.0,0.0
refadv:108,refadv:108,the guy in front of the motorcycle with a black box in the back,False,2,coco_val2017,True,14,relational,0.0,0.04068091884255409,0.0,0.03713579103350639,0.0,0.0,0.0,0.022409170866012573,0.0,0.0,0.0,0.017433568835258484,0.0,0.0,0.0,0.010338371619582176,0.0,0.0
refadv:109,refadv:109,the motorcycle being leaned on by the person in the striped shirt,False,5,coco_val2017,True,12,unclassified,0.0,0.02559817023575306,0.0,0.0337822251021862,0.0,0.0,0.0,0.017809666693210602,0.0,0.0,0.0,0.011743977665901184,0.0,0.0,0.0,0.00914212130010128,0.0,0.0
refadv:110,refadv:110,a person riding a red motorcycle and wearing an orange jacket,False,4,coco_val2017,True,11,relational,0.0,0.08330550044775009,0.0,0.09214191883802414,0.0,0.0,0.0,0.03166332468390465,0.0,0.0,0.0,0.03449474275112152,0.0,0.0,0.0,0.03873395547270775,0.0,0.0
refadv:111,refadv:111,"the person sitting on the right side of the boat, not wearing a hat, and not in the first row",True,10,coco_val2017,True,20,logical,0.0,0.07001233845949173,0.0,0.09244447946548462,0.0,0.20275814831256866,0.0,0.1554524451494217,0.0,0.1805642694234848,0.0,0.1480162888765335,0.0,0.17567993700504303,0.0,0.14528295397758484,0.0,0.0
refadv:112,refadv:112,"the man between the person wearing a yellow coat, and a person wearing a dark sleeveless shirt with no glass",True,13,coco_val2017,True,20,logical,0.0,0.03131941333413124,0.0,0.02715419977903366,0.0,0.1004159078001976,0.0,0.09714547544717789,0.0,0.1034352257847786,0.0,0.06956899166107178,0.0,0.103435218334198,0.0,0.10156649351119995,0.0,0.0
refadv:113,refadv:113,"the white car next to the 'tirrenia', and side by side with the red car",False,11,coco_val2017,True,15,relational,0.0,0.004311154130846262,0.0,0.00971151515841484,0.0,0.0,0.0,0.0008945784065872431,0.0,0.0,0.0,0.0010035171872004867,0.0,0.0,0.0,0.0005864129052497447,0.0,0.0
refadv:114,refadv:114,the man seen in reflection wearing glass,False,2,coco_val2017,True,7,direct,0.0,0.2405373603105545,1.0,0.28037694096565247,0.0,0.31826743483543396,1.0,0.43587812781333923,0.0,0.23942536115646362,1.0,0.3118324875831604,0.0,0.25368860363960266,0.6666666865348816,0.34875860810279846,0.0,0.0
refadv:115,refadv:115,the yellow taxi that is not on the slope next to a bus,True,13,coco_val2017,True,13,logical,0.0,0.025819681584835052,0.3333333432674408,0.025106528773903847,0.0,0.0,0.0,0.006828138139098883,0.0,0.0,0.0,0.004631200339645147,0.0,0.0,0.0,0.005466515198349953,0.0,0.0
refadv:116,refadv:116,"the person not inside the bus, but close to the door",True,3,coco_val2017,True,11,logical,0.0,0.11385896056890488,0.3333333432674408,0.1217806339263916,0.0,0.27703431248664856,0.6666666865348816,0.367864727973938,0.0,0.2918200194835663,0.6666666865348816,0.3541445732116699,0.0,0.3227010667324066,1.0,0.40362682938575745,0.0,0.0
refadv:117,refadv:117,"the person with dark color cloth, not riding bike",True,2,coco_val2017,True,9,logical,0.0,0.0,0.0,0.018488319590687752,0.0,0.0,0.0,0.002082713646814227,0.0,0.0,0.0,0.0016531040892004967,0.0,0.0,0.0,0.002056438708677888,0.0,0.0
refadv:118,refadv:118,"the red-shirt person, with no hat on",True,3,coco_val2017,True,8,logical,0.0,0.014632306061685085,0.0,0.044828642159700394,0.0,0.07160226255655289,0.0,0.06660071760416031,0.0,0.027661221101880074,0.0,0.05939406156539917,0.0,0.08320672065019608,0.0,0.06673925369977951,0.0,0.0
refadv:119,refadv:119,the bag carried by the person with a purple umbrella and pulling a small suitcase,False,10,coco_val2017,True,15,relational,0.0,0.01116268802434206,0.0,0.008172689937055111,0.0,0.019623497501015663,0.3333333432674408,0.020287541672587395,0.0,0.026650680229067802,0.0,0.028105100616812706,0.0,0.022989293560385704,0.0,0.023308778181672096,0.0,0.0
refadv:120,refadv:120,the person on the second row alone,False,9,coco_val2017,True,7,logical,0.0,0.04289081692695618,0.3333333432674408,0.15798319876194,0.0,0.028946472331881523,0.0,0.16727013885974884,0.0,0.0,0.0,0.08679089695215225,0.0,0.0,0.0,0.1094006672501564,0.0,0.0
refadv:121,refadv:121,"the girl next to the man wearing backpack pointing somewhere, on the stairs",False,13,coco_val2017,True,13,relational,0.0,0.0,0.0,0.003580415854230523,0.0,0.007273662835359573,0.0,0.005613042041659355,0.0,0.0,0.0,0.0030664056539535522,0.0,0.0,0.0,0.004984184633940458,0.0,0.0
refadv:122,refadv:122,"the bed no one sitting on, and not the upper bed",True,2,coco_val2017,True,11,logical,0.0,0.22336727380752563,0.0,0.2119389921426773,0.0,0.2239360213279724,0.3333333432674408,0.11657502502202988,0.0,0.14446108043193817,0.0,0.08869905024766922,0.0,0.17232708632946014,0.0,0.10813581943511963,0.0,0.0
refadv:123,refadv:123,"the cup whose opening is facing right, but not the rightmost one",True,3,coco_val2017,True,12,logical,0.0,0.005692972335964441,0.0,0.009218687191605568,0.0,0.0,0.0,0.0016446037916466594,0.0,0.0,0.0,0.0021760568488389254,0.0,0.0,0.0,0.0015639771008864045,0.0,0.0
refadv:124,refadv:124,"the knife on the knife rack beside the pineapple, third from the left",False,2,coco_val2017,True,13,logical,0.0,0.0006569796241819859,0.0,0.0008041749824769795,0.0,0.0,0.0,0.00013649911852553487,0.0,0.0,0.0,0.00019971180881839246,0.0,0.0,0.0,0.00014808760897722095,0.0,0.0
refadv:125,refadv:125,the biggest bowl on the same cabinet shelf as the small yellow object,False,4,coco_val2017,True,13,logical,0.0,0.016794411465525627,0.3333333432674408,0.03677575662732124,0.0,0.028263090178370476,0.0,0.0258087869733572,0.0,0.02410958707332611,0.0,0.019464615732431412,0.0,0.032710399478673935,0.0,0.020582685247063637,0.0,0.0
refadv:126,refadv:126,a person sitting on a bicycle but not riding it,True,4,coco_val2017,True,10,logical,0.0,0.2143346518278122,0.0,0.16673366725444794,0.0,0.3338826894760132,0.0,0.32920077443122864,0.0,0.29843488335609436,0.0,0.27561864256858826,0.0,0.28164783120155334,0.3333333432674408,0.28901296854019165,0.0,0.0
refadv:127,refadv:127,a car that is driving horizontally in front of the bicycle,False,7,coco_val2017,True,11,relational,0.0,0.010546396486461163,0.0,0.0225683581084013,0.0,0.0,0.0,0.007793566212058067,0.0,0.0,0.0,0.009810390882194042,0.0,0.0,0.0,0.003602040931582451,0.0,0.0
refadv:128,refadv:128,the car that is in front of a black Audi sedan,False,8,coco_val2017,True,11,relational,0.0,0.4550091326236725,0.6666666865348816,0.43340441584587097,1.0,0.6127691864967346,1.0,0.6281843781471252,1.0,0.5487580895423889,1.0,0.5900034308433533,1.0,0.567223072052002,1.0,0.5957319736480713,0.0,0.0
refadv:129,refadv:129,the reflection of the toothbrush that is not white,True,3,coco_val2017,True,9,logical,0.0,0.03583008795976639,0.0,0.0390353687107563,0.0,0.07003872841596603,0.0,0.05934556946158409,0.0,0.0652555376291275,0.3333333432674408,0.06341809779405594,0.0,0.07093111425638199,0.0,0.06160181388258934,0.0,0.0
refadv:130,refadv:130,"the car parked next to a fire hydrant, which is not an sedan",True,13,coco_val2017,True,13,logical,1.0,0.5292133688926697,1.0,0.4986661374568939,0.0,0.0390874445438385,0.0,0.15164731442928314,0.0,0.11622536182403564,0.3333333432674408,0.2171194702386856,0.0,0.04889087378978729,0.0,0.14202375710010529,0.0,0.0
refadv:131,refadv:131,the lower traffic light mounted on the pole struck by a car,False,5,coco_val2017,True,12,unclassified,0.0,0.00416145846247673,0.0,0.0032306108623743057,0.0,0.00789017416536808,0.0,0.013520206324756145,0.0,0.004902371671050787,0.0,0.009628242813050747,0.0,0.011521149426698685,0.0,0.011851617135107517,0.0,0.0
refadv:132,refadv:132,the traffic light on the upper right among traffic lights on the pole next to the black car on the left side,False,9,coco_val2017,True,22,relational,0.0,0.0014795736642554402,0.3333333432674408,0.006667152047157288,0.0,0.0,0.0,2.867932380468119e-05,0.0,0.0,0.0,0.0003298492229077965,0.0,0.0,0.0,0.00020141241839155555,0.0,0.0
refadv:133,refadv:133,"the parked car facing away from the camera, nearest to the silver car driving towards the camera",False,5,coco_val2017,True,17,logical,0.0,0.0004697792464867234,0.0,0.001253903261385858,0.0,0.0,0.0,0.0012359620304778218,0.0,0.0,0.0,0.0012640375643968582,0.0,0.0,0.0,0.0014831493608653545,0.0,0.0
refadv:134,refadv:134,the green traffic light right at the corner of the church,False,5,coco_val2017,True,11,unclassified,0.0,0.000752579013351351,0.0,0.002762722549960017,0.0,0.0014009281294420362,0.0,0.002434771740809083,0.0,0.0006823103758506477,0.0,0.001355644897557795,0.0,0.0012843584408983588,0.0,0.0031832056120038033,0.0,0.0
refadv:135,refadv:135,the sedan in front of the blue truck,False,6,coco_val2017,True,8,relational,0.0,0.035931069403886795,0.3333333432674408,0.133304163813591,0.0,0.06503463536500931,1.0,0.17940570414066315,0.0,0.05891801416873932,1.0,0.155031219124794,0.0,0.07446583360433578,1.0,0.19861944019794464,0.0,0.0
refadv:136,refadv:136,the wagon in front of the red truck,False,6,coco_val2017,True,8,relational,0.0,0.01720372401177883,0.0,0.046038005501031876,0.0,0.0,0.0,0.0028597626369446516,0.0,0.0,0.0,0.001362862647511065,0.0,0.0,0.0,0.003346613608300686,0.0,0.0
refadv:137,refadv:137,the white car partially obscured by the bush,False,2,coco_val2017,True,8,direct,0.0,0.02255173958837986,0.0,0.035921692848205566,0.0,0.01778625138103962,0.0,0.024740450084209442,0.0,0.0,0.0,0.021365085616707802,0.0,0.0,0.0,0.020388225093483925,0.0,0.0
refadv:138,refadv:138,"the person standing on the traffic island waiting for the traffic light, wearing a white jacket",False,11,coco_val2017,True,16,relational,0.0,0.005545737687498331,0.0,0.007625502999871969,0.0,0.002960369223728776,0.0,0.0010960520012304187,0.0,0.0037232532631605864,0.0,0.0015718244249001145,0.0,0.0035674336832016706,0.0,0.0014384224778041244,0.0,0.0
refadv:139,refadv:139,"the person who is neither standing nor lying on the bench, wearing sunglasses and holding a bag",True,10,coco_val2017,True,17,logical,0.0,0.13108627498149872,0.0,0.14761361479759216,0.0,0.2063223272562027,0.0,0.16472329199314117,0.0,0.17201323807239532,0.0,0.13838014006614685,0.0,0.11538098007440567,0.3333333432674408,0.12056160718202591,0.0,0.0
refadv:140,refadv:140,the handbag held by the person sitting on the same bench as the person wearing long blue jeans,False,2,coco_val2017,True,18,logical,0.0,0.012959145940840244,0.0,0.019790511578321457,0.0,0.0,0.0,0.0009521475876681507,0.0,0.0,0.0,0.0019338260171934962,0.0,0.0,0.0,0.0009796918602660298,0.0,0.0
refadv:141,refadv:141,"the person wearing a black hat and plastic gloves, with a hand resting on the table",False,9,coco_val2017,True,16,unclassified,0.0,0.1145351305603981,0.0,0.09741264581680298,0.0,0.11850627511739731,0.0,0.06084085628390312,0.0,0.10332121700048447,0.0,0.06882644444704056,0.0,0.119362972676754,0.0,0.05236971005797386,0.0,0.0
refadv:142,refadv:142,the chair occupied by the person who does not have a laptop on the lap,True,5,coco_val2017,True,15,logical,0.0,0.0,0.0,0.11730661243200302,0.0,0.044972989708185196,0.0,0.1173863634467125,0.0,0.07520737498998642,0.0,0.14154164493083954,0.0,0.190280020236969,0.3333333432674408,0.26412269473075867,0.0,0.0
refadv:143,refadv:143,"the third knife from the top, hanging horizontally on the left-side wall",False,11,coco_val2017,True,13,logical,0.0,0.001675022765994072,0.0,0.0008113131043501198,0.0,0.000830128148663789,0.0,0.000634580384939909,0.0,0.0024750784505158663,0.0,0.0020542130805552006,0.0,0.0005961383576504886,0.0,0.0004203970602247864,0.0,0.0
refadv:144,refadv:144,"the second knife from the top, hanging horizontally on the left-side wall",False,11,coco_val2017,True,13,logical,0.0,0.0013976484769955277,0.0,0.0008093916694633663,0.0,0.0007454410078935325,0.0,0.0005669963429681957,0.0,0.0014050011523067951,0.0,0.0011929856846109033,0.0,0.0,0.0,0.00030045336461625993,0.0,0.0
refadv:145,refadv:145,"the fifth knife from the top, hanging horizontally on the left-side wall",False,11,coco_val2017,True,13,logical,0.0,0.0003526019863784313,0.0,0.0002045207511400804,0.0,9.958976443158463e-05,0.0,0.0001941177761182189,0.0,0.0007113550673238933,0.0,0.0003458097344264388,0.0,0.00011595180694712326,0.0,0.00010266283061355352,0.0,0.0
refadv:146,refadv:146,the chair that is sitted by a person with a laptop on the lap,False,3,coco_val2017,True,14,unclassified,0.0,0.17188231647014618,1.0,0.20413844287395477,0.3333333432674408,0.42858219146728516,1.0,0.405147910118103,0.0,0.3662342131137848,1.0,0.39418813586235046,0.3333333432674408,0.42286059260368347,1.0,0.4062298834323883,0.3333333432674408,0.3333333432674408
refadv:147,refadv:147,one of the two chairs with identical backrest patterns and closer to the corner of the two walls,False,2,coco_val2017,True,18,logical,0.0,0.017607683315873146,0.3333333432674408,0.066172294318676,0.0,0.06326942890882492,0.0,0.07807156443595886,0.0,0.06802170723676682,0.0,0.0782821998000145,0.0,0.0739518404006958,0.0,0.08378612995147705,0.0,0.0
refadv:148,refadv:148,the kite located directly above the kite shaped like a green gecko,False,12,coco_val2017,True,12,relational,0.0,0.0,0.0,0.0056153554469347,0.0,0.0,0.0,0.005300190299749374,0.0,0.0,0.0,0.0020731210242956877,0.0,0.0,0.0,0.006256337743252516,0.0,0.0
refadv:149,refadv:149,"the car behind the one with its wheels turned right, facing towards the camera",False,3,coco_val2017,True,14,relational,0.0,0.0,0.0,0.011952690780162811,0.0,0.0,0.0,0.0014116739621385932,0.0,0.0,0.0,0.0005138384294696152,0.0,0.0,0.0,0.0004630239855032414,0.0,0.0
refadv:150,refadv:150,the middle hotdog in the image on the food cart beneath the halal food sign,False,4,coco_val2017,True,15,relational,0.0,0.006562298629432917,0.0,0.01172978337854147,0.0,0.00998427253216505,0.0,0.013015042059123516,0.0,0.013917520642280579,0.0,0.01626891829073429,0.0,0.01198288332670927,0.0,0.02204267494380474,0.0,0.0
refadv:151,refadv:151,the elephant standing on higher terrain behind the person who is not wearing a hat,True,13,coco_val2017,True,15,logical,0.0,0.00804805289953947,0.0,0.02483656443655491,0.0,0.0,0.0,0.004027973394840956,0.0,0.0,0.0,0.00289263017475605,0.0,0.0,0.0,0.004966378211975098,0.0,0.0
refadv:152,refadv:152,"the person who is not in a tent, facing away from the camera",True,4,coco_val2017,True,13,logical,0.0,0.012030065059661865,0.0,0.024044834077358246,0.0,0.015119227580726147,0.0,0.022232403978705406,0.0,0.01675567217171192,0.0,0.022580377757549286,0.0,0.03609924018383026,0.0,0.020987242460250854,0.0,0.0
refadv:153,refadv:153,the empty plate that is not being used as a lid to cover the pot,True,3,coco_val2017,True,15,logical,0.0,0.001461006817407906,0.0,0.0060750269331038,0.0,0.0,0.0,6.474399560829625e-05,0.0,0.0,0.0,6.138082244433463e-05,0.0,0.0,0.0,3.837793701677583e-05,0.0,0.0
refadv:154,refadv:154,the empty bench next to the bench occupied by a person reading a newspaper,False,3,coco_val2017,True,14,relational,0.0,0.12008654326200485,0.0,0.12411802262067795,0.0,0.1573318988084793,0.3333333432674408,0.13945938646793365,0.0,0.15074750781059265,0.3333333432674408,0.1360151618719101,0.0,0.1668371558189392,0.3333333432674408,0.14990529417991638,0.0,0.0
refadv:155,refadv:155,person sitting without glasses and with white hair,True,4,coco_val2017,True,8,logical,0.0,0.3694005012512207,0.0,0.3237088918685913,0.6666666865348816,0.5044503808021545,1.0,0.6179491877555847,1.0,0.5494192242622375,1.0,0.6413161754608154,1.0,0.5645163059234619,1.0,0.6503390669822693,-0.3333333134651184,0.0
refadv:156,refadv:156,an complete cake without star-shaped decoration,True,2,coco_val2017,True,7,logical,0.0,0.004265595693141222,0.0,0.06718041002750397,0.0,0.0,0.0,0.04567642882466316,0.0,0.0,0.0,0.02697776071727276,0.0,0.0,0.0,0.043759096413850784,0.0,0.0
refadv:157,refadv:157,"the person not holding a spoon, wearing white clothing and no visible hat",True,6,coco_val2017,True,13,logical,0.0,0.152370885014534,0.0,0.14466528594493866,0.0,0.06084245815873146,0.0,0.06306625157594681,0.0,0.11129799485206604,0.0,0.10302392393350601,0.0,0.039158303290605545,0.0,0.07011214643716812,0.0,0.0
refadv:158,refadv:158,the person on the left hand side of the person wearing a hat,False,6,coco_val2017,True,13,relational,0.0,0.14412064850330353,0.0,0.169683039188385,0.0,0.20871882140636444,0.3333333432674408,0.22199219465255737,0.0,0.023899132385849953,0.0,0.09548565745353699,0.0,0.17948193848133087,0.0,0.18012161552906036,0.0,0.0
refadv:159,refadv:159,the person wearing a hat and not facing the camera,True,6,coco_val2017,True,10,logical,0.0,0.0,0.3333333432674408,0.024910375475883484,0.0,0.03156773000955582,0.3333333432674408,0.049956779927015305,0.0,0.02268621139228344,0.0,0.040636368095874786,0.0,0.022349441424012184,0.0,0.031118780374526978,0.0,0.0
refadv:160,refadv:160,the person walking not near an umbrella,True,2,coco_val2017,True,7,logical,0.0,0.10122568160295486,0.0,0.19179129600524902,0.0,0.0,0.0,0.011695888824760914,0.0,0.0,0.0,0.009486714377999306,0.0,0.0,0.0,0.009297414682805538,0.0,0.0
refadv:161,refadv:161,the sink not in the mirror and closest to the paper towel dispenser,True,4,coco_val2017,True,13,logical,0.0,0.18727587163448334,1.0,0.3377206027507782,0.0,0.30545201897621155,1.0,0.3848606050014496,0.0,0.24435411393642426,1.0,0.3658534586429596,0.0,0.27687081694602966,1.0,0.38600167632102966,0.0,0.0
refadv:162,refadv:162,the teddy bear held by a person in the costume,False,5,coco_val2017,True,10,relational,0.0,0.027505502104759216,0.3333333432674408,0.03796547278761864,0.0,0.0629819855093956,0.3333333432674408,0.0750894546508789,0.0,0.06325463205575943,1.0,0.0951940193772316,0.0,0.057753175497055054,0.6666666865348816,0.06965338438749313,0.0,0.0
refadv:163,refadv:163,the all brown leather suitcase with a tag on it,False,6,coco_val2017,True,10,unclassified,0.0,0.1314750760793686,1.0,0.15728342533111572,0.0,0.09125417470932007,0.0,0.1314491480588913,0.0,0.10962262749671936,0.3333333432674408,0.14098739624023438,0.0,0.04445399343967438,0.0,0.11772811412811279,0.0,0.0
refadv:164,refadv:164,the white car closest to a truck,False,11,coco_val2017,True,7,logical,0.0,0.06769382208585739,0.0,0.03442207723855972,0.0,0.03964788839221001,0.0,0.047093600034713745,0.0,0.0408053956925869,0.0,0.04058017209172249,0.0,0.04179394245147705,0.0,0.04368322715163231,0.0,0.0
refadv:165,refadv:165,the person in black jacket holding a white doll,False,9,coco_val2017,True,9,relational,0.0,0.168164923787117,1.0,0.1545764058828354,0.0,0.1908390074968338,0.3333333432674408,0.1957704871892929,0.0,0.29418158531188965,0.3333333432674408,0.24292494356632233,0.0,0.14882297813892365,0.3333333432674408,0.14484278857707977,0.0,0.0
refadv:166,refadv:166,the right dog among a pair,False,2,coco_val2017,True,6,direct,0.0,0.0,0.0,0.004610175266861916,0.0,0.0,0.0,0.0008556811953894794,0.0,0.0,0.0,0.001042836462147534,0.0,0.0,0.0,0.0010393898701295257,0.0,0.0
refadv:167,refadv:167,the person sitting with a hat,False,2,coco_val2017,True,6,direct,0.0,0.17345793545246124,0.0,0.16848985850811005,0.0,0.3413587808609009,1.0,0.33746615052223206,0.0,0.3544425070285797,1.0,0.33460986614227295,0.0,0.3673652112483978,1.0,0.34586313366889954,0.0,0.0
refadv:168,refadv:168,a car parked next to a white car and its color is not silver,True,10,coco_val2017,True,14,logical,0.0,0.050948381423950195,0.0,0.07794449478387833,0.0,0.1217355951666832,0.0,0.08903312683105469,0.0,0.11955887079238892,0.0,0.09683847427368164,0.0,0.10755769163370132,0.0,0.09045686572790146,0.0,0.0
refadv:169,refadv:169,the person wearing a white hat looking towards the camera,False,13,coco_val2017,True,10,unclassified,0.0,0.009951933287084103,0.6666666865348816,0.036143045872449875,0.0,0.024812551215291023,0.3333333432674408,0.04252221807837486,0.0,0.031050682067871094,0.0,0.04687802121043205,0.0,0.026277363300323486,0.0,0.04121164605021477,0.0,0.0
refadv:170,refadv:170,the person wearing a white cowboy hat on the right hand side of a person in a green top,False,13,coco_val2017,True,19,relational,0.0,0.07936850935220718,0.0,0.029309561476111412,0.0,0.04102940112352371,0.0,0.015672951936721802,0.0,0.011365202255547047,0.0,0.021587369963526726,0.0,0.026615602895617485,0.0,0.020831100642681122,0.0,0.0
refadv:171,refadv:171,the person wearing sunglasses riding a motorbike without a McDonald’s sign on it,True,6,coco_val2017,True,14,logical,0.0,0.19942955672740936,1.0,0.19429965317249298,0.0,0.16506598889827728,0.0,0.253627747297287,0.0,0.1181902065873146,0.0,0.14203627407550812,0.3333333432674408,0.2216671258211136,0.3333333432674408,0.2301102727651596,0.0,0.3333333432674408
refadv:172,refadv:172,the person wearing a black top not facing the camera,True,9,coco_val2017,True,10,logical,0.0,0.036846403032541275,0.0,0.05550551414489746,0.0,0.0646967962384224,0.0,0.061298806220293045,0.0,0.04092687740921974,0.0,0.05210113897919655,0.0,0.049876343458890915,0.0,0.06629757583141327,0.0,0.0
refadv:173,refadv:173,the person with long hair sitting right closer to the bar table,False,10,coco_val2017,True,12,unclassified,0.0,0.0338759608566761,0.0,0.023451557382941246,0.0,0.057672884315252304,0.0,0.05114943906664848,0.0,0.06978177279233932,0.0,0.050422847270965576,0.0,0.05328450724482536,0.0,0.044342104345560074,0.0,0.0
refadv:174,refadv:174,the bottle with light orange liquor inside on the left of a green bottle,False,11,coco_val2017,True,14,relational,0.0,0.0,0.0,0.0015000058338046074,0.0,0.0,0.0,0.00015319987141992897,0.0,0.0,0.0,0.0004609056340996176,0.0,0.0,0.0,0.00013423037307802588,0.0,0.0
refadv:175,refadv:175,the person wearing a white top not facing towards the camera,True,10,coco_val2017,True,11,logical,0.0,0.007721360307186842,0.0,0.004192018415778875,0.0,0.010790720582008362,0.0,0.007065854500979185,0.0,0.00575505243614316,0.0,0.0048300884664058685,0.0,0.009054032154381275,0.0,0.008756478317081928,0.0,0.0
refadv:176,refadv:176,the person near a person holding up a phone,False,9,coco_val2017,True,9,relational,0.0,0.12933950126171112,0.6666666865348816,0.1221444234251976,0.0,0.200333833694458,1.0,0.24497516453266144,0.0,0.200333833694458,1.0,0.2382183074951172,0.0,0.18485350906848907,0.3333333432674408,0.17362052202224731,0.0,0.0
refadv:177,refadv:177,the person in a blue top with no sunglasses,True,11,coco_val2017,True,9,logical,0.0,0.041497815400362015,0.0,0.05257922410964966,0.0,0.04319160059094429,0.3333333432674408,0.044690776616334915,0.0,0.0533667653799057,0.0,0.04599441960453987,0.0,0.017974911257624626,0.0,0.023624980822205544,0.0,0.0
refadv:178,refadv:178,the white car under the bridge,False,6,coco_val2017,True,6,relational,0.0,0.0981869325041771,0.0,0.062462110072374344,0.0,0.1541777104139328,0.0,0.137769415974617,0.0,0.15122090280056,0.0,0.10795418173074722,0.0,0.14326806366443634,0.0,0.1330878734588623,0.0,0.0
refadv:179,refadv:179,the person wearing white top walking in front of a car,False,11,coco_val2017,True,11,relational,0.0,0.000930201553273946,0.0,0.003464791225269437,0.0,0.0,0.0,0.0007093249005265534,0.0,0.0,0.0,0.0019371584057807922,0.0,0.0,0.0,0.000675265968311578,0.0,0.0
refadv:180,refadv:180,the person not wearing a hat near the bush,True,8,coco_val2017,True,9,logical,0.0,0.036675602197647095,0.0,0.06852883845567703,0.0,0.20637257397174835,0.0,0.18087442219257355,0.0,0.11486732959747314,0.6666666865348816,0.11194213479757309,0.0,0.17926137149333954,0.6666666865348816,0.1908397227525711,0.0,0.0
refadv:181,refadv:181,the grey car on the left side of a red car,False,13,coco_val2017,True,11,relational,0.0,0.20982414484024048,0.6666666865348816,0.2046438455581665,0.0,0.19757074117660522,0.3333333432674408,0.1642509549856186,0.0,0.22207754850387573,0.3333333432674408,0.17340660095214844,0.0,0.16844195127487183,0.6666666865348816,0.149161696434021,0.0,0.0
refadv:182,refadv:182,the black car behind a white car,False,12,coco_val2017,True,7,relational,0.0,0.16400854289531708,0.0,0.2119034081697464,0.3333333432674408,0.42125025391578674,1.0,0.40643155574798584,0.0,0.3923565447330475,1.0,0.3720349967479706,0.3333333432674408,0.46433743834495544,1.0,0.4219001233577728,0.3333333432674408,0.3333333432674408
refadv:183,refadv:183,"the person under the blue fire hydrant, not wearing white, black or blue top",True,4,coco_val2017,True,14,logical,0.0,0.040818143635988235,0.0,0.03378359600901604,0.0,0.1043974831700325,0.3333333432674408,0.11502533406019211,0.0,0.12324458360671997,0.0,0.12127097696065903,0.0,0.14726917445659637,0.3333333432674408,0.1536562293767929,0.0,0.0
refadv:184,refadv:184,the person wearing jeans and carrying a bag on the shoulder,False,5,coco_val2017,True,11,relational,0.0,0.14094896614551544,0.0,0.13408417999744415,0.0,0.0,0.0,0.046012964099645615,0.0,0.12352326512336731,0.0,0.12004891037940979,0.0,0.1326434165239334,0.0,0.1284647434949875,0.0,0.0
refadv:185,refadv:185,the person in a white top not facing the camera,True,5,coco_val2017,True,10,logical,0.0,0.16828586161136627,0.3333333432674408,0.18957358598709106,0.0,0.3676557242870331,1.0,0.41622915863990784,0.0,0.3743245601654053,1.0,0.42587733268737793,0.0,0.38064083456993103,1.0,0.385454386472702,0.0,0.0
refadv:186,refadv:186,the sheep with dark face not facing the camera,True,6,coco_val2017,True,9,logical,0.0,0.14308886229991913,0.0,0.1341879814863205,0.0,0.09540852904319763,0.3333333432674408,0.10595124959945679,0.0,0.07597088068723679,0.0,0.0945948138833046,0.0,0.10026049613952637,0.6666666865348816,0.12326248735189438,0.0,0.0
refadv:187,refadv:187,the sheep with a white face behind other sheep,False,11,coco_val2017,True,9,relational,0.0,0.020442718639969826,0.0,0.011957990936934948,0.0,0.02013661339879036,0.0,0.014584938995540142,0.0,0.02094692550599575,0.0,0.01184419821947813,0.0,0.012792378664016724,0.0,0.01216911245137453,0.0,0.0
refadv:188,refadv:188,the person in a white top carrying a bag,False,23,coco_val2017,True,9,relational,0.0,0.006852356251329184,0.0,0.009377972222864628,0.0,0.010939795523881912,0.0,0.015336868353188038,0.0,0.00712500000372529,0.0,0.012150111608207226,0.0,0.006488073617219925,0.0,0.011172926984727383,0.0,0.0
refadv:189,refadv:189,the nearest person on the right hand side of the person wearing a hat,False,4,coco_val2017,True,14,logical,0.0,0.18751902878284454,0.0,0.16088829934597015,0.0,0.03999636694788933,0.0,0.0981050357222557,0.0,0.021815577521920204,0.0,0.08857782930135727,0.0,0.007271859794855118,0.0,0.07959216088056564,0.0,0.0
refadv:190,refadv:190,the red chair in front of a computer,False,6,coco_val2017,True,8,relational,0.0,0.0046692113392055035,0.0,0.022512858733534813,0.0,0.0,0.0,0.003749096766114235,0.0,0.0,0.0,0.0025615047197788954,0.0,0.0,0.0,0.0026905976701527834,0.0,0.0
refadv:191,refadv:191,the person wearing a suit jacket standing by the wall,False,12,coco_val2017,True,10,unclassified,0.0,0.012912235222756863,0.0,0.008545763790607452,0.0,0.006089892238378525,0.0,0.002600023290142417,0.0,0.0,0.0,0.0025537023320794106,0.0,0.0,0.0,0.0027171734254807234,0.0,0.0
refadv:192,refadv:192,the cow in front of a grey car,False,8,coco_val2017,True,8,relational,0.0,0.0959000214934349,0.0,0.08499953150749207,0.0,0.07590524107217789,0.0,0.06982719153165817,0.0,0.07993539422750473,0.0,0.060911018401384354,0.0,0.05067887902259827,0.0,0.06558031588792801,0.0,0.0
refadv:193,refadv:193,the person wearing a white shirt facing away from the camera,False,7,coco_val2017,True,11,unclassified,0.0,0.0967530831694603,0.0,0.13279661536216736,0.0,0.29277610778808594,0.0,0.21465277671813965,0.0,0.19314074516296387,0.3333333432674408,0.20938368141651154,0.0,0.29749807715415955,0.0,0.2520621120929718,0.0,0.0
refadv:194,refadv:194,the person in a white top sitting on a bench,False,6,coco_val2017,True,10,relational,0.0,0.09841247648000717,0.0,0.07158631831407547,0.0,0.10089647769927979,0.0,0.05712142214179039,0.0,0.07853467017412186,0.0,0.048706840723752975,0.0,0.10395834594964981,0.0,0.061258163303136826,0.0,0.0
refadv:195,refadv:195,the person wearing a hat holding a glass in hand,False,4,coco_val2017,True,10,relational,0.0,0.3976398706436157,1.0,0.42113593220710754,0.6666666865348816,0.5355762243270874,0.6666666865348816,0.6470901370048523,0.6666666865348816,0.5699991583824158,1.0,0.7178469300270081,0.6666666865348816,0.4383045434951782,0.6666666865348816,0.6392459273338318,0.0,0.0
refadv:196,refadv:196,the spoon near the corn not in the bowl,True,4,coco_val2017,True,9,logical,0.0,0.021541563794016838,0.3333333432674408,0.024215804412961006,0.0,0.05863781273365021,0.6666666865348816,0.07331199198961258,0.0,0.05648219212889671,0.3333333432674408,0.05431843176484108,0.0,0.04677765443921089,0.6666666865348816,0.05513015016913414,0.0,0.0
refadv:197,refadv:197,the spoon next to an empty cup,False,2,coco_val2017,True,7,relational,0.0,0.00922982394695282,0.0,0.018350018188357353,0.0,0.025263452902436256,0.0,0.022067857906222343,0.0,0.025445858016610146,0.0,0.018028251826763153,0.0,0.025354653596878052,0.0,0.026459701359272003,0.0,0.0
refadv:198,refadv:198,the upside-down cup on the edge of a bowl,False,8,coco_val2017,True,10,unclassified,0.0,0.0,0.0,0.0021620073821395636,0.0,0.0,0.0,0.0015201115747913718,0.0,0.0,0.0,0.0004134350165259093,0.0,0.0,0.0,0.002122713951393962,0.0,0.0
refadv:199,refadv:199,the fork on a plate with pizza,False,2,coco_val2017,True,7,relational,0.0,0.0528692789375782,1.0,0.09723573923110962,0.0,0.042761366814374924,0.3333333432674408,0.12302190065383911,0.0,0.10685501247644424,0.6666666865348816,0.14564134180545807,0.0,0.06558095663785934,0.3333333432674408,0.10315674543380737,0.0,0.0
refadv:200,refadv:200,the spoon near a cup that is full,False,2,coco_val2017,True,8,relational,0.0,0.03715671971440315,0.0,0.033368341624736786,0.0,0.0559198223054409,0.0,0.04169666767120361,0.0,0.03920019045472145,0.0,0.03838103637099266,0.0,0.0459044873714447,0.0,0.03319874405860901,0.0,0.0
refadv:201,refadv:201,the transparent cup with a colored beverage inside,False,2,coco_val2017,True,8,relational,0.0,0.3020820915699005,1.0,0.3303661644458771,0.6666666865348816,0.4155672490596771,0.6666666865348816,0.4376493990421295,0.3333333432674408,0.5114668011665344,1.0,0.5702599883079529,0.3333333432674408,0.4135766923427582,1.0,0.5338981747627258,0.3333333432674408,0.0
refadv:202,refadv:202,the spoon in the bowl close to a glass,False,4,coco_val2017,True,9,relational,0.0,0.05557307228446007,0.6666666865348816,0.0776943489909172,0.0,0.014140554703772068,0.0,0.03482522442936897,0.0,0.019942855462431908,0.0,0.04586188867688179,0.0,0.02435448206961155,0.0,0.05139228329062462,0.0,0.0
refadv:203,refadv:203,the person in a white shirt holding up a glass,False,9,coco_val2017,True,10,relational,0.0,0.05510985478758812,0.6666666865348816,0.13306653499603271,0.0,0.18570542335510254,1.0,0.2204148769378662,0.0,0.20021997392177582,1.0,0.21946005523204803,0.0,0.21819426119327545,0.3333333432674408,0.1832459568977356,0.0,0.0
refadv:204,refadv:204,the person in a white shirt not holding a glass,True,9,coco_val2017,True,10,logical,0.0,0.05142122507095337,0.0,0.04173276945948601,0.0,0.041558101773262024,0.0,0.018014121800661087,0.0,0.044191762804985046,0.0,0.018186572939157486,0.0,0.0,0.0,0.016868168488144875,0.0,0.0
refadv:205,refadv:205,the person on the left hand side of the person in a white shirt and not holding a glass,True,9,coco_val2017,True,19,logical,0.0,0.06980125606060028,0.0,0.04572222754359245,0.0,0.0,0.0,0.008498492650687695,0.0,0.0,0.0,0.006206052377820015,0.0,0.0,0.0,0.009540139697492123,0.0,0.0
refadv:206,refadv:206,the person holding the teddy bear wearing a white top,False,12,coco_val2017,True,10,relational,0.0,0.28776633739471436,0.6666666865348816,0.328025221824646,0.0,0.007593550253659487,0.0,0.073637455701828,0.0,0.03308672830462456,0.0,0.11586824804544449,0.0,0.0,0.0,0.04901227355003357,0.0,0.0
refadv:207,refadv:207,the person covering their mouth and wearing a dark top,False,3,coco_val2017,True,10,unclassified,0.0,0.07575784623622894,0.6666666865348816,0.11009708791971207,0.0,0.19558067619800568,1.0,0.2544481158256531,0.0,0.20763801038265228,0.3333333432674408,0.24069112539291382,0.0,0.1950199007987976,1.0,0.2507666349411011,0.0,0.0
refadv:208,refadv:208,the person with dark hair on the left side of the person in a blue top,False,10,coco_val2017,True,16,relational,0.0,0.0662970021367073,1.0,0.11951451748609543,0.0,0.056456733494997025,0.0,0.07902452349662781,0.0,0.060341883450746536,0.0,0.08660507202148438,0.0,0.06413500756025314,0.0,0.07867191731929779,0.0,0.0
refadv:209,refadv:209,the person in a white top on the left side of the person in a red top who is not holding a fork,True,8,coco_val2017,True,23,logical,0.0,0.10374896973371506,0.0,0.128793403506279,0.0,0.0,0.0,0.002876721089705825,0.0,0.0,0.0,0.01637212373316288,0.0,0.0,0.0,0.0018806220032274723,0.0,0.0
refadv:210,refadv:210,the teddy bear close to a window and not wearing a black top,True,6,coco_val2017,True,13,logical,0.0,0.0,0.0,0.05139655992388725,0.0,0.0,0.0,0.015437901020050049,0.0,0.0,0.0,0.024324798956513405,0.0,0.0,0.0,0.01263097021728754,0.0,0.0
refadv:211,refadv:211,the empty glass in between the plates,False,2,coco_val2017,True,7,relational,0.0,0.0678994208574295,1.0,0.0947491005063057,0.0,0.0,0.0,0.012443856336176395,0.0,0.0,0.0,0.005779562052339315,0.0,0.0,0.0,0.006066417787224054,0.0,0.0
refadv:212,refadv:212,black board that does not have a number on it,True,11,coco_val2017,True,10,logical,0.0,0.042558372020721436,0.0,0.03391473367810249,0.0,0.0,0.0,0.0036930080968886614,0.0,0.0023547881282866,0.0,0.005338374990969896,0.0,0.0,0.0,0.004158437717705965,0.0,0.0
refadv:213,refadv:213,the person behind the lady in orange,False,14,coco_val2017,True,7,relational,0.0,0.057370513677597046,0.0,0.06710333377122879,0.0,0.2115974873304367,0.0,0.15210117399692535,0.0,0.18278293311595917,0.6666666865348816,0.18142443895339966,0.0,0.2132280468940735,0.3333333432674408,0.1684047430753708,0.0,0.0
refadv:214,refadv:214,person wearing striped shirt without long hair,True,6,coco_val2017,True,7,logical,0.0,0.3962203562259674,1.0,0.45725345611572266,1.0,0.634335458278656,1.0,0.8350571990013123,1.0,0.7248130440711975,1.0,0.7968049049377441,1.0,0.634335458278656,1.0,0.8281901478767395,0.0,0.0
refadv:215,refadv:215,the person sitting on the left side of the red chair,False,13,coco_val2017,True,11,relational,0.0,0.002745799720287323,0.0,0.031782303005456924,0.0,0.0,0.0,0.014307509176433086,0.0,0.0,0.0,0.01023437175899744,0.0,0.003046712838113308,0.0,0.010254905559122562,0.0,0.0
refadv:216,refadv:216,the image containing fork and knife,False,6,coco_val2017,True,6,direct,0.0,0.18511538207530975,0.0,0.16871728003025055,0.6666666865348816,0.48324060440063477,0.6666666865348816,0.4009363651275635,1.0,0.5367478728294373,1.0,0.45584413409233093,0.6666666865348816,0.44878098368644714,0.3333333432674408,0.40464699268341064,-0.3333333134651184,-0.3333333134651184
refadv:217,refadv:217,the person standing to the right of the boy who is not wearing a hat or holding a trophy,True,12,coco_val2017,True,19,logical,0.0,0.1596691608428955,0.6666666865348816,0.17769299447536469,0.0,0.2145904302597046,0.0,0.19500182569026947,0.0,0.1664397269487381,0.0,0.2121388167142868,0.0,0.060856133699417114,0.0,0.14949506521224976,0.0,0.0
refadv:218,refadv:218,the person that is on the road and neither riding a motorcycle nor wearing blue shirt,True,9,coco_val2017,True,16,logical,0.0,0.0,0.0,0.04072818160057068,0.0,0.0,0.0,0.0015618304023519158,0.0,0.0,0.0,0.0010845907963812351,0.0,0.0,0.0,0.001298723160289228,0.0,0.0
refadv:219,refadv:219,the lightest-colored car among the three parked close to the camera,False,3,coco_val2017,True,12,logical,0.0,0.01994483359158039,0.0,0.062313418835401535,0.0,0.052557338029146194,0.6666666865348816,0.13272647559642792,0.0,0.05177726224064827,0.0,0.14341916143894196,0.0,0.0650709941983223,0.3333333432674408,0.14314933121204376,0.0,0.0
refadv:220,refadv:220,the red car that is not waiting at the traffic light,True,4,coco_val2017,True,11,logical,0.0,0.004056478384882212,0.0,0.04833611473441124,0.0,0.01569884456694126,0.0,0.034864168614149094,0.0,0.014323130249977112,0.0,0.03281699866056442,0.0,0.05952374264597893,0.0,0.04949991777539253,0.0,0.0
refadv:221,refadv:221,the traffic light that is not farthest from the camera and does not have a no turning sign on it,True,2,coco_val2017,True,20,logical,0.0,0.0,0.0,0.0037031748797744513,0.0,0.0,0.0,6.587089592358097e-05,0.0,0.0,0.0,7.113019091775641e-05,0.0,0.0,0.0,6.513762491522357e-05,0.0,0.0
refadv:222,refadv:222,the car that least should be parked where it is,True,5,coco_val2017,True,10,logical,0.0,0.24989008903503418,1.0,0.4264809191226959,1.0,0.7336833477020264,1.0,0.6726822853088379,1.0,0.8130984306335449,1.0,0.7118263840675354,1.0,0.6692333221435547,1.0,0.667763888835907,0.0,0.0
refadv:223,refadv:223,the person on the motorcycle but not holding the handlebar,True,2,coco_val2017,True,10,logical,0.0,0.2748618721961975,1.0,0.208781436085701,0.0,0.1858358532190323,0.0,0.16787730157375336,0.0,0.18723207712173462,0.3333333432674408,0.15254749357700348,0.0,0.22543127834796906,0.0,0.17253535985946655,0.0,0.0
refadv:224,refadv:224,the person walking away from the camera and closest to the roundabout sign,False,13,coco_val2017,True,13,logical,0.0,0.06962021440267563,0.0,0.08567429333925247,0.0,0.06608659774065018,0.0,0.0676991418004036,0.0,0.07490818947553635,0.0,0.06651923060417175,0.0,0.09879516810178757,0.0,0.07745999842882156,0.0,0.0
refadv:225,refadv:225,the person on the motorcycle that has only one rider on it,False,3,coco_val2017,True,12,unclassified,0.0,0.031342748552560806,0.0,0.11676613241434097,0.0,0.0,0.0,0.017175771296024323,0.0,0.0,0.0,0.029364826157689095,0.0,0.0,0.0,0.015392581932246685,0.0,0.0
refadv:226,refadv:226,the silver car that is farthest from the red bus,False,3,coco_val2017,True,10,logical,0.0,0.024023285135626793,0.0,0.021248748525977135,0.0,0.046867188066244125,0.0,0.02962217479944229,0.0,0.05631256476044655,0.0,0.02598789520561695,0.0,0.04497615993022919,0.0,0.0243215411901474,0.0,0.0
refadv:227,refadv:227,the person wearing a beanie with sunglasses hanging on their head,False,8,coco_val2017,True,11,unclassified,0.0,0.3655121326446533,0.0,0.2940156161785126,0.0,0.18035562336444855,0.0,0.17385609447956085,0.0,0.3988076150417328,0.0,0.2868694067001343,0.0,0.2308184653520584,0.0,0.21029172837734222,0.0,0.0
refadv:228,refadv:228,the person who is driving a vehicle but not a motorcycle,True,3,coco_val2017,True,11,logical,0.0,0.027647867798805237,0.0,0.018351072445511818,0.0,0.001912437379360199,0.0,0.009275171905755997,0.0,0.01479041576385498,0.0,0.012017558328807354,0.0,0.020863525569438934,0.0,0.015194110572338104,0.0,0.0
refadv:229,refadv:229,the person sitting on the grass and not wearing white pants,True,9,coco_val2017,True,11,logical,0.0,0.04369523003697395,0.0,0.04956136643886566,0.0,0.05827533081173897,0.3333333432674408,0.06223016604781151,0.0,0.0767318531870842,0.0,0.08006200939416885,0.0,0.07972132414579391,0.3333333432674408,0.08358561247587204,0.0,0.0
refadv:230,refadv:230,"the person facing the camera, wearing a reflective vest and a hat",False,4,coco_val2017,True,12,relational,0.0,0.03907434269785881,0.0,0.04737592861056328,0.0,0.0,0.0,0.012782298028469086,0.0,0.0,0.0,0.009939737617969513,0.0,0.0,0.0,0.010315748862922192,0.0,0.0
refadv:231,refadv:231,the red motorcycle ridden by a person not wearing a white shirt,True,4,coco_val2017,True,12,logical,0.0,0.08175579458475113,0.0,0.07479206472635269,0.0,0.07153631746768951,0.0,0.0359528549015522,0.0,0.0,0.0,0.019529813900589943,0.0,0.10429368168115616,0.0,0.045861661434173584,0.0,0.0
refadv:232,refadv:232,the person boarding the plane wearing a white shirt and carrying a backpack,False,8,coco_val2017,True,13,relational,0.0,0.007613657508045435,0.3333333432674408,0.01295385230332613,0.0,0.015135387890040874,0.0,0.01837337575852871,0.0,0.009720291942358017,0.0,0.006281489972025156,0.0,0.013325265608727932,0.0,0.011997058987617493,0.0,0.0
refadv:233,refadv:233,"the plane with text on its body but it is not ""U.S. AIR FORCE""",True,3,coco_val2017,True,15,logical,0.0,0.17282719910144806,0.3333333432674408,0.20446933805942535,0.0,0.15002238750457764,0.0,0.12659786641597748,0.0,0.1267722100019455,0.0,0.1099047064781189,0.0,0.16101385653018951,0.0,0.15712575614452362,0.0,0.0
refadv:234,refadv:234,the person with long curly hair in the right image,False,10,coco_val2017,True,10,absolute,0.0,0.08844077587127686,0.0,0.1151496171951294,0.0,0.2060074657201767,0.3333333432674408,0.14837704598903656,0.0,0.23309026658535004,0.3333333432674408,0.1621483713388443,0.0,0.22424258291721344,0.0,0.14134743809700012,0.0,0.0
refadv:235,refadv:235,the orange-and-black signal light that is the second farthest from the camera,False,6,coco_val2017,True,14,logical,0.0,0.02699100971221924,0.0,0.022852467373013496,0.0,0.03131437301635742,0.0,0.035522568970918655,0.0,0.0674598440527916,0.6666666865348816,0.07124562561511993,0.0,0.06147228553891182,0.3333333432674408,0.07394617050886154,0.0,0.0
refadv:236,refadv:236,the person standing near the nose of the plane wearing brown shorts,False,13,coco_val2017,True,12,relational,0.0,0.03372892737388611,0.3333333432674408,0.10122521966695786,0.0,0.0031461454927921295,0.0,0.017731988802552223,0.0,0.004707665182650089,0.0,0.015055333264172077,0.0,0.0,0.0,0.021533086895942688,0.0,0.0
refadv:237,refadv:237,the third suitcase that is about to enter the airplane cargo hold,False,6,coco_val2017,True,12,logical,0.0,0.0055495514534413815,0.0,0.005072856321930885,0.0,0.00744992308318615,0.0,0.005026860162615776,0.0,0.006911827716976404,0.0,0.0056909602135419846,0.0,0.009177643805742264,0.0,0.005237791687250137,0.0,0.0
refadv:238,refadv:238,a bowl whose exterior is neither yellow nor white,True,3,coco_val2017,True,9,logical,0.0,0.0034415125846862793,0.0,0.0037760762497782707,0.0,0.0,0.0,0.0010968893766403198,0.0,0.0,0.0,0.0006101898616179824,0.0,0.001286216895096004,0.0,0.0014203502796590328,0.0,0.0
refadv:239,refadv:239,the person not wearing flip-flops and whose pants are not white,True,5,coco_val2017,True,12,logical,0.0,0.2311294823884964,0.0,0.1785879284143448,0.0,0.32623156905174255,0.3333333432674408,0.316727876663208,0.0,0.30899015069007874,0.0,0.3010801374912262,0.0,0.34262970089912415,0.6666666865348816,0.3637266159057617,0.0,0.0
refadv:240,refadv:240,"the cup mounted on the wall, located in the third row from the top, in the second column from the left",False,12,coco_val2017,True,21,logical,0.0,0.001471966621465981,0.0,0.00029271282255649567,0.0,0.0015420602867379785,0.0,0.0006254829349927604,0.0,0.0017990703927353024,0.0,0.0005027264705859125,0.0,0.0,0.0,0.00044592516496777534,0.0,0.0
refadv:241,refadv:241,a person not holding a dog leash and not wearing red clothes,True,2,coco_val2017,True,12,logical,0.0,0.2161812037229538,0.0,0.22515852749347687,0.0,0.2786031663417816,0.6666666865348816,0.3325910270214081,0.0,0.2833608388900757,0.6666666865348816,0.3164272606372833,0.0,0.3110891878604889,0.6666666865348816,0.35523584485054016,0.0,0.0
refadv:242,refadv:242,the person standing between the marks ‘4’ and ‘7’ and not wearing a V-neck shirt,True,6,coco_val2017,True,16,logical,0.0,0.060223910957574844,1.0,0.1122206449508667,0.0,0.19129611551761627,1.0,0.2518428862094879,0.0,0.2003786563873291,1.0,0.2567850351333618,0.0,0.12418708205223083,0.6666666865348816,0.1717807799577713,0.0,0.0
refadv:243,refadv:243,the person not holding drink and petting a cat,True,11,coco_val2017,True,9,logical,0.0,0.28650957345962524,1.0,0.2530009150505066,0.0,0.009239806793630123,0.0,0.03766501322388649,0.0,0.054906293749809265,0.0,0.061712224036455154,0.0,0.0,0.0,0.023074576631188393,0.0,0.0
refadv:244,refadv:244,a spectator not wearing a hat or sunglasses,True,5,coco_val2017,True,8,logical,0.0,0.00729842483997345,0.0,0.013020921498537064,0.0,0.023505395278334618,0.0,0.021121183410286903,0.0,0.02780352532863617,0.0,0.012632661499083042,0.0,0.030070116743445396,0.0,0.011369400657713413,0.0,0.0
refadv:245,refadv:245,the bottle whose cap is foil-wrapped and that is on the lower shelf,False,4,coco_val2017,True,14,unclassified,0.0,0.0640367940068245,0.6666666865348816,0.12349268049001694,0.0,0.22300326824188232,0.3333333432674408,0.2075207233428955,0.0,0.15617892146110535,0.3333333432674408,0.16787390410900116,0.0,0.16162000596523285,0.3333333432674408,0.1892932653427124,0.0,0.0
refadv:246,refadv:246,a cup without a spoon in it and not pink,True,4,coco_val2017,True,10,logical,0.0,0.01739054173231125,0.0,0.06313683837652206,0.0,0.19282126426696777,0.0,0.1523699164390564,0.0,0.20821309089660645,0.0,0.16044841706752777,0.0,0.1884971410036087,0.0,0.14246678352355957,0.0,0.0
refadv:247,refadv:247,"a person whose hair is not black, not wearing red clothes, and wearing shoes",True,4,coco_val2017,True,14,logical,0.0,0.34315618872642517,0.0,0.31025615334510803,1.0,0.5449350476264954,1.0,0.697547197341919,0.6666666865348816,0.5280799865722656,1.0,0.6471291184425354,0.3333333432674408,0.44281187653541565,0.6666666865348816,0.6097977757453918,0.3333333134651184,-0.3333333432674408
refadv:248,refadv:248,the chair on the left whose mat is not green facing away from the camera,True,4,coco_val2017,True,15,logical,0.0,0.02462034672498703,0.0,0.029658934101462364,0.0,0.01994771882891655,0.3333333432674408,0.04715827479958534,0.0,0.0,0.0,0.009085807017982006,0.0,0.022164130583405495,0.3333333432674408,0.04860502853989601,0.0,0.0
refadv:249,refadv:249,the white car that has not passed the person riding a bicycle on the road,True,7,coco_val2017,True,15,logical,0.0,0.02305513806641102,0.0,0.029445523396134377,0.0,0.00019749696366488934,0.0,0.014365609735250473,0.0,0.00723976269364357,0.0,0.013283968903124332,0.0,0.001437462749890983,0.0,0.01220221072435379,0.0,0.0
refadv:250,refadv:250,the rearmost white sedan driving toward the camera that has already passed the crosswalk,False,13,coco_val2017,True,14,unclassified,0.0,0.018045471981167793,0.0,0.018814312294125557,0.0,0.00801866129040718,0.0,0.021156392991542816,0.0,0.0,0.0,0.012581967748701572,0.0,0.00801866129040718,0.0,0.01532782893627882,0.0,0.0
refadv:251,refadv:251,a person sitting on a motorcycle but not appearing to be driving it,True,4,coco_val2017,True,13,logical,0.0,0.037808820605278015,0.6666666865348816,0.03705534711480141,0.0,0.07517150044441223,0.0,0.07012637704610825,0.0,0.06278150528669357,0.0,0.05360192060470581,0.0,0.08149637281894684,0.0,0.07612912356853485,0.0,0.0
refadv:252,refadv:252,the person riding a motorcycle closer to the red motorcycle,False,9,coco_val2017,True,10,relational,0.0,0.1588558554649353,0.0,0.15739572048187256,0.0,0.16956467926502228,0.0,0.18152552843093872,0.0,0.19340281188488007,0.0,0.16069504618644714,0.0,0.1766790896654129,0.6666666865348816,0.2291339784860611,0.0,0.0
refadv:253,refadv:253,a motorcycle with a backrest box at the rear that is not red,True,4,coco_val2017,True,13,logical,0.0,0.016520587727427483,0.0,0.0658666267991066,0.0,0.04233991727232933,0.0,0.09368518739938736,0.0,0.046480800956487656,0.3333333432674408,0.10334556549787521,0.0,0.09317242354154587,0.0,0.13849961757659912,0.0,0.0
refadv:254,refadv:254,"a real toothbrush, not a reflection in the mirror, without any red color",True,3,coco_val2017,True,13,logical,0.0,0.20701533555984497,0.6666666865348816,0.18855148553848267,0.0,0.05720917880535126,0.3333333432674408,0.11384818702936172,0.0,0.15489190816879272,0.3333333432674408,0.21922151744365692,0.0,0.07243622094392776,0.3333333432674408,0.142294242978096,0.0,0.0
refadv:255,refadv:255,the reflection of the sink that is farthest from the side mirror,False,4,coco_val2017,True,12,logical,0.0,0.0038207964971661568,0.0,0.004017749335616827,0.0,0.0069182864390313625,0.3333333432674408,0.011748741380870342,0.0,0.003712649689987302,0.0,0.006121718790382147,0.0,0.005869375541806221,0.0,0.011559673584997654,0.0,0.0
refadv:256,refadv:256,the reflection of the sink that is cropped in the image,False,4,coco_val2017,True,11,unclassified,0.0,0.005980180576443672,0.0,0.014247776009142399,0.0,0.01490255817770958,0.3333333432674408,0.02204124443233013,0.0,0.011079438030719757,0.0,0.018625186756253242,0.0,0.011627476662397385,0.0,0.02422689087688923,0.0,0.0
refadv:257,refadv:257,the person wearing a light-colored top and carrying a crossbody bag,False,13,coco_val2017,True,12,relational,0.0,0.08041635155677795,0.3333333432674408,0.09980554133653641,0.0,0.12493529170751572,0.3333333432674408,0.09143086522817612,0.0,0.047505687922239304,0.0,0.04507559537887573,0.0,0.03968483582139015,0.0,0.06008533760905266,0.0,0.0
refadv:258,refadv:258,the person sitting farther to the one holding a goose feather,False,3,coco_val2017,True,11,logical,0.0,0.04951701685786247,0.0,0.11039292812347412,0.0,0.016250116750597954,0.0,0.017054393887519836,0.0,0.0,0.0,0.017020732164382935,0.0,0.007742532063275576,0.0,0.02011653035879135,0.0,0.0
refadv:259,refadv:259,A car with a number which is neither 74 nor 69,True,3,openimages,True,11,logical,0.0,0.06122897192835808,0.0,0.09690824151039124,0.0,0.1151466891169548,0.3333333432674408,0.13972514867782593,0.0,0.05608691647648811,0.3333333432674408,0.10638615489006042,0.0,0.07152903079986572,0.3333333432674408,0.12481489032506943,0.0,0.0
refadv:260,refadv:260,A car whose number is not 74 and whose color is neither black nor white,True,3,openimages,True,15,logical,0.0,0.2758937180042267,1.0,0.3287155330181122,0.0,0.1725783795118332,0.0,0.25984394550323486,0.0,0.2488524168729782,0.6666666865348816,0.33753904700279236,0.0,0.26188790798187256,0.3333333432674408,0.30047380924224854,0.0,0.0
refadv:261,refadv:261,a woman placing her hand on another person's shoulder,False,3,openimages,True,9,relational,0.0,0.3435201644897461,1.0,0.4216415584087372,1.0,0.633700430393219,1.0,0.6686632633209229,1.0,0.6117819547653198,1.0,0.6617938876152039,1.0,0.5846831798553467,1.0,0.6737399697303772,0.0,0.0
refadv:262,refadv:262,an adult who is not wearing a blue striped shirt,True,3,openimages,True,10,logical,0.0,0.07087500393390656,0.0,0.06506263464689255,0.0,0.0,0.0,0.022549301385879517,0.0,0.0,0.0,0.011235165409743786,0.0,0.0,0.0,0.017951279878616333,0.0,0.0
refadv:263,refadv:263,the person wearing a white dress carrying something in one hand,False,6,openimages,True,11,relational,0.0,0.1626112163066864,0.0,0.14302971959114075,0.0,0.27757012844085693,0.3333333432674408,0.2544049322605133,0.0,0.3635140359401703,0.0,0.24530382454395294,0.0,0.2655726969242096,0.0,0.24143321812152863,0.0,0.0
refadv:264,refadv:264,the chicken with tail feathers that are not black and not white,True,2,openimages,True,12,logical,0.0,0.0,0.0,0.020328080281615257,0.0,0.0,0.0,0.012893888168036938,0.0,0.0,0.0,0.00674806023016572,0.0,0.0,0.0,0.013146847486495972,0.0,0.0
refadv:265,refadv:265,the giraffe standing in pair and being leaned against by the other,False,4,openimages,True,12,relational,0.0,0.053150203078985214,0.0,0.0491705983877182,0.0,0.0,0.0,0.008283526636660099,0.0,0.0,0.0,0.009620942175388336,0.0,0.0,0.0,0.0063541666604578495,0.0,0.0
refadv:266,refadv:266,the glass with yellow liquid inside in front of two fingers,False,5,openimages,True,11,logical,0.0,0.281215637922287,0.6666666865348816,0.3272002041339874,0.3333333432674408,0.3867553174495697,0.3333333432674408,0.35426846146583557,0.0,0.2721964120864868,0.0,0.27530637383461,0.0,0.3535210192203522,0.3333333432674408,0.3613039553165436,0.3333333432674408,0.0
refadv:267,refadv:267,the glass with brown liquid inside farthest from the camera,False,5,openimages,True,10,logical,0.0,0.037337467074394226,0.0,0.028015807271003723,0.0,0.06843931972980499,0.0,0.06172986701130867,0.0,0.05665425583720207,0.0,0.054028939455747604,0.0,0.039635252207517624,0.0,0.05742694064974785,0.0,0.0
refadv:268,refadv:268,the taco with yellow sauce on it not near a lime,True,2,openimages,True,11,logical,0.0,0.22874659299850464,0.0,0.173284649848938,0.0,0.29274308681488037,0.3333333432674408,0.2680494785308838,0.0,0.2620736360549927,0.0,0.27790090441703796,0.0,0.2628489136695862,0.3333333432674408,0.31279096007347107,0.0,0.0
refadv:269,refadv:269,brownie piece topped with cream in the taller stack,False,2,openimages,True,9,unclassified,0.0,0.1481727510690689,0.0,0.21974341571331024,0.0,0.18466567993164062,0.0,0.21503598988056183,0.0,0.16387541592121124,0.0,0.20793361961841583,0.0,0.1353619247674942,0.0,0.1914880871772766,0.0,0.0
refadv:270,refadv:270,brownie piece not at the top of the lower stack,True,5,openimages,True,10,logical,0.0,0.15691109001636505,0.0,0.15022160112857819,0.0,0.09733206033706665,0.0,0.14345061779022217,0.0,0.18505966663360596,0.3333333432674408,0.1837097853422165,0.0,0.12282348424196243,0.0,0.15731516480445862,0.0,0.0
refadv:271,refadv:271,the person with a white shirt next to someone wearing a black helmet,False,3,openimages,True,13,relational,0.0,0.22021858394145966,0.0,0.17091302573680878,0.0,0.30043303966522217,0.6666666865348816,0.3564833104610443,0.0,0.24063968658447266,0.6666666865348816,0.31918999552726746,0.0,0.26407185196876526,1.0,0.34406137466430664,0.0,0.0
refadv:272,refadv:272,the sushi topped with shrimp that is closer to the corner of the plate,False,5,openimages,True,14,unclassified,0.0,0.13513785600662231,0.0,0.14429892599582672,0.0,0.2861379086971283,0.0,0.2322378307580948,0.0,0.26881837844848633,0.0,0.2159024477005005,0.0,0.24277853965759277,0.0,0.1950979381799698,0.0,0.0
refadv:273,refadv:273,a poster with a white background that does not have a pie chart on it,True,3,openimages,True,15,logical,0.0,0.026212668046355247,0.0,0.09041016548871994,0.0,0.02909492701292038,0.0,0.0309697687625885,0.0,0.0,0.0,0.013685666024684906,0.0,0.09596104174852371,0.0,0.11882779747247696,0.0,0.0
refadv:274,refadv:274,the sheep showing its face not stepping on a stone,True,2,openimages,True,10,logical,0.0,0.20870502293109894,0.0,0.16896258294582367,0.0,0.2677300274372101,0.0,0.16063292324543,0.0,0.3088535666465759,0.0,0.23074971139431,0.0,0.30738213658332825,0.0,0.17293547093868256,0.0,0.0
refadv:275,refadv:275,the ski on the left foot of the skier wearing a red jacket in foreground,False,3,openimages,True,15,absolute,0.0,0.0,0.0,0.012072128243744373,0.0,0.0,0.0,0.0010305839823558927,0.0,0.0,0.0,0.00020915661298204213,0.0,0.0,0.0,0.0002267509262310341,0.0,0.0
refadv:276,refadv:276,the coin that has more than one animals on it farther from the camera,False,5,openimages,True,14,logical,0.0,0.07697109133005142,0.0,0.05671602115035057,0.0,0.032331738620996475,0.0,0.08140473812818527,0.0,0.03441130742430687,0.0,0.07462763041257858,0.0,0.032513462007045746,0.0,0.06710755825042725,0.0,0.0
refadv:277,refadv:277,a bowl with black exterior that does not contain carbs,True,3,openimages,True,10,logical,0.0,0.0721154436469078,1.0,0.10214140266180038,0.0,0.04272674396634102,0.0,0.04474244639277458,0.0,0.08773978799581528,0.0,0.07949969917535782,0.0,0.05461719259619713,0.0,0.057043224573135376,0.0,0.0
refadv:278,refadv:278,the penguin facing the right side of the image and not lowering its head,True,2,openimages,True,14,logical,1.0,0.5755772590637207,0.3333333432674408,0.4862861633300781,0.6666666865348816,0.5386910438537598,1.0,0.5758318901062012,0.3333333432674408,0.5189099311828613,1.0,0.5479998588562012,0.3333333432674408,0.5241373777389526,1.0,0.584381639957428,0.3333333432674408,0.0
refadv:279,refadv:279,the yellow grapefruit next to the limes but not close to the pink or orange fruit,True,7,openimages,True,16,logical,0.0,0.04713645577430725,0.3333333432674408,0.06500264257192612,0.0,0.0,0.0,0.021490702405571938,0.0,0.004503351170569658,0.0,0.026392946019768715,0.0,0.0,0.0,0.017341801896691322,0.0,0.0
refadv:280,refadv:280,the billboard without numbers and letter 'B' in it,True,3,openimages,True,9,logical,0.0,0.05670832097530365,0.0,0.08610779047012329,0.0,0.06574125587940216,0.3333333432674408,0.11267326027154922,0.0,0.08321753889322281,0.3333333432674408,0.10858044773340225,0.0,0.0640251412987709,0.6666666865348816,0.12767167389392853,0.0,0.0
refadv:281,refadv:281,the lowest billboard among a group of three billboards,False,3,openimages,True,9,logical,0.0,0.013997562229633331,0.0,0.021852314472198486,0.0,0.01499391719698906,0.0,0.010925834067165852,0.0,0.014204844832420349,0.0,0.008442268706858158,0.0,0.01420629769563675,0.0,0.014530432410538197,0.0,0.0
refadv:282,refadv:282,the hotdog that has mustard on it but not forming the word spicy,True,3,openimages,True,13,logical,0.0,0.24996142089366913,0.3333333432674408,0.1787254363298416,0.0,0.251629501581192,0.6666666865348816,0.21702583134174347,0.0,0.25930872559547424,0.3333333432674408,0.22002118825912476,0.0,0.25097107887268066,0.0,0.2273222655057907,0.0,0.0
refadv:283,refadv:283,"the football displaying flags including a french flag, a canadian flag and a japanese flag",False,2,openimages,True,15,unclassified,0.0,0.2172875851392746,0.0,0.23479919135570526,0.3333333432674408,0.3739031255245209,0.3333333432674408,0.34612929821014404,0.0,0.3910815417766571,0.3333333432674408,0.34743013978004456,0.0,0.29470840096473694,0.3333333432674408,0.33052244782447815,0.3333333432674408,0.0
refadv:284,refadv:284,the hotdog closer to the hand with mustard forming the word spicy,False,3,openimages,True,12,unclassified,0.0,0.27338212728500366,0.3333333432674408,0.1985556036233902,0.0,0.301770955324173,0.6666666865348816,0.2470579594373703,0.0,0.30390048027038574,0.6666666865348816,0.25841546058654785,0.0,0.31676867604255676,0.6666666865348816,0.28047582507133484,0.0,0.0
refadv:285,refadv:285,the alpaca without an ear tag among the two alpacas sitting close together,True,3,openimages,True,13,logical,0.0,0.20686745643615723,0.0,0.19147728383541107,0.0,0.2657133638858795,1.0,0.2828274667263031,0.0,0.2351009100675583,0.0,0.21326352655887604,0.0,0.2222929447889328,0.0,0.21594862639904022,0.0,0.0
refadv:286,refadv:286,the watch that is not green and displaying a date that is not in april,True,3,openimages,True,15,logical,0.0,0.1828465461730957,0.3333333432674408,0.18687044084072113,0.0,0.07479526847600937,0.0,0.12201354652643204,0.0,0.06750171631574631,0.3333333432674408,0.11894435435533524,0.0,0.07980827987194061,0.3333333432674408,0.13747628033161163,0.0,0.0
refadv:287,refadv:287,a canoe that is neither orange nor yellow,True,4,openimages,True,8,logical,0.0,0.4484923183917999,0.6666666865348816,0.5851700901985168,0.0,0.21268558502197266,0.0,0.3902147710323334,0.0,0.23560309410095215,0.0,0.37743091583251953,0.0,0.15767626464366913,0.0,0.34948793053627014,0.0,0.0
refadv:288,refadv:288,the jellyfish swimming downward and on the top,False,2,openimages,True,8,direct,0.0,0.07280170172452927,0.0,0.13569223880767822,0.0,0.17911481857299805,0.3333333432674408,0.22414366900920868,0.0,0.11403115838766098,0.0,0.13791635632514954,0.0,0.11439403146505356,0.3333333432674408,0.1557440608739853,0.0,0.0
refadv:289,refadv:289,a goat with black front legs and white rear legs,False,3,openimages,True,10,unclassified,0.0,0.21433329582214355,0.0,0.17766523361206055,0.0,0.3648219108581543,0.3333333432674408,0.3796170651912689,0.3333333432674408,0.3688295781612396,0.0,0.3549860417842865,0.3333333432674408,0.39183273911476135,0.0,0.32418495416641235,-0.3333333432674408,0.0
refadv:290,refadv:290,the third brown horse from left,False,3,openimages,True,6,logical,0.0,0.0,0.0,0.013346386142075062,0.0,0.0,0.0,0.005806032568216324,0.0,0.0,0.0,0.009690961800515652,0.0,0.0,0.0,0.014430228620767593,0.0,0.0
refadv:291,refadv:291,the stack of chips with the highest total value,False,4,openimages,True,9,logical,0.0,0.05624006688594818,0.0,0.05653746798634529,0.0,0.0,0.0,0.022311309352517128,0.0,0.0,0.0,0.0173387099057436,0.0,0.0,0.0,0.009154602885246277,0.0,0.0
refadv:292,refadv:292,the taller owl on the poster,False,2,openimages,True,6,direct,0.0,0.053310293704271317,1.0,0.09548351913690567,0.0,0.300243616104126,1.0,0.31018587946891785,0.0,0.21080584824085236,1.0,0.26657000184059143,0.0,0.1865967959165573,0.6666666865348816,0.22406816482543945,0.0,0.0
refadv:293,refadv:293,the blue vehicle that does not have an american flag on it,True,10,openimages,True,12,logical,0.0,0.019208189100027084,0.0,0.020659439265727997,0.0,0.057299185544252396,0.0,0.058932702988386154,0.0,0.04544609412550926,0.0,0.04856744036078453,0.0,0.06148539111018181,0.0,0.06117388606071472,0.0,0.0
refadv:294,refadv:294,the left boot with white fur lining inside,False,3,openimages,True,8,relational,0.0,0.1655973643064499,0.0,0.16365212202072144,0.0,0.06822621077299118,0.0,0.13765616714954376,0.0,0.17920054495334625,0.3333333432674408,0.23227214813232422,0.0,0.014879795722663403,0.0,0.10845223069190979,0.0,0.0
refadv:295,refadv:295,a cup on the left without a spoon inside,True,2,openimages,True,9,logical,0.0,0.09783491492271423,0.0,0.11743804812431335,0.0,0.0,0.0,0.027878692373633385,0.0,0.01625373587012291,0.0,0.03437452390789986,0.0,0.0,0.0,0.013982248492538929,0.0,0.0
refadv:296,refadv:296,a magpie on the ground facing the right side of the image,False,2,openimages,True,12,relational,0.0,0.04600288346409798,0.6666666865348816,0.10377037525177002,0.0,0.013114303350448608,0.0,0.015993928536772728,0.0,0.0,0.0,0.011142539791762829,0.0,0.0,0.0,0.02085367776453495,0.0,0.0
refadv:297,refadv:297,the leopard closer to the corner of the image among the two leopards playing with each other,False,2,openimages,True,17,logical,0.0,0.40007972717285156,1.0,0.5006898045539856,0.6666666865348816,0.4750789403915405,0.6666666865348816,0.5705894231796265,0.6666666865348816,0.5396776795387268,1.0,0.5944193601608276,0.6666666865348816,0.5809831619262695,1.0,0.7077679634094238,0.0,0.0
refadv:298,refadv:298,the chest of drawers that does not have the greatest number of doors and is not on the top level,True,2,openimages,True,20,logical,0.0,0.2546442449092865,0.0,0.13771522045135498,0.0,0.25166723132133484,0.0,0.1997845619916916,0.0,0.18373073637485504,0.0,0.18724697828292847,0.0,0.1564987301826477,0.3333333432674408,0.19789355993270874,0.0,0.0
refadv:299,refadv:299,the red bicycle shoe with english letters on it,False,3,openimages,True,9,unclassified,0.0,0.27416932582855225,1.0,0.27130141854286194,0.0,0.14496897161006927,0.0,0.15484242141246796,0.0,0.1618652194738388,0.3333333432674408,0.15500833094120026,0.0,0.10864651203155518,0.0,0.13641463220119476,0.0,0.0
refadv:300,refadv:300,the camera whose lens is not the largest and whose body does not have red letters,True,2,openimages,True,16,logical,0.0,0.15396098792552948,1.0,0.18018585443496704,0.0,0.18376238644123077,0.6666666865348816,0.24137528240680695,0.0,0.12454936653375626,0.3333333432674408,0.17462535202503204,0.0,0.18123053014278412,0.6666666865348816,0.2440028339624405,0.0,0.0
refadv:301,refadv:301,a knife engraved with chinese characters and whose handle is not black,True,4,openimages,True,12,logical,0.0,0.12860795855522156,1.0,0.2588365375995636,0.0,0.09963121265172958,0.3333333432674408,0.15053193271160126,0.0,0.1709551215171814,0.6666666865348816,0.17975302040576935,0.0,0.20113778114318848,1.0,0.19911648333072662,0.0,0.0
refadv:302,refadv:302,a knife with holes on the blade and a black handle,False,4,openimages,True,11,unclassified,0.0,0.17223627865314484,0.0,0.123296357691288,0.0,0.17728202044963837,0.0,0.138586163520813,0.0,0.17920243740081787,0.0,0.12522214651107788,0.0,0.18065232038497925,0.0,0.1264842301607132,0.0,0.0
refadv:303,refadv:303,the conditioner in the second row of the left column in the image,False,6,openimages,True,13,logical,0.0,0.06530850380659103,0.0,0.05767182633280754,0.0,0.12087613344192505,0.0,0.10286033898591995,0.0,0.12686091661453247,0.0,0.11142311245203018,0.0,0.12797798216342926,0.6666666865348816,0.11490842700004578,0.0,0.0
refadv:304,refadv:304,the bigger candle not placed in a bowl,True,2,openimages,True,8,logical,0.0,0.056811973452568054,0.0,0.11266672611236572,0.0,0.04541650786995888,0.0,0.06102536991238594,0.0,0.06698832660913467,0.0,0.07608366757631302,0.0,0.13274097442626953,0.0,0.16647052764892578,0.0,0.0
refadv:305,refadv:305,the syringe whose scale at the image's cropped position is greater than 2 and less than 5,True,2,openimages,True,17,logical,0.0,0.3571917712688446,0.3333333432674408,0.39738258719444275,0.0,0.38169991970062256,1.0,0.4155770540237427,0.0,0.33869025111198425,0.6666666865348816,0.39247050881385803,0.0,0.30929800868034363,0.3333333432674408,0.37420669198036194,0.0,0.0
refadv:306,refadv:306,the paddle board whose surface is not black and ridden by a female,True,2,openimages,True,13,logical,0.0,0.004784699995070696,0.0,0.00647255452349782,0.0,0.0,0.0,0.0004079661739524454,0.0,0.0,0.0,0.0003401742142159492,0.0,0.0,0.0,0.000501949863974005,0.0,0.0
refadv:307,refadv:307,the black keyboard next to a white mouse,False,2,openimages,True,8,relational,0.0,0.0,0.0,0.024571770802140236,0.0,0.0,0.0,0.0020166821777820587,0.0,0.0,0.0,0.0019190441817045212,0.0,0.0,0.0,0.0016873277490958571,0.0,0.0
refadv:308,refadv:308,the person wearing sunglasses and wearing top,False,5,openimages,True,7,direct,0.0,0.026857556775212288,0.3333333432674408,0.03219549357891083,0.0,0.0767989382147789,0.3333333432674408,0.06544286012649536,0.0,0.06241795793175697,0.0,0.04328948259353638,0.0,0.06353619694709778,0.0,0.054119545966386795,0.0,0.0
refadv:309,refadv:309,the toothbrush with a white head and bristles facing right,False,4,openimages,True,10,unclassified,0.0,0.12504784762859344,1.0,0.1498049944639206,0.0,0.24625279009342194,0.0,0.24620766937732697,0.0,0.24614465236663818,0.3333333432674408,0.2560822069644928,0.0,0.22908230125904083,0.0,0.22864806652069092,0.0,0.0
refadv:310,refadv:310,the aircraft that is not flying and does not have a number displayed on its body,True,2,openimages,True,16,logical,0.0,0.08884364366531372,0.0,0.08540850877761841,0.0,0.07681327313184738,0.0,0.11191494017839432,0.0,0.10012495517730713,0.0,0.139562726020813,0.0,0.17559821903705597,0.6666666865348816,0.19390343129634857,0.0,0.0
refadv:311,refadv:311,the mouse with a dark color and not placed on a mouse pad,True,2,openimages,True,13,logical,0.0,0.09154248237609863,1.0,0.14522095024585724,0.0,0.35748982429504395,0.0,0.2593653202056885,0.0,0.33950087428092957,0.0,0.25917261838912964,0.0,0.3259890377521515,0.0,0.19026704132556915,0.0,0.0
refadv:312,refadv:312,the handgun lying in the box with muzzle facing left,False,2,openimages,True,10,unclassified,1.0,0.5849533081054688,1.0,0.5038028955459595,1.0,0.7245796322822571,1.0,0.7975751757621765,1.0,0.7317591309547424,1.0,0.8056977391242981,1.0,0.6783015727996826,1.0,0.821284830570221,0.0,0.0
refadv:313,refadv:313,the crocodile with paws not pushing on the ground and mouth closed,True,2,openimages,True,12,logical,1.0,0.5878900289535522,1.0,0.5949124097824097,1.0,0.5709109306335449,1.0,0.6432117819786072,1.0,0.5593571662902832,1.0,0.6260335445404053,1.0,0.586409866809845,1.0,0.6706815361976624,0.0,0.0
refadv:314,refadv:314,"the bird facing left, and showing the one side of its face",False,2,openimages,True,12,unclassified,0.0,0.31266680359840393,1.0,0.3711235523223877,0.0,0.24247555434703827,1.0,0.3881571292877197,0.0,0.24706892669200897,1.0,0.3746841847896576,0.0,0.23401419818401337,1.0,0.4161151647567749,0.0,0.0
refadv:315,refadv:315,the white bird on the ground facing right displaying markings near its eyes,False,9,openimages,True,13,relational,0.0,0.06928213685750961,0.0,0.05069022253155708,0.0,0.09730904549360275,0.0,0.08159855753183365,0.0,0.035316210240125656,0.0,0.059134453535079956,0.0,0.07336824387311935,0.0,0.07453881949186325,0.0,0.0
refadv:316,refadv:316,the seal lying down on the dock in a group of three seals,False,3,openimages,True,13,logical,0.0,0.36372411251068115,1.0,0.4140512943267822,0.0,0.2328328937292099,0.6666666865348816,0.3845159709453583,0.0,0.29217132925987244,1.0,0.4115539789199829,0.0,0.29442140460014343,0.3333333432674408,0.3927927017211914,0.0,0.0
refadv:317,refadv:317,"the handbag with embroidered pattern, not double shoulder straps, and gold accessories on it",True,3,openimages,True,14,logical,0.0,0.22470469772815704,1.0,0.27590012550354004,0.0,0.22953183948993683,0.3333333432674408,0.260393351316452,0.0,0.18695402145385742,0.3333333432674408,0.22471557557582855,0.0,0.12690715491771698,0.3333333432674408,0.21572019159793854,0.0,0.0
refadv:318,refadv:318,the ping-pong ball pressed by a non-blue paddle whose handle is visible and whose upward-facing side is red,False,5,openimages,True,21,unclassified,0.0,0.057803720235824585,0.0,0.04664483293890953,0.0,0.0522497184574604,0.0,0.0440576933324337,0.0,0.04270954057574272,0.3333333432674408,0.04165840148925781,0.0,0.049067649990320206,0.0,0.05177794024348259,0.0,0.0
refadv:319,refadv:319,the football on the left side on the ground,False,3,openimages,True,9,absolute,0.0,0.01447687391191721,1.0,0.05580521747469902,0.0,0.010725349187850952,0.0,0.015608962625265121,0.0,0.004606976639479399,0.0,0.019369037821888924,0.0,0.0,0.0,0.004088954068720341,0.0,0.0
refadv:320,refadv:320,the wrench pair that does not have 18 or 15 marked on any side,True,2,openimages,True,14,logical,0.0,0.2992892563343048,1.0,0.32795313000679016,0.0,0.31582140922546387,0.3333333432674408,0.30037811398506165,0.0,0.2733527421951294,0.3333333432674408,0.2958000898361206,0.0,0.30960527062416077,0.6666666865348816,0.3301621675491333,0.0,0.0
refadv:321,refadv:321,"the beehive that has four layers, whose bottom layer is not yellow and does not have the number 9 on it",True,3,openimages,True,21,logical,0.0,0.17782670259475708,0.6666666865348816,0.15966086089611053,0.0,0.3254142701625824,1.0,0.2781272232532501,0.0,0.28626182675361633,0.6666666865348816,0.25633686780929565,0.0,0.3051401376724243,0.0,0.23549962043762207,0.0,0.0
refadv:322,refadv:322,a clock pointing to a time after 12 and before 6,False,2,openimages,True,11,logical,0.0,0.21358810365200043,0.0,0.24639113247394562,0.0,0.2410624772310257,0.0,0.27681851387023926,0.0,0.27363070845603943,0.6666666865348816,0.370623916387558,0.0,0.3615682125091553,0.6666666865348816,0.39869871735572815,0.0,0.0
refadv:323,refadv:323,the car parked on the grass whose color is not red and whose license plate is not visible,True,5,openimages,True,18,logical,0.0,0.09517991542816162,0.0,0.20622293651103973,0.0,0.3494345247745514,1.0,0.5745875835418701,0.0,0.2628490626811981,0.6666666865348816,0.48647359013557434,0.0,0.27410635352134705,0.6666666865348816,0.5299822688102722,0.0,0.0
refadv:324,refadv:324,the little ostrich not under the shade of the larger ostrich,True,2,openimages,True,11,logical,0.0,0.11622462421655655,1.0,0.20570290088653564,0.0,0.263901948928833,0.6666666865348816,0.2624014616012573,0.0,0.26316362619400024,0.6666666865348816,0.27059924602508545,0.0,0.18024049699306488,0.3333333432674408,0.20367564260959625,0.0,0.0
refadv:325,refadv:325,a domed building having no posters on it,True,3,openimages,True,8,logical,0.0,0.0,0.0,0.07706496864557266,0.0,0.0,0.0,0.012295912019908428,0.0,0.0,0.0,0.008796214126050472,0.0,0.0,0.0,0.028861509636044502,0.0,0.0
refadv:326,refadv:326,the bronze sculpture not covering its eyes or mouth with its hands,True,2,openimages,True,12,logical,0.0,0.29257121682167053,0.0,0.24675004184246063,0.0,0.0033698780462145805,0.0,0.08947376161813736,0.0,0.057786304503679276,0.0,0.11936193704605103,0.0,0.09037807583808899,0.0,0.15597648918628693,0.0,0.0
refadv:327,refadv:327,a person wearing a scarf but not holding papers in their hands,True,4,openimages,True,12,logical,0.0,0.20419006049633026,0.0,0.148790642619133,0.0,0.06630954891443253,0.3333333432674408,0.07504260540008545,0.0,0.1388685554265976,0.3333333432674408,0.1012086495757103,0.0,0.03833857178688049,0.0,0.06623979657888412,0.0,0.0
refadv:328,refadv:328,a suit jacket with a red inside and stripes on the outside,False,4,openimages,True,12,relational,0.3333333432674408,0.4774032533168793,1.0,0.5271868705749512,0.0,0.3369573652744293,0.6666666865348816,0.4903132915496826,0.0,0.3066462576389313,0.6666666865348816,0.4451529085636139,0.3333333432674408,0.5035607218742371,0.6666666865348816,0.6058101058006287,0.0,0.3333333432674408
refadv:329,refadv:329,the fruit that is not a pumpkin and whose light on the table is not green,True,6,openimages,True,16,logical,0.0,0.09777670353651047,0.0,0.13497383892536163,0.0,0.010618557222187519,0.0,0.0663609579205513,0.0,0.01973920501768589,0.0,0.0544266402721405,0.0,0.0,0.0,0.04039430990815163,0.0,0.0
refadv:330,refadv:330,the red bowling ball in the second row from the camera,False,12,openimages,True,11,logical,0.0,0.005285781342536211,0.0,0.006786244455724955,0.0,0.005397325847297907,0.0,0.0075216456316411495,0.0,0.008209549821913242,0.0,0.005118923727422953,0.0,0.009185791015625,0.3333333432674408,0.009302017278969288,0.0,0.0
refadv:331,refadv:331,a red drum that is not striped,True,2,openimages,True,7,logical,0.0,0.18011848628520966,0.3333333432674408,0.22113056480884552,0.6666666865348816,0.5778672099113464,1.0,0.652552604675293,1.0,0.7287116050720215,1.0,0.7177936434745789,1.0,0.6467113494873047,1.0,0.7185085415840149,-0.3333333134651184,0.0
refadv:332,refadv:332,the chief who is not wearing gloves and whose name tag on the chest is visible,True,3,openimages,True,16,logical,1.0,0.7014743685722351,1.0,0.7032578587532043,0.0,0.14315728843212128,0.0,0.17285509407520294,0.0,0.003272605361416936,0.0,0.11145243793725967,0.0,0.0,0.0,0.056322816759347916,0.0,0.0
refadv:333,refadv:333,"an ambulance whose license plate does not start with ""SPVL""",True,3,openimages,True,10,logical,0.0,0.27423813939094543,0.0,0.4115654230117798,0.3333333432674408,0.5021373629570007,1.0,0.530563235282898,0.6666666865348816,0.5895577073097229,1.0,0.5652862191200256,0.6666666865348816,0.6671822667121887,1.0,0.6359638571739197,-0.3333333432674408,0.0
refadv:334,refadv:334,the volleyball that is thrown in the air and that is not on the same side of the net as the camera,True,5,openimages,True,22,logical,0.0,0.0,0.0,0.021094031631946564,0.0,0.003110922873020172,0.0,0.01891455613076687,0.0,0.0,0.0,0.012651718221604824,0.0,0.003844380145892501,0.3333333432674408,0.014626774936914444,0.0,0.0
refadv:335,refadv:335,the alpaca that is the taller of the two standing very close together,False,2,openimages,True,13,logical,0.0,0.19168953597545624,0.6666666865348816,0.16937124729156494,0.0,0.26910480856895447,0.3333333432674408,0.2723557651042938,0.0,0.2009831666946411,0.0,0.1959816962480545,0.0,0.21599383652210236,0.3333333432674408,0.22366611659526825,0.0,0.0
refadv:336,refadv:336,the dolphin that is half-submerged in water and located in the lower part of the picture,False,3,openimages,True,17,relational,0.0,0.09423958510160446,0.0,0.14470717310905457,0.0,0.3020355701446533,0.6666666865348816,0.31943240761756897,0.0,0.24175935983657837,1.0,0.28065991401672363,0.0,0.30280399322509766,1.0,0.34109655022621155,0.0,0.0
refadv:337,refadv:337,the sitting goat with a yellow tag on the neck,False,5,openimages,True,10,unclassified,0.0,0.0899704173207283,0.0,0.06421174108982086,0.0,0.16240262985229492,0.0,0.11025115102529526,0.0,0.14546087384223938,0.0,0.10305553674697876,0.0,0.1594114750623703,0.0,0.10897437483072281,0.0,0.0
refadv:338,refadv:338,the brown mule not next to a tree and not carrying people,True,3,openimages,True,12,logical,0.0,0.030685612931847572,0.0,0.07095208764076233,0.0,0.0500277578830719,0.3333333432674408,0.08228355646133423,0.0,0.0,0.0,0.01227374654263258,0.0,0.12454130500555038,0.6666666865348816,0.13902561366558075,0.0,0.0
refadv:339,refadv:339,the dice showing six on the upper side on the back,False,5,openimages,True,11,logical,0.0,0.08448439091444016,0.0,0.07953386008739471,0.0,0.268502801656723,0.0,0.2096121907234192,0.0,0.28041666746139526,1.0,0.2800534665584564,0.0,0.2905518412590027,0.0,0.23149065673351288,0.0,0.0
refadv:340,refadv:340,the empty bottle next to the glass containing the most beverage,False,4,openimages,True,11,logical,0.0,0.15634550154209137,0.3333333432674408,0.26201891899108887,0.0,0.06612234562635422,0.0,0.19858436286449432,0.0,0.1428343653678894,0.3333333432674408,0.24159325659275055,0.0,0.14514993131160736,0.3333333432674408,0.3389202654361725,0.0,0.0
refadv:341,refadv:341,the coffee with marshmallow topping closest to the coffee machine,False,2,openimages,True,10,logical,0.0,0.11480644345283508,1.0,0.124142587184906,0.0,0.057568009942770004,0.3333333432674408,0.06743837147951126,0.0,0.0,0.0,0.028535231947898865,0.0,0.06803492456674576,0.0,0.04153932258486748,0.0,0.0
refadv:342,refadv:342,the camel ridden by a person in a blue shirt,False,2,openimages,True,10,relational,0.0,0.177873894572258,0.3333333432674408,0.1797025352716446,0.0,0.35434427857398987,1.0,0.4172188937664032,0.0,0.3371694087982178,0.3333333432674408,0.36329659819602966,0.0,0.3370802402496338,0.3333333432674408,0.35702601075172424,0.0,0.0
refadv:343,refadv:343,the cheetah neither eating nor being brushed,True,2,openimages,True,7,logical,0.3333333432674408,0.40286657214164734,1.0,0.36805233359336853,1.0,0.5975949168205261,1.0,0.47956785559654236,1.0,0.5940386652946472,1.0,0.4745314121246338,0.6666666865348816,0.5759579539299011,1.0,0.471102237701416,0.0,-0.3333333134651184
refadv:344,refadv:344,the foot in smaller-sized green socks,False,3,openimages,True,7,logical,0.0,0.03494478389620781,0.6666666865348816,0.06437432020902634,0.0,0.030164314433932304,0.3333333432674408,0.044120777398347855,0.0,0.0345621295273304,0.3333333432674408,0.041546229273080826,0.0,0.031791601330041885,0.3333333432674408,0.048639338463544846,0.0,0.0
refadv:345,refadv:345,"the helmet that is not pure black, does not have goggles, and whose brand name is not ""bell"" or ""raider""",True,4,openimages,True,20,logical,0.0,0.2669883966445923,1.0,0.2298133373260498,0.0,0.22742855548858643,0.6666666865348816,0.3235207796096802,0.0,0.25580403208732605,0.3333333432674408,0.2948349714279175,0.0,0.23364563286304474,0.6666666865348816,0.2839451730251312,0.0,0.0
refadv:346,refadv:346,"the camera with a silver body, its lens facing towards the left side of the image",False,3,openimages,True,16,absolute,0.0,0.160563662648201,0.0,0.22794608771800995,0.0,0.0,0.0,0.08382319658994675,0.0,0.02235293947160244,0.0,0.13630370795726776,0.0,0.02517092227935791,0.0,0.10801851749420166,0.0,0.0
refadv:347,refadv:347,"the traffic sign showing neither ""bike lane"" nor ""stop sign ahead""",True,2,openimages,True,11,logical,0.0,0.1248009204864502,0.0,0.13840538263320923,0.0,0.0806489884853363,0.0,0.12703627347946167,0.0,0.16231873631477356,0.0,0.15514057874679565,0.0,0.17320317029953003,0.3333333432674408,0.19061674177646637,0.0,0.0
refadv:348,refadv:348,a foldable knife with a black handle,False,3,openimages,True,7,direct,0.0,0.3067518174648285,0.0,0.23641324043273926,0.6666666865348816,0.519960343837738,1.0,0.5185721516609192,1.0,0.5816970467567444,0.6666666865348816,0.5628464221954346,1.0,0.6341070532798767,1.0,0.6094100475311279,-0.3333333134651184,0.0
refadv:349,refadv:349,the one on the left of two calculators of the same model,False,2,openimages,True,12,logical,0.0,0.4179109036922455,0.0,0.2543354332447052,0.0,0.02398666925728321,0.0,0.1199788749217987,0.0,0.004438614007085562,0.0,0.06442483514547348,0.0,0.004279205109924078,0.0,0.08303852379322052,0.0,0.0
refadv:350,refadv:350,a computer monitor with neither its screen nor its brand visible,True,4,openimages,True,11,logical,0.0,0.13164235651493073,0.0,0.05830005928874016,0.0,0.006980753969401121,0.0,0.04957836493849754,0.0,0.024125471711158752,0.0,0.05610312893986702,0.0,0.006469241809099913,0.0,0.04761140048503876,0.0,0.0
refadv:351,refadv:351,"the coffee table with no one sitting at it, with something on it, and fewer than three empty chairs visible around it",True,3,openimages,True,22,logical,0.0,0.09555131942033768,0.0,0.10691166669130325,0.0,0.024495845660567284,0.0,0.09048046916723251,0.0,0.06481681019067764,0.0,0.10673937201499939,0.0,0.0,0.0,0.07371874898672104,0.0,0.0
refadv:352,refadv:352,the keyboard on a laptop whose arrow keys are not visible,True,2,openimages,True,11,logical,0.0,0.0719510093331337,0.0,0.11118688434362411,0.0,0.07756859064102173,0.0,0.11995327472686768,0.0,0.03577692434191704,0.0,0.09968415647745132,0.0,0.0182291679084301,0.0,0.05449623987078667,0.0,0.0
refadv:353,refadv:353,the container that has a design showing buildings on it and is not a windmill,True,2,openimages,True,15,logical,0.0,0.1072746142745018,0.0,0.1996224969625473,0.0,0.06725472211837769,0.3333333432674408,0.2064906358718872,0.0,0.2779453694820404,0.6666666865348816,0.3000461757183075,0.0,0.07174559682607651,0.3333333432674408,0.15934723615646362,0.0,0.0
refadv:354,refadv:354,the non-yellow one of two suitcases of the same shape,True,2,openimages,True,11,logical,0.0,0.36952897906303406,0.3333333432674408,0.3727455139160156,0.0,0.29270055890083313,0.3333333432674408,0.34850823879241943,0.0,0.24127288162708282,0.3333333432674408,0.28447380661964417,0.0,0.17763054370880127,0.0,0.2361125499010086,0.0,0.0
refadv:355,refadv:355,a weapon visibly without a gunstock and not a handgun,True,5,openimages,True,10,logical,0.0,0.02827087976038456,0.0,0.05790938064455986,0.0,0.0698387622833252,0.0,0.13343743979930878,0.0,0.05059194192290306,0.3333333432674408,0.1231592521071434,0.0,0.14420337975025177,1.0,0.23292595148086548,0.0,0.0
refadv:356,refadv:356,the cabinet handle on the lower level and closer to the cross,False,2,openimages,True,12,unclassified,0.0,0.0005347072146832943,0.0,0.00028328291955403984,0.0,0.0016011326806619763,0.0,0.0007772745448164642,0.0,0.0011113451328128576,0.0,0.0008691745460964739,0.0,0.0008484262507408857,0.0,0.0008824830874800682,0.0,0.0
refadv:357,refadv:357,a yellow bird on the lower level of the bird feeder,False,2,openimages,True,11,unclassified,0.0,0.07173825055360794,1.0,0.15149618685245514,0.0,0.37985458970069885,0.3333333432674408,0.4969440996646881,0.0,0.3266583979129791,0.6666666865348816,0.4531390368938446,0.0,0.3452540338039398,0.6666666865348816,0.46451982855796814,0.0,0.0
refadv:358,refadv:358,the plate with something on it but not a mug,True,3,openimages,True,10,logical,0.0,0.4144223928451538,0.6666666865348816,0.4124636948108673,0.0,0.27211621403694153,0.0,0.33347320556640625,0.0,0.3327716588973999,0.0,0.3204514980316162,0.0,0.26412421464920044,0.0,0.3023240268230438,0.0,0.0
refadv:359,refadv:359,the man with a white swimming hat not touching the ball,True,3,openimages,True,11,logical,0.0,0.17386813461780548,0.6666666865348816,0.2274702936410904,0.0,0.16533197462558746,0.3333333432674408,0.18299680948257446,0.0,0.17733144760131836,0.0,0.17795003950595856,0.0,0.15117096900939941,0.0,0.17202024161815643,0.0,0.0
refadv:360,refadv:360,the pillow on the side the dog is looking toward,False,2,openimages,True,10,unclassified,0.0,0.0,0.0,0.042643725872039795,0.0,0.05675337836146355,0.0,0.07657190412282944,0.0,0.11336582899093628,0.0,0.09009578078985214,0.0,0.08019516617059708,0.0,0.07473193854093552,0.0,0.0
refadv:361,refadv:361,the person wearing neither glasses nor a black jacket,True,4,openimages,True,9,logical,0.0,0.04248787462711334,0.0,0.17244231700897217,0.0,0.0,0.0,0.024484163150191307,0.0,0.0,0.0,0.04863797128200531,0.0,0.0,0.0,0.028806718066334724,0.0,0.0
refadv:362,refadv:362,"the one of two people who are close together in a tree, whose clothes are not black",True,2,openimages,True,17,logical,0.0,0.014229267835617065,0.0,0.02331545203924179,0.0,0.025791600346565247,0.0,0.02957713045179844,0.0,0.02920038439333439,0.0,0.03696407005190849,0.0,0.01765373907983303,0.0,0.0253529641777277,0.0,0.0
refadv:363,refadv:363,the bottle that neither contains the most wine nor is next to the glass that contains the most wine,True,2,openimages,True,19,logical,0.0,0.02419264428317547,0.0,0.1114562451839447,0.0,0.12091699987649918,0.0,0.12951910495758057,0.0,0.17407357692718506,0.0,0.1699274331331253,0.0,0.16738033294677734,0.0,0.15416914224624634,0.0,0.0
refadv:364,refadv:364,the person wearing neither a white headscarf nor a grey dress,True,2,openimages,True,11,logical,0.0,0.43492379784584045,0.0,0.35248246788978577,0.0,0.2593365013599396,0.0,0.23464155197143555,0.0,0.32664740085601807,0.0,0.2995399534702301,0.0,0.30321812629699707,0.0,0.2725096046924591,0.0,0.0
refadv:365,refadv:365,the second red bell pepper from the top,False,5,openimages,True,8,logical,0.0,0.20408403873443604,1.0,0.20378269255161285,0.0,0.3346461355686188,1.0,0.3368193805217743,0.0,0.3390462398529053,1.0,0.32305100560188293,0.0,0.34014859795570374,1.0,0.3563246428966522,0.0,0.0
refadv:366,refadv:366,the waste container that is full and on the side,False,3,openimages,True,10,unclassified,0.0,0.3212927281856537,1.0,0.4033801257610321,0.0,0.37937939167022705,1.0,0.5195913314819336,0.0,0.40980780124664307,1.0,0.5491085052490234,0.3333333432674408,0.34037351608276367,0.3333333432674408,0.48394861817359924,0.0,0.3333333432674408
refadv:367,refadv:367,"the human mask that has a nose, showing neither teeth nor horns",True,10,openimages,True,12,logical,0.0,0.04891592264175415,0.0,0.0981944277882576,0.0,0.013471518643200397,0.0,0.05721038207411766,0.0,0.02485026977956295,0.0,0.07248320430517197,0.0,0.0018735453486442566,0.0,0.040068384259939194,0.0,0.0
refadv:368,refadv:368,an upside-down bowl whose bottom is not red,True,2,openimages,True,9,logical,1.0,0.5459982752799988,1.0,0.5043315887451172,0.0,0.3347247838973999,0.0,0.34433308243751526,0.3333333432674408,0.41975855827331543,0.6666666865348816,0.3809402883052826,0.0,0.18429972231388092,0.0,0.24646377563476562,-0.3333333432674408,-0.3333333432674408
refadv:369,refadv:369,a knife that has a string tied to it that is not blue,True,2,openimages,True,13,logical,0.0,0.3240683376789093,0.3333333432674408,0.27936795353889465,0.0,0.35676923394203186,1.0,0.35909581184387207,0.0,0.3517676591873169,1.0,0.36005929112434387,0.0,0.35712504386901855,1.0,0.3622713088989258,0.0,0.0
refadv:370,refadv:370,a slice of watermelon that is not on the same plate as other pieces of watermelon or a knife,True,3,openimages,True,19,logical,0.0,0.08333662897348404,0.0,0.07796260714530945,0.0,0.006709400564432144,0.0,0.033368512988090515,0.0,0.018930701538920403,0.0,0.03715750202536583,0.0,0.018930701538920403,0.0,0.03765743970870972,0.0,0.0
refadv:371,refadv:371,"the microphone which is not red, and right in front of a person who is on the other side of the mirror as viewed from the camera",True,4,openimages,True,27,logical,0.0,0.003057106165215373,0.0,0.0021451821085065603,0.0,0.0,0.0,0.00018751986499410123,0.0,0.0,0.0,0.00013207786832936108,0.0,0.0,0.0,5.756446626037359e-05,0.0,0.0
refadv:372,refadv:372,a grown alpaca whose fur is not black,True,3,openimages,True,8,logical,0.0,0.26509156823158264,1.0,0.38984474539756775,0.0,0.2077006846666336,0.3333333432674408,0.18726013600826263,0.0,0.22015325725078583,0.3333333432674408,0.2382078617811203,0.3333333432674408,0.2722582519054413,0.3333333432674408,0.31232377886772156,0.0,0.3333333432674408
refadv:373,refadv:373,the suit that is worn by a female and whose cuff embroidery is not gold,True,4,openimages,True,15,logical,0.0,0.2787865698337555,1.0,0.20916414260864258,0.0,0.2836728096008301,0.3333333432674408,0.2863296568393707,0.0,0.26525840163230896,0.3333333432674408,0.28512895107269287,0.0,0.17553506791591644,0.3333333432674408,0.1924014836549759,0.0,0.0
refadv:374,refadv:374,the jellyfish that neither has a face on it nor is the shortest one,True,2,openimages,True,14,logical,0.0,0.22876323759555817,1.0,0.2510521113872528,0.0,0.24325759708881378,0.3333333432674408,0.24238592386245728,0.0,0.2482745498418808,0.3333333432674408,0.2271859049797058,0.0,0.22673706710338593,0.0,0.19128356873989105,0.0,0.0
refadv:375,refadv:375,the goat that is on a rock and is not entirely black,True,3,openimages,True,12,logical,0.0,0.021773019805550575,0.0,0.06340351700782776,0.0,0.050102248787879944,0.0,0.08242706209421158,0.0,0.0,0.0,0.03198248893022537,0.0,0.0749732181429863,0.0,0.11857741326093674,0.0,0.0
refadv:376,refadv:376,the butterfly that has yellow on its wings and whose two wings are fully visible,False,3,openimages,True,15,logical,0.0,0.2205638736486435,0.6666666865348816,0.193081334233284,0.0,0.4004760682582855,1.0,0.3425064980983734,0.0,0.27806952595710754,1.0,0.2879321277141571,0.0,0.33720922470092773,0.6666666865348816,0.2772442102432251,0.0,0.0
refadv:377,refadv:377,a clock whose minute hand is between 7 and 10,False,5,openimages,True,10,logical,0.0,0.08800820261240005,0.0,0.12656404078006744,0.0,0.25670126080513,1.0,0.2771017849445343,0.0,0.22442956268787384,0.0,0.23085321485996246,0.0,0.18804199993610382,0.3333333432674408,0.21299658715724945,0.0,0.0
refadv:378,refadv:378,a black horse ridden by a person in a black hat,False,3,openimages,True,11,relational,0.0,0.1943511813879013,0.6666666865348816,0.3228623867034912,0.0,0.22489143908023834,0.3333333432674408,0.3168412148952484,0.0,0.15205657482147217,0.0,0.28750038146972656,0.0,0.23928111791610718,0.0,0.3364746570587158,0.0,0.0
refadv:379,refadv:379,a canoe that is red and loaded with bags,False,2,openimages,True,9,unclassified,0.0,0.4114968478679657,1.0,0.5157609581947327,1.0,0.7515165209770203,1.0,0.6221408843994141,1.0,0.7017112374305725,1.0,0.6262850165367126,0.6666666865348816,0.6303313374519348,1.0,0.5711191892623901,0.0,-0.3333333134651184
refadv:380,refadv:380,a die whose top number is not 4 or 5,True,2,openimages,True,10,logical,0.0,0.09981251507997513,0.0,0.15459978580474854,0.0,0.2519904375076294,1.0,0.32819512486457825,0.0,0.37600386142730713,1.0,0.388842910528183,0.0,0.3210308253765106,0.6666666865348816,0.40132296085357666,0.0,0.0
refadv:381,refadv:381,the drink with a flower on it whose color is not orange,True,2,openimages,True,12,logical,0.0,0.32920733094215393,0.6666666865348816,0.2539023160934448,0.0,0.06676486134529114,0.0,0.13794176280498505,0.0,0.09675121307373047,0.0,0.18233151733875275,0.0,0.08418059349060059,0.0,0.1824476271867752,0.0,0.0
refadv:382,refadv:382,the doll that is neither an elephant nor a rabbit,True,2,openimages,True,10,logical,0.0,0.05481267347931862,0.0,0.06830725073814392,0.0,0.12127462774515152,1.0,0.1852969378232956,0.0,0.15599684417247772,0.3333333432674408,0.1737624555826187,0.0,0.1326075941324234,0.3333333432674408,0.13962209224700928,0.0,0.0
refadv:383,refadv:383,the longer sock worn on a left foot,False,3,openimages,True,8,direct,0.0,0.26152899861335754,0.3333333432674408,0.3043808937072754,0.0,0.0,0.0,0.03891124203801155,0.0,0.0,0.0,0.05170639231801033,0.0,0.0,0.0,0.037074241787195206,0.0,0.0
refadv:384,refadv:384,an unsheathed sword that is not the shortest,True,3,openimages,True,8,logical,0.0,0.2032143622636795,0.0,0.1520819514989853,0.0,0.190595343708992,0.3333333432674408,0.1786644011735916,0.0,0.1994512528181076,1.0,0.18243853747844696,0.0,0.19307613372802734,0.3333333432674408,0.20018981397151947,0.0,0.0
refadv:385,refadv:385,the fork that is not the shortest and whose handle is not carved,True,2,openimages,True,13,logical,0.0,0.08987581729888916,0.0,0.08364937454462051,0.0,0.07404794543981552,0.6666666865348816,0.13200779259204865,0.0,0.09362902492284775,0.6666666865348816,0.14571861922740936,0.0,0.1061374619603157,0.3333333432674408,0.11882885545492172,0.0,0.0
refadv:386,refadv:386,a brown model gun with neither a scope nor a magazine,True,9,openimages,True,11,logical,0.0,0.0630888044834137,0.0,0.0775931105017662,0.0,0.33181697130203247,1.0,0.3272368609905243,0.0,0.3700961172580719,1.0,0.3537381887435913,0.0,0.29368430376052856,1.0,0.3156343698501587,0.0,0.0
refadv:387,refadv:387,the parachute that is neither green or orange,True,2,openimages,True,8,logical,0.0,0.06175142526626587,0.0,0.11455678194761276,0.0,0.14631028473377228,0.6666666865348816,0.28598105907440186,0.0,0.03583870455622673,0.3333333432674408,0.1591707020998001,0.0,0.018554246053099632,0.3333333432674408,0.1101338192820549,0.0,0.0
refadv:388,refadv:388,the computer screen that has a non-blue desktop and is not a laptop screen,True,2,openimages,True,15,logical,0.0,0.3875826895236969,1.0,0.3045465052127838,0.0,0.2376461774110794,0.6666666865348816,0.33940258622169495,0.0,0.22422081232070923,0.3333333432674408,0.33684635162353516,0.0,0.3451021909713745,0.3333333432674408,0.3393615186214447,0.0,0.0
refadv:389,refadv:389,the non-white headphone on the top,True,4,openimages,True,7,direct,0.0,0.0956660732626915,0.6666666865348816,0.18319101631641388,0.0,0.0,0.0,0.06258600205183029,0.0,0.0,0.0,0.05746012553572655,0.0,0.0,0.0,0.05872093513607979,0.0,0.0
refadv:390,refadv:390,the turtle that is neither in the water nor stacked with another turtle,True,3,openimages,True,13,logical,0.0,0.3630174696445465,0.0,0.2891898453235626,0.0,0.20718252658843994,0.3333333432674408,0.25496232509613037,0.0,0.20838628709316254,0.0,0.25271132588386536,0.0,0.22745740413665771,0.3333333432674408,0.27288344502449036,0.0,0.0
refadv:391,refadv:391,the air-ship built no earlier than 1910 and without an 'R34' sign on it,True,5,openimages,True,16,logical,0.0,0.06458558142185211,0.0,0.07373208552598953,0.0,0.06331584602594376,0.0,0.06894136220216751,0.0,0.07099056243896484,0.3333333432674408,0.07940583676099777,0.0,0.06395158916711807,0.0,0.07348750531673431,0.0,0.0
refadv:392,refadv:392,the washing machine that has the number 125 on its display and whose label is not 030,True,2,openimages,True,17,logical,0.0,0.19044433534145355,0.0,0.28855574131011963,0.0,0.13331811130046844,0.3333333432674408,0.29928529262542725,0.0,0.17268739640712738,0.0,0.2767863869667053,0.0,0.22495508193969727,0.3333333432674408,0.33661898970603943,0.0,0.0
refadv:393,refadv:393,"the pen with a black cap, a silver barrel, and whose brand is not shanpie",True,5,openimages,True,15,logical,1.0,0.7292026877403259,1.0,0.6284876465797424,0.6666666865348816,0.6564134955406189,1.0,0.6447064280509949,1.0,0.6907312273979187,1.0,0.6589601039886475,1.0,0.7398025393486023,1.0,0.6771194338798523,-0.3333333134651184,0.0
refadv:394,refadv:394,the non-white one of two mice facing the same direction,True,2,openimages,True,11,logical,0.0,0.44192633032798767,1.0,0.5955023765563965,0.0,0.16706997156143188,0.0,0.3889317214488983,0.0,0.2013581246137619,0.0,0.4287978410720825,0.0,0.14520834386348724,0.0,0.36401915550231934,0.0,0.0
refadv:395,refadv:395,a guitar whose strings are silver and whose body is not black,True,2,openimages,True,12,logical,0.0,0.3992560803890228,0.3333333432674408,0.3183903992176056,0.0,0.3424781262874603,0.0,0.30745837092399597,0.0,0.3564346134662628,0.0,0.30789852142333984,0.0,0.37235745787620544,0.6666666865348816,0.34498295187950134,0.0,0.0
refadv:396,refadv:396,the one of two flashlights that has a larger aperture and is not the longest,True,3,openimages,True,15,logical,0.0,0.3566296398639679,0.0,0.23244737088680267,0.0,0.36571574211120605,0.3333333432674408,0.26428404450416565,0.0,0.27094393968582153,0.3333333432674408,0.23596173524856567,0.0,0.2888568341732025,0.3333333432674408,0.24033458530902863,0.0,0.0
refadv:397,refadv:397,the turkey that has one foot lifted and its head facing the ground,False,2,openimages,True,13,relational,0.0,0.32144954800605774,0.6666666865348816,0.31405875086784363,0.0,0.25058498978614807,0.0,0.1926376074552536,0.0,0.2342940717935562,0.0,0.21177633106708527,0.0,0.20370106399059296,0.0,0.18347221612930298,0.0,0.0
refadv:398,refadv:398,a parrot not holding anything in its beak with unspread wings,True,2,openimages,True,11,logical,0.0,0.20952434837818146,0.3333333432674408,0.18809223175048828,0.0,0.33979788422584534,0.6666666865348816,0.31153324246406555,0.0,0.09309577196836472,0.3333333432674408,0.13523191213607788,0.0,0.20706240832805634,0.6666666865348816,0.19616781175136566,0.0,0.0
refadv:399,refadv:399,"a tank with a visible gun barrel and undamaged tracks, which is not green",True,3,openimages,True,14,logical,0.0,0.41448310017585754,1.0,0.4106980860233307,0.3333333432674408,0.5325406193733215,0.6666666865348816,0.4938114881515503,0.0,0.41449856758117676,0.6666666865348816,0.45102211833000183,0.3333333432674408,0.4095229208469391,0.6666666865348816,0.4255097210407257,0.3333333432674408,0.3333333432674408
refadv:400,refadv:400,the snowmobile whose seat is black and not Yamaha,True,3,openimages,True,9,logical,0.0,0.08745121210813522,1.0,0.15571631491184235,0.0,0.13400481641292572,0.6666666865348816,0.15104764699935913,0.0,0.11670780181884766,0.6666666865348816,0.1344275027513504,0.0,0.14236372709274292,0.6666666865348816,0.15815193951129913,0.0,0.0
refadv:401,refadv:401,an all-black handbag without a concentric circle design,True,3,openimages,True,9,logical,0.0,0.1338312178850174,0.0,0.16263383626937866,0.0,0.09108597040176392,0.0,0.13497187197208405,0.0,0.1380971521139145,0.3333333432674408,0.21020221710205078,0.0,0.15523838996887207,0.3333333432674408,0.21656619012355804,0.0,0.0
refadv:402,refadv:402,a striped necktie that also has black in it,False,2,openimages,True,9,unclassified,0.0,0.1268501728773117,1.0,0.16790412366390228,0.0,0.11362967640161514,0.3333333432674408,0.099773108959198,0.0,0.02463674359023571,0.0,0.04384416341781616,0.0,0.05348123982548714,0.0,0.10763019323348999,0.0,0.0
refadv:403,refadv:403,"a stool with a round, white seat",False,3,openimages,True,7,direct,0.0,0.18191631138324738,0.0,0.13555429875850677,0.0,0.009232762269675732,0.0,0.08816085010766983,0.0,0.1092987060546875,0.0,0.1466287523508072,0.0,0.08360752463340759,0.0,0.14447210729122162,0.0,0.0
refadv:404,refadv:404,the person neither wearing a mask nor standing up,True,2,openimages,True,9,logical,0.0,0.2292719930410385,0.6666666865348816,0.14771023392677307,0.0,0.4722081124782562,1.0,0.4155731201171875,0.0,0.40442955493927,0.3333333432674408,0.3652879297733307,0.0,0.42291179299354553,0.6666666865348816,0.36175358295440674,0.0,0.0
refadv:405,refadv:405,the person wearing a green jersey whose number is not visible,True,9,openimages,True,11,logical,0.0,0.015501181595027447,0.3333333432674408,0.10019289702177048,0.0,0.0,0.0,0.0350799486041069,0.0,0.0,0.0,0.029037311673164368,0.0,0.0,0.0,0.0503651387989521,0.0,0.0
refadv:406,refadv:406,the person in black clothing and not wearing a hat,True,3,openimages,True,10,logical,0.0,0.21514828503131866,0.0,0.24788904190063477,0.0,0.010534745641052723,0.0,0.07946177572011948,0.0,0.03726864233613014,0.0,0.09841793030500412,0.0,0.010534745641052723,0.0,0.1025799885392189,0.0,0.0
refadv:407,refadv:407,the drawer on the second level to the left of the stove,False,4,openimages,True,12,logical,0.0,0.04690902307629585,0.0,0.03326648101210594,0.0,0.11318578571081161,0.0,0.06519303470849991,0.0,0.09896185249090195,0.0,0.05655481293797493,0.0,0.10566645115613937,0.0,0.07209131866693497,0.0,0.0
refadv:408,refadv:408,the person playing a wind instrument whose hair is not pure black,True,2,openimages,True,12,logical,0.0,0.040839873254299164,0.0,0.1462116837501526,0.0,0.0,0.0,0.037253424525260925,0.0,0.014138097874820232,0.0,0.04064052924513817,0.0,0.007521660532802343,0.0,0.038748834282159805,0.0,0.0
refadv:409,refadv:409,the cat whose eyes are both open and whose paw is not resting on the top among other cats,True,2,openimages,True,19,logical,1.0,0.5725541114807129,1.0,0.6066127419471741,1.0,0.6766417622566223,1.0,0.5958208441734314,0.6666666865348816,0.6357662081718445,1.0,0.5953105092048645,1.0,0.6627711653709412,1.0,0.6131457090377808,0.3333333134651184,0.3333333134651184
refadv:410,refadv:410,the person wearing a black jersey but not holding a ball,True,6,openimages,True,11,logical,0.0,0.1039152666926384,0.3333333432674408,0.10239901393651962,0.0,0.04901637136936188,0.0,0.052010297775268555,0.0,0.07182005792856216,0.0,0.053975168615579605,0.0,0.06739664822816849,0.0,0.06087552011013031,0.0,0.0
refadv:411,refadv:411,the glass that contains neither the most nor the least wine,True,5,openimages,True,11,logical,0.0,0.05159376934170723,0.0,0.034158024936914444,0.0,0.08323489129543304,0.0,0.039905618876218796,0.0,0.026883097365498543,0.0,0.044009506702423096,0.0,0.06897171586751938,0.0,0.04494604840874672,0.0,0.0
refadv:412,refadv:412,the dress worn by a person wearing glasses and not holding a gong,True,4,openimages,True,13,logical,0.0,0.12247327715158463,0.0,0.20720036327838898,0.3333333432674408,0.4064353406429291,0.6666666865348816,0.4069184362888336,0.0,0.3394087851047516,0.6666666865348816,0.374208003282547,0.0,0.19698257744312286,0.3333333432674408,0.30052468180656433,0.3333333432674408,0.0
refadv:413,refadv:413,a goose with a green head that is not flying at the rear,True,2,openimages,True,13,logical,0.0,0.25295376777648926,1.0,0.30536481738090515,0.0,0.3529525697231293,0.6666666865348816,0.3524740934371948,0.0,0.325421541929245,0.6666666865348816,0.34659186005592346,0.0,0.38890358805656433,0.0,0.3549501895904541,0.0,0.0
refadv:414,refadv:414,the pair of skis next to a wooden post and not red,True,2,openimages,True,12,logical,0.0,0.10055603832006454,0.3333333432674408,0.13214397430419922,0.0,0.26386043429374695,1.0,0.3114960491657257,0.0,0.30166807770729065,1.0,0.3578559458255768,0.0,0.23892013728618622,1.0,0.30426010489463806,0.0,0.0
refadv:415,refadv:415,"the shrimp that is not at the top, whose head faces the left side of the image, and is further from the vegetable salad",True,4,openimages,True,24,logical,0.0,0.1915980726480484,0.3333333432674408,0.17262029647827148,0.0,0.1623469740152359,0.0,0.14383667707443237,0.0,0.12998643517494202,0.0,0.11113756895065308,0.0,0.13461782038211823,0.0,0.1174614205956459,0.0,0.0
refadv:416,refadv:416,"the monkey that is neither opening its mouth nor lying flat, and is also further from the camera",True,3,openimages,True,18,logical,0.0,0.0,0.0,0.00444933632388711,0.0,0.0,0.0,0.0012129911920055747,0.0,0.0,0.0,0.0013636552030220628,0.0,0.0,0.0,0.001536436378955841,0.0,0.0
refadv:417,refadv:417,the double-decker bus that is not going to “North Finchley” and not green,True,3,openimages,True,14,logical,0.0,0.4527958929538727,1.0,0.41757068037986755,0.3333333432674408,0.43714943528175354,1.0,0.3974647521972656,0.0,0.4329098165035248,1.0,0.34623289108276367,0.6666666865348816,0.4887204170227051,1.0,0.39303669333457947,0.3333333432674408,0.6666666865348816
refadv:418,refadv:418,a sailboat whose sail is entirely white and closer to the sailboat with red sail,False,3,openimages,True,15,unclassified,0.0,0.019870107993483543,0.0,0.03350729122757912,0.0,0.0,0.0,0.01590127684175968,0.0,0.004669822286814451,0.0,0.016587242484092712,0.0,0.0,0.0,0.01593933254480362,0.0,0.0
refadv:419,refadv:419,an adult cow that is on the same side of the fence as the camera and is partially out of frame,False,4,openimages,True,21,logical,0.0,0.11555745452642441,0.0,0.20082473754882812,0.0,0.0,0.0,0.11104923486709595,0.0,0.04028603062033653,0.0,0.18020671606063843,0.0,0.0,0.0,0.13416428864002228,0.0,0.0
refadv:420,refadv:420,the waste container without a lid and in front of which the ground is not wet,True,2,openimages,True,16,logical,0.0,0.26645681262016296,0.6666666865348816,0.280143141746521,0.0,0.2887217104434967,0.0,0.247632697224617,0.0,0.2720080316066742,0.0,0.24085009098052979,0.0,0.32714760303497314,0.3333333432674408,0.30373889207839966,0.0,0.0
refadv:421,refadv:421,the low table in the foreground in the crowded scene,False,2,openimages,False,10,absolute,0.0,0.16650934517383575,0.0,0.11550635099411011,0.0,0.1996629238128662,0.0,0.13699088990688324,0.0,0.09505000710487366,0.0,0.10864561796188354,0.0,0.1751195788383484,0.0,0.13309432566165924,0.0,0.0
refadv:422,refadv:422,the front table in a busy group gathering,False,2,openimages,False,8,direct,0.0,0.2205481380224228,0.0,0.09714480489492416,0.0,0.003926738165318966,0.0,0.06321173906326294,0.0,0.0,0.0,0.05455169081687927,0.0,0.04815451800823212,0.0,0.07963363826274872,0.0,0.0
refadv:423,refadv:423,"the party table, not red-topped",True,2,openimages,False,6,logical,0.0,0.03646628186106682,0.0,0.041926365345716476,0.0,0.022691160440444946,0.0,0.04499748721718788,0.0,0.012530441395938396,0.0,0.0443752259016037,0.0,0.03162287548184395,0.0,0.06147872284054756,0.0,0.0
refadv:424,refadv:424,the table for a party or banquet at the very front bottom of the image,False,2,openimages,False,15,unclassified,0.0,0.13257703185081482,0.0,0.08117764443159103,0.0,0.0,0.0,0.03856787085533142,0.0,0.0,0.0,0.03976422920823097,0.0,0.0,0.0,0.041048239916563034,0.0,0.0
refadv:425,refadv:425,the left of the two eyes without eyeglasses,True,2,openimages,False,8,logical,0.0,0.0,0.0,0.00021715900220442563,0.0,0.0,0.0,4.4856522436020896e-05,0.0,0.0,0.0,3.525123975123279e-05,0.0,0.0,0.0,7.636420923518017e-05,0.0,0.0
refadv:426,refadv:426,the eye without eyeglasses showing slightly more defined lower-lid crease detail,True,2,openimages,False,12,logical,0.0,0.00015012283984106034,0.0,0.0005320658092387021,0.0,0.0,0.0,0.00033614839776419103,0.0,0.0,0.0,0.0001825438957894221,0.0,0.0,0.0,0.00018722527602221817,0.0,0.0
refadv:427,refadv:427,the left of the two eyes on the more front facing head,False,2,openimages,False,12,logical,0.0,0.00013973146269563586,0.0,0.00025098377955146134,0.0,0.0,0.0,3.2555941288592294e-05,0.0,0.0,0.0,2.0634019165299833e-05,0.0,0.0,0.0,3.3061642170650885e-05,0.0,0.0
refadv:428,refadv:428,the more front-facing eye with a clearer lower-lid crease,False,2,openimages,False,11,unclassified,0.0,0.0,0.0,0.00021077303972560912,0.0,0.0,0.0,0.00021278101485222578,0.0,0.0,0.0,0.0001079408684745431,0.0,0.0,0.0,9.495599078945816e-05,0.0,0.0
refadv:429,refadv:429,the person in a dark business suit and tie with less receded hairline,True,4,openimages,False,13,unclassified,0.0,0.2892683446407318,1.0,0.3302360475063324,0.0,0.3032248914241791,0.3333333432674408,0.2631671130657196,0.0,0.2088984251022339,0.0,0.179429292678833,0.0,0.30404242873191833,0.3333333432674408,0.2575184404850006,0.0,0.0
refadv:430,refadv:430,the soldier in camouflage with a visible U.S. flag patch on the upper sleeve,False,2,openimages,False,15,unclassified,0.0,0.36674490571022034,0.6666666865348816,0.6962469220161438,0.3333333432674408,0.42357560992240906,0.3333333432674408,0.6898559927940369,0.3333333432674408,0.4546925127506256,0.6666666865348816,0.6913792490959167,0.3333333432674408,0.5315279960632324,1.0,0.7522709965705872,0.0,0.0
refadv:431,refadv:431,the soldier in camouflage military gear not at the lower-right edge,True,2,openimages,False,12,logical,0.0,0.3189183175563812,0.0,0.6444725394248962,0.3333333432674408,0.34217798709869385,0.3333333432674408,0.5820357203483582,0.0,0.398476243019104,1.0,0.6896073222160339,0.3333333432674408,0.36728987097740173,0.6666666865348816,0.6294909119606018,0.3333333432674408,0.3333333432674408
refadv:432,refadv:432,the adult-sized assisting person without a visible U.S. flag patch,True,2,openimages,False,12,logical,0.0,0.13458101451396942,0.0,0.20218856632709503,0.0,0.060982074588537216,0.0,0.12519247829914093,0.0,0.03833095729351044,0.0,0.10162078589200974,0.0,0.033332377672195435,0.0,0.08663889020681381,0.0,0.0
refadv:433,refadv:433,the adult-sized person at the right,False,2,openimages,False,7,absolute,0.0,0.401899129152298,0.6666666865348816,0.3728668689727783,0.0,0.290878027677536,0.0,0.3067394196987152,0.0,0.23183925449848175,0.3333333432674408,0.23992383480072021,0.0,0.20107078552246094,0.6666666865348816,0.2503235340118408,0.0,0.0
refadv:434,refadv:434,the small upright figure,False,2,openimages,False,4,direct,0.0,0.0,0.0,0.005405157804489136,0.0,0.0013556989142671227,0.0,0.006211021915078163,0.0,0.0,0.0,0.0039840685203671455,0.0,0.0,0.0,0.004603472072631121,0.0,0.0
refadv:435,refadv:435,the upright mammal holding a long-handled shovel,False,2,openimages,False,8,relational,0.0,0.32841336727142334,1.0,0.4409012794494629,0.0,0.1720563918352127,0.6666666865348816,0.3208516240119934,0.3333333432674408,0.482936829328537,0.6666666865348816,0.5411129593849182,0.6666666865348816,0.38264521956443787,0.6666666865348816,0.4804348051548004,-0.3333333432674408,0.3333333432674408
refadv:436,refadv:436,the upright mammal with legs not merged into a single narrow silhouette,True,2,openimages,False,12,logical,0.0,0.31391438841819763,0.0,0.2513670325279236,0.0,0.15508587658405304,0.3333333432674408,0.2235289365053177,0.3333333432674408,0.21475760638713837,0.3333333432674408,0.2734631299972534,0.0,0.08248697221279144,0.3333333432674408,0.15391579270362854,-0.3333333432674408,-0.3333333432674408
refadv:437,refadv:437,"the small, distant mammal silhouette",False,2,openimages,False,5,direct,0.0,0.0,0.0,0.008187343366444111,0.0,0.0,0.0,0.0017677239375188947,0.0,0.0,0.0,0.0029999464750289917,0.0,0.0,0.0,0.0020014974288642406,0.0,0.0
refadv:438,refadv:438,the mammal in the center-to-right holding a long-handled shovel,False,2,openimages,False,12,relational,0.0,0.3392582833766937,1.0,0.5984286665916443,1.0,0.6745203137397766,1.0,0.7300148606300354,1.0,0.6640223264694214,1.0,0.7895143628120422,1.0,0.6214475631713867,1.0,0.8137581944465637,0.0,0.0
refadv:439,refadv:439,the mammal on the center-to-right with a lower body merged into a single narrow silhouette,False,2,openimages,False,17,absolute,0.0,0.0,0.0,0.009527063928544521,0.0,0.011257723905146122,0.0,0.010927882976830006,0.0,0.006659498903900385,0.0,0.008434929884970188,0.0,0.0,0.0,0.004268233198672533,0.0,0.0
refadv:440,refadv:440,the fully visible bicycle with both wheels in frame on the left side of the railing,False,2,openimages,False,16,logical,0.0,0.2652272880077362,1.0,0.24745899438858032,0.6666666865348816,0.5201197266578674,0.6666666865348816,0.44844749569892883,0.6666666865348816,0.5515361428260803,1.0,0.4810544550418854,1.0,0.5297783017158508,1.0,0.49304983019828796,0.0,0.3333333134651184
refadv:441,refadv:441,the fully visible bicycle with the saddle set a bit lower,False,2,openimages,False,11,unclassified,0.0,0.31773868203163147,0.0,0.24880467355251312,0.0,0.47093358635902405,0.6666666865348816,0.41467246413230896,0.3333333432674408,0.46109065413475037,0.6666666865348816,0.4178425371646881,0.0,0.4709336757659912,1.0,0.4151823818683624,-0.3333333432674408,-0.3333333432674408
refadv:442,refadv:442,the bicycle near the center side of the bridge railing that is left of the other bicycle,False,2,openimages,False,17,relational,0.0,0.3769645690917969,1.0,0.30637654662132263,0.3333333432674408,0.5176729559898376,1.0,0.4545671045780182,1.0,0.5506590008735657,1.0,0.5028600692749023,1.0,0.5668590068817139,1.0,0.5080274939537048,-0.6666666269302368,0.0
refadv:443,refadv:443,the bicycle near the center side of the bridge railing with the saddle set a bit higher,False,2,openimages,False,17,relational,0.0,0.3597152531147003,0.3333333432674408,0.3090936243534088,0.3333333432674408,0.3373681604862213,0.3333333432674408,0.28006911277770996,0.0,0.23013417422771454,0.0,0.23949496448040009,0.0,0.24141626060009003,0.0,0.25342270731925964,0.3333333432674408,0.0
refadv:444,refadv:444,the midground person with a raised hand,False,4,openimages,False,7,direct,0.0,0.2900597155094147,0.3333333432674408,0.28012052178382874,0.3333333432674408,0.3746875524520874,0.3333333432674408,0.3998964726924896,0.0,0.12800724804401398,0.0,0.20202255249023438,0.0,0.34971627593040466,0.3333333432674408,0.4122798442840576,0.3333333432674408,0.0
refadv:445,refadv:445,the person facing away or sideways toward the group while applauding with a raised hand,False,4,openimages,False,15,unclassified,0.0,0.3067292273044586,1.0,0.38208985328674316,0.3333333432674408,0.41003647446632385,1.0,0.5388131141662598,0.0,0.32575640082359314,1.0,0.5120468139648438,0.3333333432674408,0.37888041138648987,1.0,0.5780296921730042,0.3333333432674408,0.3333333432674408
refadv:446,refadv:446,the seated foreground reader with a short haircut,False,3,openimages,False,8,absolute,0.0,0.461687833070755,1.0,0.42484357953071594,0.0,0.017132282257080078,0.0,0.11836584657430649,0.0,0.15245595574378967,0.0,0.16204644739627838,0.0,0.10783351212739944,0.0,0.15351296961307526,0.0,0.0
refadv:447,refadv:447,the seated foreground reader not in a black puffer jacket,True,3,openimages,False,10,logical,0.0,0.3404058516025543,0.0,0.396110862493515,0.0,0.017132282257080078,0.0,0.09849167615175247,0.0,0.0,0.0,0.05865037441253662,0.0,0.0,0.0,0.04822609946131706,0.0,0.0
refadv:448,refadv:448,the fully visible person with a short haircut,False,3,openimages,False,8,direct,0.0,0.347185879945755,0.0,0.3871403932571411,0.0,0.1437310129404068,0.0,0.08167243748903275,0.0,0.29707470536231995,0.0,0.1347392201423645,0.0,0.17645062506198883,0.0,0.11402413994073868,0.0,0.0
refadv:449,refadv:449,the fully visible person in a black jacket,False,3,openimages,False,8,direct,0.0,0.4262658655643463,0.0,0.34467920660972595,0.0,0.12906204164028168,0.0,0.24874113500118256,0.0,0.20774948596954346,0.0,0.24763663113117218,0.0,0.09247445315122604,0.0,0.2354280948638916,0.0,0.0
refadv:450,refadv:450,the loose straight-leg performance-style pants with a slightly more folded hem at the ankle,False,3,openimages,False,16,unclassified,0.0,0.0,0.0,0.014642879366874695,0.0,0.0,0.0,0.007649160455912352,0.0,0.0017616613768041134,0.0,0.0070880805142223835,0.0,0.0,0.0,0.0012960558524355292,0.0,0.0
refadv:451,refadv:451,"the large clearly resolved wheel, not the wheel farther back under the rear quarter panel",True,3,openimages,False,15,logical,0.0,0.0,0.0,0.01848278008401394,0.0,0.0,0.0,0.0070575871504843235,0.0,0.0,0.0,0.003391166916117072,0.0,0.0,0.0,0.005144543945789337,0.0,0.0
refadv:452,refadv:452,the large clearly resolved wheel that appears wider,False,3,openimages,False,8,direct,0.0,0.11786458641290665,0.0,0.07795953005552292,0.0,0.13424943387508392,0.0,0.08088160306215286,0.0,0.06393662095069885,0.0,0.046632200479507446,0.0,0.10308904200792313,0.0,0.06840511411428452,0.0,0.0
refadv:453,refadv:453,the white-robed turbaned man leaning forward,False,5,openimages,False,7,direct,0.0,0.39869454503059387,1.0,0.4319756329059601,1.0,0.6728336215019226,1.0,0.6714550852775574,0.6666666865348816,0.6146687865257263,1.0,0.6606996655464172,1.0,0.6022668480873108,1.0,0.6160333752632141,0.3333333134651184,0.3333333134651184
refadv:454,refadv:454,the white-robed turbaned man with pants visible below his tunic,False,5,openimages,False,11,relational,0.0,0.2363962084054947,0.6666666865348816,0.2367921620607376,0.0,0.3558674156665802,1.0,0.4139846861362457,0.0,0.31143417954444885,0.3333333432674408,0.3040291368961334,0.0,0.2861379384994507,0.3333333432674408,0.29554757475852966,0.0,0.0
refadv:455,refadv:455,the white-robed turbaned man with the black beard,False,5,openimages,False,9,unclassified,0.0,0.24660496413707733,1.0,0.31631967425346375,0.0,0.4338236153125763,1.0,0.3728821277618408,0.0,0.2867424190044403,0.3333333432674408,0.2637840211391449,0.0,0.32821354269981384,0.3333333432674408,0.2729102671146393,0.0,0.0
refadv:456,refadv:456,the bearded person wearing eyeglasses,False,3,openimages,False,5,direct,0.0,0.40459874272346497,0.0,0.21601338684558868,0.3333333432674408,0.46386924386024475,0.3333333432674408,0.34485507011413574,0.3333333432674408,0.259855180978775,0.3333333432674408,0.19036711752414703,0.0,0.2266407459974289,0.3333333432674408,0.24257700145244598,0.0,-0.3333333432674408
refadv:457,refadv:457,the person wearing eyeglasses with a face not in clear focus,True,3,openimages,False,11,logical,0.0,0.13936536014080048,1.0,0.1767355352640152,0.6666666865348816,0.41410312056541443,1.0,0.4686655104160309,0.0,0.24051368236541748,0.6666666865348816,0.35047438740730286,0.0,0.2577340602874756,0.6666666865348816,0.4014429748058319,0.6666666865348816,0.0
refadv:458,refadv:458,the clean-shaven person seated on the right side of the table,False,3,openimages,False,12,relational,0.0,0.15365047752857208,1.0,0.2134309858083725,0.0,0.43011483550071716,1.0,0.5005615949630737,0.3333333432674408,0.4640326499938965,1.0,0.459916353225708,0.3333333432674408,0.41314697265625,1.0,0.49262747168540955,-0.3333333432674408,0.0
refadv:459,refadv:459,the right side seated person with more obscured face,False,3,openimages,False,9,absolute,0.0,0.13045163452625275,1.0,0.25354239344596863,0.6666666865348816,0.5575668811798096,1.0,0.5403324365615845,0.3333333432674408,0.49842140078544617,1.0,0.4919932782649994,1.0,0.6576003432273865,1.0,0.5691775679588318,0.3333333432674408,0.6666666269302368
refadv:460,refadv:460,the tall black rectangular speaker cabinet on the left of chair,False,6,openimages,False,11,relational,0.0,0.0,0.0,0.002577102743089199,0.0,0.0,0.0,0.00470382533967495,0.0,0.0,0.0,0.0017117824172601104,0.0,0.0,0.0,0.0029919466469436884,0.0,0.0
refadv:461,refadv:461,the tall black rectangular speaker cabinet backed by a wall area with no corkboard nearby,True,6,openimages,False,15,logical,0.0,0.0,0.0,0.002868733135983348,0.0,0.007354832720011473,0.0,0.012786466628313065,0.0,0.001957713393494487,0.0,0.002879756735637784,0.0,0.0,0.0,0.003656446933746338,0.0,0.0
refadv:462,refadv:462,the speaker placed high on top shelving unit that are left of chair,False,6,openimages,False,13,relational,0.0,0.0033648249227553606,0.0,0.007673036307096481,0.0,0.002451611217111349,0.0,0.002677949145436287,0.0,0.0,0.0,0.003474779427051544,0.0,0.0022764962632209063,0.0,0.0010582695249468088,0.0,0.0
refadv:463,refadv:463,the home appliance placed high on top of the shelving units backed by a mostly white wall area,False,6,openimages,False,18,relational,0.0,0.00849651638418436,0.0,0.010491003282368183,0.0,0.0,0.0,0.00026570563204586506,0.0,0.0,0.0,0.00017695252608973533,0.0,0.0,0.0,0.0002580290019977838,0.0,0.0
refadv:464,refadv:464,"the person standing behind the kitchen counter, not the gray-haired one",True,2,openimages,False,12,logical,0.0,0.16161324083805084,1.0,0.17610050737857819,0.0,0.39184626936912537,1.0,0.43787041306495667,0.0,0.32585006952285767,1.0,0.35277673602104187,0.3333333432674408,0.3096350133419037,0.6666666865348816,0.3535057604312897,0.0,0.3333333432674408
refadv:465,refadv:465,the person standing behind the kitchen counter in a solid dark pullover,False,2,openimages,False,12,relational,0.0,0.17213384807109833,1.0,0.1885724514722824,0.0,0.3484130799770355,0.6666666865348816,0.39204153418540955,0.0,0.3253847658634186,0.6666666865348816,0.3458345830440521,0.0,0.23480910062789917,0.3333333432674408,0.2629775106906891,0.0,0.0
refadv:466,refadv:466,the person standing behind the kitchen counter with a faint smile,False,2,openimages,False,11,relational,0.0,0.14381788671016693,0.0,0.15296705067157745,0.0,0.3996928036212921,0.0,0.36808475852012634,0.0,0.28630077838897705,0.0,0.2885249853134155,0.0,0.3033241331577301,0.0,0.3043350279331207,0.0,0.0
refadv:467,refadv:467,the slightly forward-leaning person standing behind the kitchen counter,False,2,openimages,False,10,relational,0.0,0.13330908119678497,0.6666666865348816,0.17986150085926056,0.0,0.42232203483581543,0.6666666865348816,0.4058198928833008,0.3333333432674408,0.36695417761802673,0.3333333432674408,0.3230474293231964,0.0,0.2271256446838379,0.3333333432674408,0.2611965239048004,-0.3333333432674408,-0.3333333432674408
refadv:468,refadv:468,the more front-facing person with darker hair,False,2,openimages,False,8,logical,0.0,0.15770117938518524,0.0,0.13424833118915558,0.0,0.24501685798168182,0.6666666865348816,0.2953577935695648,0.0,0.2049165964126587,0.3333333432674408,0.21083897352218628,0.3333333432674408,0.29716649651527405,0.3333333432674408,0.3217950165271759,0.0,0.3333333432674408
refadv:469,refadv:469,the more front-facing person in the striped sweater,False,2,openimages,False,9,unclassified,0.0,0.12479875236749649,0.0,0.11126387864351273,0.0,0.20851922035217285,0.6666666865348816,0.25532397627830505,0.0,0.25938352942466736,0.3333333432674408,0.30358484387397766,0.3333333432674408,0.28492602705955505,1.0,0.33937668800354004,0.0,0.3333333432674408
refadv:470,refadv:470,the more front-facing person leaning slightly forward near the counter,False,2,openimages,False,11,relational,0.0,0.11711770296096802,0.0,0.11157431453466415,0.0,0.0938122496008873,0.0,0.10736533254384995,0.0,0.2217177301645279,0.0,0.17659814655780792,0.0,0.16020868718624115,0.6666666865348816,0.16451776027679443,0.0,0.0
refadv:471,refadv:471,the man in the adjacent center-right pair behind the net with his arms hanging close to his sides and hands lower,False,7,openimages,False,22,relational,0.0,0.06068279221653938,0.3333333432674408,0.07474388927221298,0.0,0.13966058194637299,0.6666666865348816,0.1127004399895668,0.0,0.1348506361246109,0.6666666865348816,0.11060713976621628,0.0,0.1444828063249588,0.6666666865348816,0.14330509305000305,0.0,0.0
refadv:472,refadv:472,the man in the center-right adjacent pair behind the net wearing pants,False,7,openimages,False,13,relational,0.0,0.06865443289279938,0.0,0.07572048902511597,0.0,0.09149962663650513,0.0,0.07324221730232239,0.0,0.09149962663650513,0.0,0.0718863382935524,0.0,0.09735820442438126,0.0,0.08560945838689804,0.0,0.0
refadv:473,refadv:473,the center man in a ready stance with his arms held forward not hanging close to his sides,True,7,openimages,False,18,logical,0.0,0.10876335948705673,0.0,0.08974358439445496,0.0,0.2451096773147583,0.0,0.19796890020370483,0.0,0.2451096773147583,0.0,0.17750056087970734,0.0,0.2647184729576111,0.0,0.1775394231081009,0.0,0.0
refadv:474,refadv:474,the solid blue kit player not with short gray hair,True,5,openimages,False,10,logical,0.0,0.02767379768192768,0.0,0.06603574007749557,0.0,0.04589223861694336,0.0,0.08301789313554764,0.0,0.16007326543331146,0.0,0.1511216014623642,0.0,0.2015846222639084,0.0,0.2028401643037796,0.0,0.0
refadv:475,refadv:475,the blue shorts and blue socks player with short dark hair,False,5,openimages,False,11,unclassified,0.0,0.01776919513940811,0.0,0.052626967430114746,0.0,0.0288041103631258,0.0,0.04108365997672081,0.0,0.08159314841032028,0.0,0.09185900539159775,0.0,0.15147371590137482,0.0,0.116022489964962,0.0,0.0
refadv:476,refadv:476,the slightly left wheel on the black enclosed trailer at the far right side of the image,False,5,openimages,False,17,absolute,0.0,0.0,0.0,0.0019617241341620684,0.0,0.0050080930814146996,0.0,0.004811447579413652,0.0,0.0029980421531945467,0.0,0.0027680557686835527,0.0,0.004818282090127468,0.0,0.004703242797404528,0.0,0.0
refadv:477,refadv:477,"the recessed porch with the larger, taller opening",False,2,openimages,False,8,logical,0.0,0.06360437721014023,0.0,0.02863946370780468,0.0,0.010713442228734493,0.0,0.013625730760395527,0.0,0.02295496128499508,0.0,0.028111107647418976,0.0,0.0019685563165694475,0.0,0.015451285056769848,0.0,0.0
refadv:478,refadv:478,the recessed porch with a small dark fixture near the center,False,2,openimages,False,11,relational,0.0,0.05663231015205383,0.0,0.023670831695199013,0.0,0.0,0.0,0.010545514523983002,0.0,0.0,0.0,0.015850357711315155,0.0,0.0,0.0,0.010434265248477459,0.0,0.0
refadv:479,refadv:479,the center-right woman with long hair hanging down,False,8,openimages,False,9,absolute,0.0,0.10889893770217896,1.0,0.14132623374462128,0.0,0.2607843279838562,0.3333333432674408,0.20317339897155762,0.0,0.23374001681804657,0.0,0.17694450914859772,0.0,0.2732026278972626,0.0,0.16697128117084503,0.0,0.0
refadv:480,refadv:480,the right-side yellow-hat-wearing male performer with darker near-black shoes,False,4,openimages,False,13,logical,0.0,0.09259247034788132,0.3333333432674408,0.10414604097604752,0.0,0.02730928175151348,0.0,0.06070788577198982,0.0,0.0,0.0,0.03608788922429085,0.0,0.02730928175151348,0.0,0.04804183170199394,0.0,0.0
refadv:481,refadv:481,the large front car wheel that is more hidden behind the fender and shadow,False,4,openimages,False,14,relational,0.0,0.0589599609375,0.0,0.03792092576622963,0.0,0.057200122624635696,0.0,0.05922870337963104,0.0,0.07605655491352081,0.0,0.05863330885767937,0.0,0.05486742779612541,0.0,0.054847631603479385,0.0,0.0
refadv:482,refadv:482,the large car wheel at the front axle near the cluttered foreground with bicycle parts,False,4,openimages,False,15,relational,0.0,0.06363122910261154,0.0,0.038825247436761856,0.0,0.06138518452644348,0.0,0.041979819536209106,0.0,0.0661272332072258,0.0,0.05724257230758667,0.0,0.061671312898397446,0.0,0.044439930468797684,0.0,0.0
refadv:483,refadv:483,the person in a soft hood or beanie with an uncovered lower face and visible facial hair,False,3,openimages,False,17,unclassified,0.0,0.19102375209331512,0.6666666865348816,0.18568825721740723,0.0,0.0756189227104187,0.0,0.10332318395376205,0.0,0.0998510792851448,0.3333333432674408,0.10522768646478653,0.0,0.057364702224731445,0.0,0.08872298151254654,0.0,0.0
refadv:484,refadv:484,the person in a soft head covering holding a rifle higher across the chest with the barrel angled slightly down-left,False,3,openimages,False,21,relational,0.0,0.27864721417427063,0.6666666865348816,0.23140990734100342,0.3333333432674408,0.48689326643943787,0.3333333432674408,0.43458059430122375,0.0,0.4234916865825653,0.0,0.39096227288246155,0.0,0.46645060181617737,0.0,0.4390026032924652,0.3333333432674408,0.0
refadv:485,refadv:485,the lower-floor street-level window noticeably blocked by the green car in front,False,6,openimages,False,14,relational,0.0,0.011705552227795124,0.0,0.019010156393051147,0.0,0.022881964221596718,0.0,0.022521376609802246,0.0,0.020380057394504547,0.0,0.02507815510034561,0.0,0.01038492750376463,0.0,0.02691817842423916,0.0,0.0
refadv:486,refadv:486,the bare arm hanging more straight down by the hip,False,2,openimages,False,10,unclassified,0.0,0.01674470864236355,0.0,0.0076273479498922825,0.0,0.012465993873775005,0.0,0.000628461770247668,0.0,0.009787531569600105,0.0,0.0005402772221714258,0.0,0.005607340019196272,0.0,0.0006189433624967933,0.0,0.0
refadv:487,refadv:487,the bare arm not clearly visible against the background,True,2,openimages,False,9,logical,0.0,0.0158037468791008,0.0,0.003268979722633958,0.0,0.010423582047224045,0.0,0.000598790415097028,0.0,0.010377936065196991,0.0,0.00048458160017617047,0.0,0.018871573731303215,0.0,0.0006053156103007495,0.0,0.0
refadv:488,refadv:488,the clearly outlined human arm near the middle right of the image,False,2,openimages,False,12,relational,0.0,0.05344533920288086,0.0,0.03936013951897621,0.0,0.011759071610867977,0.0,0.0029437150806188583,0.0,0.0,0.0,0.0023742245975881815,0.0,0.02275681681931019,0.0,0.0053382874466478825,0.0,0.0
refadv:489,refadv:489,the right small red watermelon cube not the cube near the bottom edge,True,6,openimages,False,13,logical,0.0,0.03723689541220665,0.0,0.03499198332428932,0.0,0.028586311265826225,0.0,0.05330561473965645,0.0,0.07866253703832626,0.0,0.06495552510023117,0.0,0.07016921788454056,0.0,0.06364530324935913,0.0,0.0
refadv:490,refadv:490,"the far-right watermelon cube not fully visible, cut off by the right and bottom frame edge",True,6,openimages,False,17,logical,0.0,0.10684370249509811,0.0,0.12020082026720047,0.0,0.1704055517911911,0.0,0.1664275974035263,0.0,0.1267484724521637,0.0,0.09496631473302841,0.0,0.1371590942144394,0.0,0.13847269117832184,0.0,0.0
refadv:491,refadv:491,the upper window with stain on the brick below the sill,False,5,openimages,False,11,relational,0.0,0.006217258051037788,0.0,0.0635453462600708,0.0,0.04740580916404724,0.0,0.08754057437181473,0.0,0.089120052754879,0.3333333432674408,0.09903273731470108,0.0,0.048543889075517654,0.0,0.0688900351524353,0.0,0.0
refadv:492,refadv:492,the person playing an acoustic guitar without a large sombrero-style hat,True,2,openimages,False,12,logical,0.0,0.4481140077114105,0.6666666865348816,0.3998910188674927,0.3333333432674408,0.5128885507583618,1.0,0.44469746947288513,0.3333333432674408,0.45663824677467346,0.3333333432674408,0.4174416959285736,1.0,0.5904941558837891,1.0,0.5681067109107971,0.0,0.6666666269302368
refadv:493,refadv:493,"the clean-shaven person playing an acoustic guitar, not bearded",True,2,openimages,False,10,logical,0.0,0.4211333692073822,1.0,0.3767751157283783,0.3333333432674408,0.40134716033935547,0.3333333432674408,0.4431813657283783,0.3333333432674408,0.29369059205055237,0.3333333432674408,0.33039769530296326,0.3333333432674408,0.4328020513057709,0.3333333432674408,0.4617052972316742,0.0,0.0
refadv:494,refadv:494,the seated performer without a large sombrero-style hat,True,2,openimages,False,9,logical,0.0,0.2699523866176605,0.0,0.33177366852760315,0.6666666865348816,0.5006297826766968,1.0,0.7614323496818542,0.3333333432674408,0.47162795066833496,1.0,0.7154614329338074,0.3333333432674408,0.4487127363681793,1.0,0.754370391368866,0.3333333432674408,0.0
refadv:495,refadv:495,the man in a formal dark suit and tie with a solid dark tie,False,5,openimages,False,14,unclassified,0.0,0.13453565537929535,0.0,0.13960503041744232,0.0,0.16641591489315033,0.0,0.13667868077754974,0.0,0.1931188851594925,0.0,0.16726504266262054,0.0,0.18814663589000702,0.0,0.15443505346775055,0.0,0.0
refadv:496,refadv:496,the front-facing man in a formal dark suit and tie,False,5,openimages,False,11,unclassified,0.0,0.05906789377331734,0.0,0.05072006210684776,0.0,0.0997859463095665,0.0,0.08213848620653152,0.0,0.12356733530759811,0.3333333432674408,0.10749512910842896,0.0,0.1341124176979065,0.6666666865348816,0.13074778020381927,0.0,0.0
refadv:497,refadv:497,the more front-facing suit man on the right side of the suited lineup,False,5,openimages,False,14,relational,0.0,0.13433824479579926,1.0,0.11727657169103622,0.0,0.13103248178958893,0.0,0.08678776025772095,0.0,0.10679382085800171,0.0,0.08892485499382019,0.0,0.1629902571439743,0.0,0.12379876524209976,0.0,0.0
refadv:498,refadv:498,the small toddler-sized hand with a high grip near the lid,False,2,openimages,False,12,relational,0.0,0.05768038332462311,1.0,0.09184252470731735,0.0,0.08848428726196289,0.0,0.08030986040830612,0.0,0.10327807813882828,0.0,0.10463013499975204,0.0,0.09774074703454971,0.0,0.08682557195425034,0.0,0.0
refadv:499,refadv:499,the small toddler-sized hand with the thumb not distinctly visible,True,2,openimages,False,11,logical,0.0,0.004912956152111292,0.0,0.007222991436719894,0.0,0.0,0.0,0.00574836740270257,0.0,0.0,0.0,0.007496278267353773,0.0,0.0,0.0,0.005816103424876928,0.0,0.0
refadv:500,refadv:500,the hand gripping lower on the clear cup with an orange lid and straw,False,2,openimages,False,14,unclassified,0.0,0.00516640255227685,0.3333333432674408,0.009264654479920864,0.0,0.004640014376491308,0.0,0.003368440316990018,0.0,0.01094567496329546,0.0,0.008211866952478886,0.0,0.0,0.0,0.002660562051460147,0.0,0.0
refadv:501,refadv:501,"the hand wrapped around a clear cup with an orange lid and straw, showing clearly separated thumb and fingers",False,2,openimages,False,19,unclassified,0.0,0.04144163057208061,0.6666666865348816,0.05043625831604004,0.0,0.0,0.0,0.007298867683857679,0.0,0.0,0.0,0.010770081542432308,0.0,0.0,0.0,0.008310613222420216,0.0,0.0
refadv:502,refadv:502,the woman with not saturated red or pink lip color,True,2,openimages,False,10,logical,0.0,0.31242135167121887,1.0,0.32646599411964417,0.3333333432674408,0.43455538153648376,1.0,0.4371825158596039,0.0,0.3301280438899994,1.0,0.3640647828578949,0.0,0.4175744950771332,1.0,0.3928564786911011,0.3333333432674408,0.0
refadv:503,refadv:503,the person in a coat or cardigan with dressy accessories,False,2,openimages,False,10,unclassified,0.0,0.41280803084373474,0.0,0.38848504424095154,0.0,0.1971103549003601,0.0,0.2760474383831024,0.0,0.13107918202877045,0.0,0.2617625296115875,0.0,0.15808291733264923,0.0,0.28178560733795166,0.0,0.0
refadv:504,refadv:504,the person in a coat or cardigan with more muted lip color,False,2,openimages,False,12,unclassified,0.0,0.31337255239486694,1.0,0.3450576364994049,0.3333333432674408,0.39945825934410095,0.6666666865348816,0.4602269232273102,0.6666666865348816,0.5184457302093506,1.0,0.5994954109191895,0.6666666865348816,0.5196920037269592,1.0,0.589346170425415,-0.3333333432674408,0.0
refadv:505,refadv:505,the person in a bright orange soccer kit with an upright stance,False,2,openimages,False,12,unclassified,0.0,0.0724746510386467,1.0,0.1178794577717781,0.0,0.05348813906311989,0.3333333432674408,0.11181559413671494,0.0,0.0,0.0,0.030438793823122978,0.0,0.02121947705745697,0.3333333432674408,0.06422040611505508,0.0,0.0
refadv:506,refadv:506,the person wearing a bright orange soccer kit with a clearly visible sleeve patch,False,2,openimages,False,14,unclassified,0.0,0.3096851408481598,0.0,0.3015857934951782,0.3333333432674408,0.3190929889678955,0.3333333432674408,0.31969958543777466,0.3333333432674408,0.4858228266239166,1.0,0.46341824531555176,0.0,0.33518335223197937,0.3333333432674408,0.3307516276836395,0.0,-0.3333333432674408
refadv:507,refadv:507,"the person in a bright orange soccer kit with readable chest sponsor markings, not blurred",True,2,openimages,False,15,logical,0.0,0.3517129123210907,0.0,0.306490033864975,0.3333333432674408,0.35283997654914856,0.3333333432674408,0.35069480538368225,0.3333333432674408,0.501431941986084,1.0,0.44644656777381897,0.0,0.3995497226715088,0.6666666865348816,0.4180576503276825,0.0,-0.3333333432674408
refadv:508,refadv:508,"the orange-uniformed person leaning forward in a sprinting motion with arms out, not standing upright",True,2,openimages,False,16,logical,0.0,0.32193437218666077,0.0,0.3769259750843048,0.6666666865348816,0.6248982548713684,1.0,0.6537862420082092,1.0,0.6734002232551575,1.0,0.662246584892273,0.6666666865348816,0.6118376851081848,1.0,0.6716859936714172,-0.3333333134651184,-0.3333333134651184
refadv:509,refadv:509,the orange-uniformed player with a clearly visible sleeve patch,False,2,openimages,False,10,unclassified,0.0,0.4408400058746338,1.0,0.5137357115745544,1.0,0.6181187033653259,1.0,0.7328691482543945,1.0,0.7250373959541321,1.0,0.7387690544128418,1.0,0.6498210430145264,1.0,0.7601275444030762,0.0,0.0
refadv:510,refadv:510,the orange-uniformed person whose chest sponsor markings are not readable,True,2,openimages,False,11,logical,0.0,0.04480457305908203,1.0,0.0945197343826294,0.0,0.0,0.0,0.019900590181350708,0.0,0.0,0.0,0.009653250686824322,0.0,0.0,0.0,0.012027482502162457,0.0,0.0
refadv:511,refadv:511,the more fully visible face closer to the camera in the middle of the row,False,3,openimages,False,15,absolute,0.0,0.04125333949923515,0.0,0.023219292983412743,0.0,0.0,0.0,0.021587183699011803,0.0,0.013534564524888992,0.0,0.0301312655210495,0.0,0.0,0.0,0.0187215656042099,0.0,0.0
refadv:512,refadv:512,the middle-row face with fuller lips in profile,False,3,openimages,False,9,absolute,0.0,0.05059872567653656,0.0,0.04520013555884361,0.0,0.09325208514928818,0.0,0.09790948033332825,0.0,0.07970539480447769,0.0,0.09167265892028809,0.0,0.10338225960731506,0.0,0.1107897087931633,0.0,0.0
refadv:513,refadv:513,the sleeveless striped top,False,5,openimages,False,4,direct,0.0,0.02933214046061039,0.0,0.04315134882926941,0.0,0.08890634775161743,0.0,0.0717092826962471,0.0,0.08926701545715332,0.0,0.070523701608181,0.0,0.07643837481737137,0.3333333432674408,0.09307348728179932,0.0,0.0
refadv:514,refadv:514,the standing long-sleeve striped top,False,5,openimages,False,6,direct,0.0,0.05562996491789818,0.0,0.06466709822416306,0.0,0.06858275085687637,1.0,0.1134502962231636,0.0,0.08223184198141098,0.0,0.0866696760058403,0.0,0.07700830698013306,0.6666666865348816,0.09301477670669556,0.0,0.0
refadv:515,refadv:515,the woman facing the camera with straighter hair,False,4,openimages,False,8,relational,0.0,0.2771402895450592,0.0,0.20463351905345917,0.0,0.3137820065021515,0.3333333432674408,0.1735377162694931,0.0,0.28105369210243225,0.3333333432674408,0.16594818234443665,0.0,0.29771319031715393,0.3333333432674408,0.16912509500980377,0.0,0.0
refadv:516,refadv:516,the woman facing the camera with more vivid lip color,False,4,openimages,False,10,relational,0.0,0.2978239357471466,0.0,0.24671363830566406,0.0,0.21636860072612762,0.0,0.17986632883548737,0.0,0.2998904287815094,0.3333333432674408,0.25352582335472107,0.0,0.2500673234462738,0.0,0.21986515820026398,0.0,0.0
refadv:517,refadv:517,"the boxy high-rise with a concrete-like facade, not a purplish gray one",True,2,openimages,False,14,logical,0.0,0.22198252379894257,1.0,0.268953800201416,0.0,0.36937376856803894,0.6666666865348816,0.37085601687431335,0.0,0.378449946641922,0.6666666865348816,0.3655710220336914,0.0,0.383541077375412,0.0,0.3166227638721466,0.0,0.0
refadv:518,refadv:518,"the tower with a dense grid of small, evenly spaced windows, not tan or beige",True,2,openimages,False,15,logical,0.0,0.07967112958431244,0.0,0.1382649540901184,0.0,0.1114564836025238,0.3333333432674408,0.1865234375,0.0,0.05516993999481201,0.0,0.1463770717382431,0.0,0.015634866431355476,0.0,0.10527601093053818,0.0,0.0
refadv:519,refadv:519,lower-cut red bikini top with more triangular cup look,False,9,openimages,False,10,unclassified,0.0,0.018494179472327232,0.3333333432674408,0.021013913676142693,0.0,0.011557375080883503,0.3333333432674408,0.02060408890247345,0.0,0.017385082319378853,0.0,0.017974212765693665,0.0,0.0012783013517037034,0.0,0.006772402208298445,0.0,0.0
refadv:520,refadv:520,the deeper red bikini top,False,9,openimages,False,5,direct,0.0,0.019916808232665062,0.0,0.021084098145365715,0.0,0.014100910164415836,0.0,0.02707046829164028,0.0,0.019199678674340248,0.0,0.02637169510126114,0.0,0.008338529616594315,0.0,0.012618236243724823,0.0,0.0
refadv:521,refadv:521,the red bikini top on person that is whiter,False,9,openimages,False,9,unclassified,0.0,0.022690260782837868,0.0,0.023843931034207344,0.0,0.02932351641356945,0.3333333432674408,0.036818068474531174,0.0,0.033115994185209274,0.0,0.028800873085856438,0.0,0.03397236764431,0.0,0.022091520950198174,0.0,0.0
refadv:522,refadv:522,lower-cut red bikini top with visible white branding and more triangular cup look,False,9,openimages,False,14,unclassified,0.0,0.017672216519713402,0.0,0.018115347251296043,0.0,0.011333134025335312,0.0,0.02130690962076187,0.0,0.009215040132403374,0.0,0.012848380021750927,0.0,0.01966126821935177,0.0,0.020763790234923363,0.0,0.0
refadv:523,refadv:523,"the red swimwear top with visible white branding, not the brighter red shade",True,9,openimages,False,13,logical,0.0,0.012027420103549957,0.0,0.008755143731832504,0.0,0.009272563271224499,0.0,0.016436291858553886,0.0,0.004796933848410845,0.0,0.006172617431730032,0.0,0.0070768496952950954,0.0,0.011164821684360504,0.0,0.0
refadv:524,refadv:524,"the red swimwear top with visible white branding, less shiny shade",True,9,openimages,False,11,unclassified,0.0,0.011782978661358356,0.0,0.011079383082687855,0.0,0.008499850519001484,0.3333333432674408,0.016057264059782028,0.0,0.0,0.0,0.005475326906889677,0.0,0.0070768496952950954,0.0,0.006752402056008577,0.0,0.0
refadv:525,refadv:525,"the clearly visible wheel, not the front wheel near the bus nose",True,2,openimages,False,12,logical,0.0,0.027743740007281303,0.0,0.02748297154903412,0.0,0.0352012924849987,0.0,0.028216838836669922,0.0,0.03567216917872429,0.0,0.02597041428089142,0.0,0.03472353518009186,0.0,0.024443842470645905,0.0,0.0
refadv:526,refadv:526,the larger clearly visible wheel in the foreground,False,2,openimages,False,8,logical,0.0,0.05037648603320122,0.0,0.03635452315211296,0.0,0.03881142660975456,0.0,0.03890809044241905,0.0,0.05714999511837959,0.0,0.05136164650321007,0.0,0.04389948770403862,0.0,0.044492561370134354,0.0,0.0
refadv:527,refadv:527,the clearly visible wheel with more defined rim holes and hub detail,False,2,openimages,False,12,unclassified,0.0,0.0506320595741272,0.0,0.041766926646232605,0.0,0.04560655727982521,0.0,0.042989592999219894,0.0,0.06296589225530624,0.0,0.06502371281385422,0.0,0.046479854732751846,0.0,0.04761488363146782,0.0,0.0
refadv:528,refadv:528,the smaller bus-side wheel not in the front,True,2,openimages,False,9,logical,0.0,0.025380603969097137,0.0,0.02279067598283291,0.0,0.03625182434916496,0.0,0.026934383437037468,0.0,0.0359957292675972,0.0,0.02681422419846058,0.0,0.029811518266797066,0.3333333432674408,0.025848068296909332,0.0,0.0
refadv:529,refadv:529,the bus side wheel with clearer rim ventilation holes and hub details,False,2,openimages,False,12,unclassified,0.0,0.05124573037028313,0.0,0.056579962372779846,0.0,0.05140592157840729,0.0,0.04787712171673775,0.0,0.05455044284462929,0.0,0.04524598643183708,0.0,0.05225657299160957,0.0,0.04881558194756508,0.0,0.0
refadv:530,refadv:530,the stand-mounted microphone near the brass instrument,False,2,openimages,False,8,relational,0.0,0.05363624170422554,0.6666666865348816,0.04861040413379669,0.0,0.004595732782036066,0.0,0.014831728301942348,0.0,0.020426390692591667,0.0,0.020042868331074715,0.0,0.05839119479060173,0.0,0.06001986935734749,0.0,0.0
refadv:531,refadv:531,the stand-mounted microphone angled diagonally upward to the right,False,2,openimages,False,10,absolute,0.0,0.019208615645766258,0.0,0.02647119201719761,0.0,0.028220070526003838,0.0,0.021046489477157593,0.0,0.04899748042225838,0.3333333432674408,0.04451116919517517,0.0,0.04566320776939392,0.0,0.04190520942211151,0.0,0.0
refadv:532,refadv:532,the foreground woman near the bottom-center with her face clearly visible,False,4,openimages,False,12,relational,0.0,0.09323952347040176,1.0,0.09959089756011963,0.0,0.278322696685791,0.6666666865348816,0.2559565007686615,0.0,0.21907468140125275,0.6666666865348816,0.24671034514904022,0.0,0.21409940719604492,0.3333333432674408,0.25195109844207764,0.0,0.0
refadv:533,refadv:533,the close foreground woman near the bottom-center with the more apparent ponytail hair tie detail,False,4,openimages,False,16,relational,0.0,0.04882989823818207,0.3333333432674408,0.05684410035610199,0.0,0.1552860289812088,0.3333333432674408,0.16484229266643524,0.0,0.15212921798229218,0.6666666865348816,0.2080012559890747,0.0,0.17114536464214325,1.0,0.20442461967468262,0.0,0.0
refadv:534,refadv:534,the open eye with the pupil slightly toward the inner corner,False,2,openimages,False,11,unclassified,0.0,0.005986665841192007,0.0,0.0028557104524224997,0.0,0.006329184863716364,0.0,0.005169208627194166,0.0,0.0026162853464484215,0.0,0.0025080451741814613,0.0,0.006685967091470957,0.0,0.0033507279586046934,0.0,0.0
refadv:535,refadv:535,the unobstructed eye with the pupil shifted toward the inner corner,False,2,openimages,False,11,unclassified,0.0,0.0052040498703718185,0.0,0.003533926559612155,0.0,0.008561644703149796,0.0,0.0068817660212516785,0.0,0.002465110504999757,0.0,0.003013458801433444,0.0,0.008534115739166737,0.0,0.004164311569184065,0.0,0.0
refadv:536,refadv:536,the cattle at the outer edge of the pen with its face towards its right,False,3,openimages,False,15,unclassified,0.0,0.33954155445098877,0.6666666865348816,0.313993901014328,0.6666666865348816,0.5194506645202637,1.0,0.5199891328811646,0.6666666865348816,0.5168360471725464,1.0,0.49236932396888733,0.6666666865348816,0.5188612341880798,1.0,0.5292102694511414,0.0,0.0
refadv:537,refadv:537,the empty black folding chair closer to the camera,False,8,openimages,False,9,unclassified,0.0,0.3444381654262543,0.6666666865348816,0.3366047143936157,0.3333333432674408,0.4728768765926361,1.0,0.5316430926322937,0.6666666865348816,0.4892478287220001,1.0,0.5777341723442078,0.0,0.3592422306537628,1.0,0.4528408944606781,-0.3333333432674408,-0.6666666865348816
refadv:538,refadv:538,the black folding chair that is partially cropped at the left edge,False,8,openimages,False,12,absolute,0.0,0.04387681558728218,0.0,0.0650169774889946,0.0,0.11383926123380661,0.0,0.07241196185350418,0.0,0.1068742498755455,0.0,0.06737835705280304,0.0,0.11612936854362488,0.0,0.0681142508983612,0.0,0.0
refadv:539,refadv:539,the fully visible chair in the left foreground,False,8,openimages,False,8,absolute,0.0,0.27694591879844666,1.0,0.337429016828537,1.0,0.7751416563987732,1.0,0.7174601554870605,1.0,0.7599711418151855,1.0,0.7198963761329651,1.0,0.6737961173057556,1.0,0.7130053639411926,0.0,0.0
refadv:540,refadv:540,the person in a non-blue racing suit holding an object with both hands and head down,True,2,openimages,False,17,logical,0.0,0.20070452988147736,0.0,0.1776038408279419,0.0,0.0,0.0,0.009255999699234962,0.0,0.0,0.0,0.012985076755285263,0.0,0.0,0.0,0.006398547440767288,0.0,0.0
refadv:541,refadv:541,the person in a non-blue racing suit wearing a black cap with a more visible colored logo on the front,False,2,openimages,False,21,unclassified,0.0,0.26880523562431335,0.3333333432674408,0.281161904335022,0.0,0.0,0.0,0.019053952768445015,0.0,0.0,0.0,0.05662814900279045,0.0,0.0,0.0,0.012292969040572643,0.0,0.0
refadv:542,refadv:542,the person in a non-blue racing suit with black panels not wearing red shoes,True,2,openimages,False,15,logical,0.0,0.16224873065948486,0.3333333432674408,0.2599712312221527,0.0,0.26054754853248596,0.0,0.2743699848651886,0.0,0.3267393112182617,0.3333333432674408,0.3293847143650055,0.0,0.37855660915374756,0.3333333432674408,0.33884477615356445,0.0,0.0
refadv:543,refadv:543,"the man on the stage near the performers and microphones, not the one positioned on the left within the singer group",True,5,openimages,False,21,logical,0.0,0.028784407302737236,0.6666666865348816,0.03816929832100868,0.0,0.03184625133872032,0.3333333432674408,0.04683806374669075,0.0,0.01697574369609356,0.0,0.018004564568400383,0.0,0.026912162080407143,0.0,0.03925608471035957,0.0,0.0
refadv:544,refadv:544,the higher traffic light near the center of the frame above the street,False,4,openimages,False,13,relational,0.0,0.0036775004118680954,0.0,0.0034226158168166876,0.0,0.009583629667758942,0.0,0.010584142990410328,0.0,0.005329463165253401,0.0,0.00644843652844429,0.0,0.005015297327190638,0.0,0.005526185501366854,0.0,0.0
refadv:545,refadv:545,the traffic light near the center of the frame above the street that sits slightly to the right of the other light,False,4,openimages,False,22,relational,0.0,0.004313229117542505,0.0,0.001889909734018147,0.0,0.0,0.0,0.003248638706281781,0.0,0.005874399095773697,0.0,0.004963218700140715,0.0,0.0,0.0,0.0013337526470422745,0.0,0.0
refadv:546,refadv:546,the marginally larger traffic light near the center of the frame above the street,False,4,openimages,False,14,logical,0.0,0.004169739782810211,0.0,0.003318934002891183,0.0,0.005949860438704491,0.0,0.011502225883305073,0.0,0.006297887768596411,0.0,0.006950611248612404,0.0,0.0069726561196148396,0.0,0.007678638678044081,0.0,0.0
refadv:547,refadv:547,the lower traffic light in the close vertically aligned pair,False,4,openimages,False,10,unclassified,0.0,0.0032965445425361395,0.0,0.0017674347618594766,0.0,0.009412008337676525,0.0,0.005397103261202574,0.0,0.006530590821057558,0.0,0.003792138071730733,0.0,0.006141431629657745,0.0,0.0020598892588168383,0.0,0.0
refadv:548,refadv:548,"the traffic light in the close vertically aligned pair, not the one slightly to the right",True,4,openimages,False,16,logical,0.0,0.003986770752817392,0.0,0.00211000326089561,0.0,0.0,0.0,0.001336506218649447,0.0,0.0024205397348850965,0.0,0.002512575127184391,0.0,0.0,0.0,0.0008206752245314419,0.0,0.0
refadv:549,refadv:549,"the marginally smaller traffic light in the close, vertically aligned pair",False,4,openimages,False,11,logical,0.0,0.003987406846135855,0.0,0.003156634047627449,0.0,0.005572283640503883,0.0,0.004883951041847467,0.0,0.005567240994423628,0.0,0.003706022398546338,0.0,0.003402475966140628,0.0,0.0028906732331961393,0.0,0.0
refadv:550,refadv:550,the right-side stage-floor vocal performer,False,2,openimages,False,7,absolute,0.0,0.191330686211586,1.0,0.30063486099243164,0.0,0.3763749897480011,1.0,0.39307519793510437,0.0,0.40632471442222595,1.0,0.4116019010543823,0.0,0.37596598267555237,1.0,0.3889104425907135,0.0,0.0
refadv:551,refadv:551,the stage-floor vocal performer holding a handheld microphone wearing cap that is not light checked,True,2,openimages,False,16,logical,0.0,0.12194790691137314,0.6666666865348816,0.17290954291820526,0.0,0.3074946999549866,1.0,0.3597088158130646,0.0,0.2835279405117035,0.6666666865348816,0.29686322808265686,0.0,0.311959832906723,1.0,0.350008487701416,0.0,0.0
refadv:552,refadv:552,the person standing in front of the set backdrop on the right side of the stage area,False,2,openimages,False,17,relational,0.0,0.11819335073232651,1.0,0.1929766684770584,0.0,0.16668570041656494,0.0,0.20983938872814178,0.0,0.28081223368644714,0.3333333432674408,0.31625208258628845,0.0,0.24737508594989777,0.3333333432674408,0.26568055152893066,0.0,0.0
refadv:553,refadv:553,the person standing in front of the set wearing a cap that is not light patterned,True,2,openimages,False,16,logical,0.0,0.1109968051314354,0.0,0.12703604996204376,0.0,0.12606091797351837,0.3333333432674408,0.2174440622329712,0.0,0.19814038276672363,0.6666666865348816,0.2892749607563019,0.0,0.09608695656061172,0.3333333432674408,0.16093724966049194,0.0,0.0
refadv:554,refadv:554,the sparrow perched on the feeder facing mostly toward the camera,False,2,openimages,False,11,unclassified,0.0,0.1427561640739441,1.0,0.17534799873828888,0.0,0.0949363112449646,0.0,0.09871373325586319,0.0,0.17765919864177704,0.0,0.1564151644706726,0.0,0.2396087646484375,0.3333333432674408,0.22200675308704376,0.0,0.0
refadv:555,refadv:555,the perched sparrow with a mostly unobstructed silhouette,False,2,openimages,False,8,direct,0.0,0.1702161580324173,1.0,0.19549612700939178,0.0,0.05794597044587135,0.0,0.05814686417579651,0.0,0.11611929535865784,0.0,0.08555364608764648,0.0,0.05126021429896355,0.0,0.05786111578345299,0.0,0.0
refadv:556,refadv:556,the relatively sharp sparrow facing mostly toward the camera,False,2,openimages,False,9,unclassified,0.0,0.15642601251602173,0.0,0.14202259480953217,0.0,0.15096187591552734,0.3333333432674408,0.15042902529239655,0.0,0.1349298506975174,0.0,0.11953234672546387,0.0,0.22343720495700836,0.0,0.19554178416728973,0.0,0.0
refadv:557,refadv:557,the relatively sharp sparrow mostly unobstructed by the feeder,False,2,openimages,False,9,unclassified,0.0,0.10202734917402267,0.0,0.10065346211194992,0.0,0.11666681617498398,0.0,0.10113108903169632,0.0,0.11199650168418884,0.0,0.09138894081115723,0.0,0.15153619647026062,0.0,0.1268119215965271,0.0,0.0
refadv:558,refadv:558,the rear-left wheel on the dark SUV,False,2,openimages,False,8,direct,0.0,0.05316018685698509,0.0,0.03307148069143295,0.0,0.025171997025609016,0.0,0.04790877178311348,0.0,0.025325516238808632,0.0,0.036993611603975296,0.0,0.03206854313611984,0.0,0.04386694356799126,0.0,0.0
refadv:559,refadv:559,the wheel on the SUV over gravel with little to no tall grass in front,True,2,openimages,False,15,logical,0.0,0.07209900766611099,0.0,0.050673916935920715,0.0,0.022619253024458885,0.0,0.037770356982946396,0.0,0.04269072413444519,0.0,0.049484968185424805,0.0,0.03681056946516037,0.0,0.04478701949119568,0.0,0.0
refadv:560,refadv:560,the fully visible rear-left wheel of the SUV,False,2,openimages,False,9,unclassified,0.0,0.06830980628728867,0.0,0.043293073773384094,0.0,0.016781514510512352,0.0,0.034795552492141724,0.0,0.03472254052758217,0.0,0.05857420340180397,0.0,0.04534105584025383,0.0,0.04557075724005699,0.0,0.0
refadv:561,refadv:561,the fully visible wheel on gravel with little to no tall grass in front,True,2,openimages,False,14,logical,0.0,0.06967351585626602,0.0,0.06964636594057083,0.0,0.06490086764097214,0.0,0.057103563100099564,0.0,0.0829276591539383,0.0,0.07047997415065765,0.0,0.050847843289375305,0.0,0.05109496787190437,0.0,0.0
refadv:562,refadv:562,the person in a blue rescue vest not standing upright,True,10,openimages,False,10,logical,0.0,0.10478240251541138,0.0,0.17823946475982666,0.0,0.015016132034361362,0.0,0.06336911767721176,0.0,0.0,0.0,0.02402558922767639,0.0,0.01974359340965748,0.0,0.0502605177462101,0.0,0.0
refadv:563,refadv:563,the person wearing a blue rescue vest and dark pants,False,10,openimages,False,10,unclassified,0.0,0.3409551680088043,0.0,0.3457515239715576,0.0,0.45235589146614075,1.0,0.5530538558959961,0.3333333432674408,0.4705115556716919,1.0,0.5945414900779724,0.3333333432674408,0.4680255651473999,0.6666666865348816,0.5553584694862366,-0.3333333432674408,0.0
refadv:564,refadv:564,the person in a blue rescue vest wearing tall boots,False,10,openimages,False,10,unclassified,0.0,0.3725210428237915,0.0,0.32076677680015564,0.0,0.4142397344112396,1.0,0.523298978805542,0.0,0.45481064915657043,1.0,0.6101882457733154,0.0,0.40059372782707214,0.6666666865348816,0.5050156712532043,0.0,0.0
refadv:565,refadv:565,the crouching person in a blue vest,False,10,openimages,False,7,direct,0.0,0.1576664298772812,0.6666666865348816,0.23296959698200226,0.0,0.4001331031322479,0.6666666865348816,0.3549017608165741,0.0,0.2984625995159149,0.3333333432674408,0.26424455642700195,0.0,0.4096740186214447,1.0,0.3839901387691498,0.0,0.0
refadv:566,refadv:566,person in a vest over a red long sleeve uniform top wearing dark pants,False,10,openimages,False,14,unclassified,0.0,0.3725210428237915,0.0,0.36222171783447266,0.0,0.3233902156352997,0.6666666865348816,0.4578857719898224,0.0,0.37950992584228516,1.0,0.49907228350639343,0.3333333432674408,0.38389965891838074,0.6666666865348816,0.5005424618721008,0.0,0.3333333432674408
refadv:567,refadv:567,the person with two shoes visible in a vest over a red long sleeve uniform top wearing lower cut footwear,False,10,openimages,False,20,unclassified,0.0,0.14808569848537445,0.3333333432674408,0.1965782195329666,0.0,0.2596677839756012,0.0,0.2463357001543045,0.0,0.29204893112182617,0.6666666865348816,0.27389243245124817,0.0,0.23706255853176117,0.0,0.22163689136505127,0.0,0.0
refadv:568,refadv:568,the older woman in the foreground wearing glasses,False,8,openimages,False,8,absolute,0.0,0.11552707105875015,0.0,0.27757734060287476,0.6666666865348816,0.6000178456306458,1.0,0.7276851534843445,1.0,0.7130011916160583,1.0,0.7499098181724548,0.6666666865348816,0.6605746150016785,1.0,0.6677520275115967,-0.3333333134651184,-0.3333333134651184
refadv:569,refadv:569,the older woman in the foreground with a more closed-mouth expression,False,8,openimages,False,12,absolute,0.0,0.18699020147323608,0.3333333432674408,0.2311931848526001,0.0,0.0,0.0,0.05977743864059448,0.0,0.0,0.0,0.0727614238858223,0.0,0.0,0.0,0.06606759876012802,0.0,0.0
refadv:570,refadv:570,"the older woman in the foreground, not the one with shorter more voluminous mixed-color hair",True,8,openimages,False,16,logical,0.0,0.2001543641090393,1.0,0.2317279428243637,0.0,0.0,0.0,0.04016502574086189,0.0,0.0,0.0,0.05265183374285698,0.0,0.0,0.0,0.03802171349525452,0.0,0.0
refadv:571,refadv:571,the glasses-wearing person at the edge flanking the central signer,False,8,openimages,False,11,absolute,0.0,0.1481989622116089,0.0,0.2703835070133209,0.3333333432674408,0.38368532061576843,0.3333333432674408,0.4902396500110626,0.3333333432674408,0.26939353346824646,0.3333333432674408,0.36482366919517517,0.0,0.14742200076580048,0.0,0.24932266771793365,0.0,-0.3333333432674408
refadv:572,refadv:572,the person at the edge flanking the central signer with mouth open as if speaking or singing,False,8,openimages,False,17,absolute,0.0,0.1360892504453659,0.6666666865348816,0.22630776464939117,0.6666666865348816,0.6786870360374451,1.0,0.6464211940765381,1.0,0.8028779029846191,1.0,0.673774242401123,1.0,0.803149402141571,1.0,0.6933338046073914,-0.3333333134651184,0.0
refadv:573,refadv:573,"the edge-positioned person, not the one with shorter mixed-color more voluminous hair",True,8,openimages,False,14,logical,0.0,0.10200174897909164,0.0,0.08143140375614166,0.0,0.0,0.0,0.05696019530296326,0.0,0.0,0.0,0.038810696452856064,0.0,0.0,0.0,0.023758314549922943,0.0,0.0
refadv:574,refadv:574,the steel-pan boy with fuller hair among the two right front-row boys,False,9,openimages,False,14,logical,0.0,0.18776457011699677,0.3333333432674408,0.1753389835357666,0.0,0.31679579615592957,0.6666666865348816,0.3097938001155853,0.0,0.2677457332611084,0.0,0.24887774884700775,0.0,0.25259077548980713,1.0,0.2465297132730484,0.0,0.0
refadv:575,refadv:575,the crouching boy in the foreground wearing a dark T-shirt with a circular graphic on the chest center,False,3,openimages,False,19,absolute,0.0,0.18224763870239258,0.3333333432674408,0.2053983062505722,1.0,0.578923225402832,1.0,0.5053842663764954,1.0,0.5835822224617004,1.0,0.5040148496627808,1.0,0.5840921998023987,1.0,0.5126450061798096,0.0,0.0
refadv:576,refadv:576,the boy crouching low on the floor in the foreground looking up with a clear smile,False,3,openimages,False,16,absolute,0.0,0.21945397555828094,1.0,0.24523520469665527,1.0,0.610880434513092,1.0,0.5294203162193298,1.0,0.5953735709190369,1.0,0.5037688612937927,1.0,0.690995991230011,1.0,0.5724146962165833,0.0,0.0
refadv:577,refadv:577,"the boy wearing a T-shirt with no large bold white text across the chest, among the two clustered on the bottom left side of the image",True,3,openimages,False,27,logical,0.0,0.07758580893278122,0.0,0.11641343683004379,0.3333333432674408,0.4496523439884186,0.6666666865348816,0.43646931648254395,1.0,0.5969657301902771,1.0,0.5538086295127869,1.0,0.6307136416435242,1.0,0.5358474850654602,-0.6666666269302368,0.0
refadv:578,refadv:578,the boy clustered on the left with a tense open-mouth look,False,3,openimages,False,12,absolute,0.0,0.2097601443529129,0.6666666865348816,0.1927594691514969,0.6666666865348816,0.5651986598968506,1.0,0.48895978927612305,1.0,0.5719618201255798,1.0,0.4947342872619629,1.0,0.6273776888847351,1.0,0.5658530592918396,-0.3333333134651184,0.0
refadv:579,refadv:579,bright-colored off the shoulder dress,False,2,openimages,False,6,direct,0.0,0.1576858013868332,0.0,0.0997147485613823,0.0,0.01233187410980463,0.0,0.05848202109336853,0.0,0.022309163585305214,0.0,0.05570042133331299,0.0,0.0638263076543808,0.3333333432674408,0.05897803232073784,0.0,0.0
refadv:580,refadv:580,"the bright colored dress, not the one with a silver diagonal sash across the torso",True,2,openimages,False,15,logical,0.0,0.18916387856006622,0.0,0.13177518546581268,0.0,0.33138415217399597,0.0,0.2193242758512497,0.0,0.11749237775802612,0.0,0.06129106879234314,0.0,0.258698970079422,0.0,0.16394555568695068,0.0,0.0
refadv:581,refadv:581,the blurred background flower with more compact petals,False,2,openimages,False,8,absolute,0.0,0.0597434900701046,0.0,0.1367514282464981,0.6666666865348816,0.49230360984802246,1.0,0.4190163314342499,0.3333333432674408,0.4763326942920685,0.3333333432674408,0.43074700236320496,0.3333333432674408,0.4635411202907562,1.0,0.41471800208091736,0.3333333432674408,0.0
refadv:582,refadv:582,the person sitting on the couch without glasses,True,3,openimages,False,8,logical,0.0,0.20918233692646027,0.0,0.22267436981201172,1.0,0.5161507725715637,1.0,0.5276040434837341,1.0,0.5143457651138306,1.0,0.5174933075904846,1.0,0.5125407576560974,1.0,0.5234242081642151,0.0,0.0
refadv:583,refadv:583,the person sitting on the couch with legs uncrossed,False,3,openimages,False,9,relational,0.0,0.15759822726249695,0.3333333432674408,0.17686371505260468,0.0,0.4084201157093048,0.0,0.3038201630115509,0.0,0.4084201157093048,0.0,0.2983747720718384,0.0,0.35627150535583496,0.0,0.2840704023838043,0.0,0.0
refadv:584,refadv:584,the person on the black couch not wearing glasses,True,3,openimages,False,9,logical,0.0,0.16426101326942444,0.6666666865348816,0.18081770837306976,0.0,0.42849525809288025,0.3333333432674408,0.3306669294834137,0.0,0.40914788842201233,1.0,0.32886943221092224,0.0,0.42849525809288025,0.3333333432674408,0.307159960269928,0.0,0.0
refadv:585,refadv:585,the raised pointing hand not wearing a shiny wristwatch,True,4,openimages,False,9,logical,0.0,0.04165351390838623,0.0,0.05176955461502075,0.0,0.03829674795269966,0.0,0.04441085457801819,0.0,0.036103326827287674,0.0,0.036151912063360214,0.0,0.028177665546536446,0.0,0.027653897181153297,0.0,0.0
refadv:586,refadv:586,the upward pointing raised hand not on the left of the pair,True,4,openimages,False,12,logical,0.0,0.04230736568570137,0.3333333432674408,0.05905993655323982,0.0,0.011601311154663563,0.0,0.021006086841225624,0.0,0.004624867346137762,0.0,0.010803952813148499,0.0,0.0,0.0,0.002830310957506299,0.0,0.0
refadv:587,refadv:587,the large white handheld protest poster in the foreground,False,3,openimages,False,9,absolute,0.0,0.4048106372356415,0.0,0.3337087631225586,1.0,0.6684098243713379,1.0,0.5138788223266602,0.3333333432674408,0.3637583255767822,0.6666666865348816,0.3725605905056,0.3333333432674408,0.5125264525413513,0.6666666865348816,0.40314531326293945,0.6666666269302368,0.0
refadv:588,refadv:588,the large handheld foreground protest placard with a prominent yellow sad-face icon,False,3,openimages,False,13,absolute,0.0,0.26985034346580505,1.0,0.2656213939189911,0.0,0.3436468541622162,1.0,0.3605625331401825,0.3333333432674408,0.39784184098243713,1.0,0.4641108810901642,0.0,0.3306346535682678,1.0,0.37907275557518005,-0.3333333432674408,-0.3333333432674408
refadv:589,refadv:589,the visually prominent poster with a yellow sad-face graphic,False,3,openimages,False,10,unclassified,0.0,0.25027894973754883,1.0,0.2693597376346588,1.0,0.7208566665649414,1.0,0.6355447769165039,0.6666666865348816,0.6049461960792542,1.0,0.5955033898353577,0.3333333432674408,0.4652416706085205,1.0,0.5177831053733826,0.3333333134651184,-0.3333333432674408
refadv:590,refadv:590,the large prominent poster without a yellow sad face icon,True,3,openimages,False,10,logical,0.0,0.3534103333950043,0.0,0.2843739688396454,0.0,0.0,0.0,0.07799317687749863,0.0,0.0,0.0,0.0585440956056118,0.0,0.04800451174378395,0.0,0.09707234054803848,0.0,0.0
refadv:591,refadv:591,the front-right foreground boy with a neutral expression looking toward the camera,False,10,openimages,False,13,absolute,0.0,0.34096768498420715,1.0,0.36704811453819275,0.6666666865348816,0.5002000331878662,1.0,0.5018072724342346,0.3333333432674408,0.47252964973449707,0.6666666865348816,0.4455784857273102,0.6666666865348816,0.5115973949432373,0.6666666865348816,0.4628079831600189,0.3333333432674408,0.3333333432674408
refadv:592,refadv:592,the front-right foreground boy with curly wavy brown hair,False,10,openimages,False,10,absolute,0.0,0.21340429782867432,1.0,0.2517598271369934,0.0,0.3941921889781952,1.0,0.3518252372741699,0.0,0.38259682059288025,1.0,0.32795846462249756,0.3333333432674408,0.43734773993492126,1.0,0.34575971961021423,0.0,0.3333333432674408
refadv:593,refadv:593,the front-right foreground boy with the narrower face and more defined chin line,False,10,openimages,False,14,absolute,0.0,0.366682767868042,1.0,0.39883914589881897,1.0,0.5560717582702637,1.0,0.5806363224983215,0.6666666865348816,0.5133491158485413,0.6666666865348816,0.5293170809745789,1.0,0.5909494161605835,1.0,0.5794217586517334,0.3333333134651184,0.3333333134651184
refadv:594,refadv:594,the mounted road wheel with less distinct blurred spokes,True,3,openimages,False,9,unclassified,0.0,0.007600535172969103,0.0,0.047883305698633194,0.0,0.04089783504605293,0.0,0.05015075206756592,0.0,0.03430566564202309,0.0,0.05364507436752319,0.0,0.012116820551455021,0.0,0.04459908604621887,0.0,0.0
refadv:595,refadv:595,the left-side wheel in the wheel well with clearly visible spokes,False,3,openimages,False,12,absolute,0.0,0.09567313641309738,0.0,0.05041970685124397,0.0,0.009122940711677074,0.0,0.027479080483317375,0.0,0.016318948939442635,0.0,0.04102928563952446,0.0,0.0,0.0,0.02332977019250393,0.0,0.0
refadv:596,refadv:596,the clearly visible front wheel,False,2,openimages,False,5,direct,0.0,0.052942752838134766,0.0,0.04198717698454857,0.0,0.091239333152771,0.3333333432674408,0.0759764313697815,0.0,0.09085428714752197,0.3333333432674408,0.08190124481916428,0.0,0.09212438017129898,0.0,0.07908302545547485,0.0,0.0
refadv:597,refadv:597,the closer-to-camera wheel with a fully visible tire and alloy rim,False,2,openimages,False,13,unclassified,0.0,0.06960135698318481,0.0,0.04078122228384018,0.0,0.07978308945894241,0.0,0.05340546369552612,0.0,0.07600492238998413,0.0,0.0533713735640049,0.0,0.07882728427648544,0.0,0.049130816012620926,0.0,0.0
refadv:598,refadv:598,"the wheel along the car’s side, not the rear one",True,2,openimages,False,11,logical,0.0,0.053452495485544205,0.0,0.029325038194656372,0.0,0.09280472993850708,0.0,0.07750459760427475,0.0,0.09367663413286209,0.6666666865348816,0.08610539883375168,0.0,0.08620857447385788,0.3333333432674408,0.07462482899427414,0.0,0.0
refadv:599,refadv:599,the wheel at the car’s side wheel well that appears smaller,False,2,openimages,False,12,logical,0.0,0.037007931619882584,0.0,0.04215914011001587,0.0,0.0,0.0,0.014280561357736588,0.0,0.0,0.0,0.015883710235357285,0.0,0.005793033633381128,0.0,0.015605125576257706,0.0,0.0
refadv:600,refadv:600,the tree on the left side along the paved lane in front of the small wall with some visible palm fronds above the trunk,False,2,openimages,False,24,relational,0.0,0.136494442820549,0.3333333432674408,0.17313234508037567,0.0,0.4318290054798126,0.3333333432674408,0.3584073781967163,0.0,0.46253344416618347,1.0,0.36603593826293945,0.3333333432674408,0.46861109137535095,0.6666666865348816,0.40738025307655334,0.0,0.3333333432674408
refadv:601,refadv:601,the wheel on the right-side motorcycle not under the large front basket,True,2,openimages,False,13,logical,0.0,0.08476344496011734,0.0,0.06940760463476181,0.0,0.09898846596479416,0.0,0.07887056469917297,0.0,0.12589865922927856,0.0,0.09392386674880981,0.0,0.1036800965666771,0.0,0.07845368981361389,0.0,0.0
refadv:602,refadv:602,the wheel in the right half of the frame without a clearly visible white fender directly above it,True,2,openimages,False,18,logical,0.0,0.04060313478112221,0.0,0.04414382576942444,0.0,0.026898080483078957,0.0,0.028848150745034218,0.0,0.01890331134200096,0.0,0.025645887479186058,0.0,0.04132760688662529,0.0,0.029980460181832314,0.0,0.0
refadv:603,refadv:603,the non-white-clothed person not leaning forward toward the knees,True,2,openimages,False,11,logical,0.0,0.03615870699286461,1.0,0.08777783066034317,0.0,0.05005599558353424,0.0,0.05614526942372322,0.0,0.026276588439941406,0.0,0.028574669733643532,0.0,0.03430868312716484,0.0,0.03292086347937584,0.0,0.0
refadv:604,refadv:604,the person in non-white clothing sitting slightly more to the left of the image,True,2,openimages,False,15,absolute,0.0,0.033698078244924545,1.0,0.09427028149366379,0.0,0.0891648456454277,0.0,0.1182786151766777,0.0,0.05817459151148796,0.0,0.08584606647491455,0.0,0.07740303128957748,0.3333333432674408,0.1099383607506752,0.0,0.0
refadv:605,refadv:605,the more upright seated person in the right-side seating cluster,False,2,openimages,False,11,absolute,0.0,0.03098905086517334,1.0,0.07687827199697495,0.0,0.05104286968708038,0.3333333432674408,0.07400991767644882,0.0,0.014349312521517277,0.0,0.027160340920090675,0.0,0.02927323617041111,0.6666666865348816,0.04836301878094673,0.0,0.0
refadv:606,refadv:606,"the person seated on the right side, closer to the table",False,2,openimages,False,11,relational,0.0,0.0217303317040205,0.3333333432674408,0.04694105312228203,0.0,0.05753285810351372,0.0,0.08389552682638168,0.0,0.026476144790649414,0.0,0.04980664327740669,0.0,0.04182108864188194,0.0,0.07055379450321198,0.0,0.0
refadv:607,refadv:607,the larger land vehicle on the right side of the image,False,4,openimages,False,11,logical,0.0,0.03713884577155113,1.0,0.15009962022304535,0.0,0.16819556057453156,1.0,0.23518317937850952,0.0,0.18648914992809296,1.0,0.24051018059253693,0.0,0.19470150768756866,1.0,0.26690372824668884,0.0,0.0
refadv:608,refadv:608,"the brighter, larger closer land vehicle",False,4,openimages,False,6,logical,0.0,0.021256009116768837,0.0,0.03493950143456459,0.0,0.0,0.0,0.023128390312194824,0.0,0.0,0.0,0.028228821232914925,0.0,0.0,0.0,0.045191820710897446,0.0,0.0
refadv:609,refadv:609,"the more brightly lit land vehicle, not the cooler gray painted one",True,4,openimages,False,12,logical,0.0,0.03152903541922569,1.0,0.10472030192613602,0.0,0.00544685497879982,0.0,0.061286356300115585,0.0,0.0,0.0,0.035047922283411026,0.0,0.0,0.0,0.057812098413705826,0.0,0.0
refadv:610,refadv:610,the right duck in the close pair of ducks,False,2,openimages,False,9,logical,0.0,0.08878041058778763,0.0,0.1396763175725937,0.0,0.1044984832406044,0.0,0.15392929315567017,0.0,0.14037078619003296,0.0,0.18865877389907837,0.0,0.13451209664344788,0.3333333432674408,0.17200039327144623,0.0,0.0
refadv:611,refadv:611,the paired duck with the more vivid orange bill,False,2,openimages,False,9,unclassified,0.0,0.05892622098326683,0.0,0.106987364590168,0.0,0.25286638736724854,0.3333333432674408,0.2615756094455719,0.0,0.33318865299224854,0.3333333432674408,0.3015740215778351,0.0,0.21071557700634003,0.0,0.2533644735813141,0.0,0.0
refadv:612,refadv:612,the woman to the right of the beer booth wearing a lighter-colored top,False,3,openimages,False,14,logical,0.0,0.014058750122785568,0.0,0.012658786959946156,0.0,0.018885308876633644,0.0,0.017317472025752068,0.0,0.01742439530789852,0.0,0.014145412482321262,0.0,0.01639975793659687,0.0,0.019518086686730385,0.0,0.0
refadv:613,refadv:613,the standing woman not in dark clothing,True,3,openimages,False,7,logical,0.0,0.015097454190254211,0.0,0.015243910253047943,0.0,0.04451194033026695,0.0,0.021832933649420738,0.0,0.0375334806740284,0.0,0.015438780188560486,0.0,0.030572673305869102,0.0,0.0214199498295784,0.0,0.0
refadv:614,refadv:614,the red onion with uniformly deep purple skin among the two on the left,False,2,openimages,False,14,logical,0.0,0.13300688564777374,0.0,0.09105484932661057,0.0,0.28326359391212463,0.6666666865348816,0.2933685779571533,0.0,0.28076401352882385,0.3333333432674408,0.2895032465457916,0.0,0.2882695496082306,0.6666666865348816,0.3039140999317169,0.0,0.0
refadv:615,refadv:615,the background standing person’s arm closer to the torso,False,2,openimages,False,10,absolute,0.0,0.007610090542584658,0.6666666865348816,0.017957553267478943,0.0,0.02668795734643936,0.0,0.02441793866455555,0.0,0.030246352776885033,0.0,0.023211829364299774,0.0,0.030246352776885033,0.0,0.021265923976898193,0.0,0.0
refadv:616,refadv:616,"the background out-of-focus attendee, not the one with reddish auburn hair",True,2,openimages,False,13,logical,0.0,0.18513600528240204,0.3333333432674408,0.22351936995983124,0.0,0.21237929165363312,0.6666666865348816,0.3684733808040619,0.0,0.2158479243516922,0.6666666865348816,0.33515283465385437,0.0,0.2543787956237793,1.0,0.45745110511779785,0.0,0.0
refadv:617,refadv:617,"the background out-of-focus woman, not leaning back with a hand resting on her face",True,2,openimages,False,16,logical,0.0,0.27508220076560974,1.0,0.33482298254966736,0.0,0.18314994871616364,0.6666666865348816,0.3996305763721466,0.0,0.2070101946592331,0.6666666865348816,0.4649662673473358,0.0,0.17845356464385986,1.0,0.4851672947406769,0.0,0.0
refadv:618,refadv:618,"the background out-of-focus attendee, not the one with a partially obscured face by downward angle",True,2,openimages,False,17,logical,0.0,0.143129363656044,0.0,0.2745278775691986,0.0,0.1483169049024582,0.3333333432674408,0.31662845611572266,0.0,0.06755007058382034,0.3333333432674408,0.23018556833267212,0.0,0.08902061730623245,0.0,0.25758063793182373,0.0,0.0
refadv:619,refadv:619,"the woman not seated at the microphone with a laptop, not the one with head tilted down as if reading",True,2,openimages,False,20,logical,0.0,0.21503619849681854,0.3333333432674408,0.2548901438713074,0.0,0.04931920766830444,0.0,0.17172937095165253,0.0,0.07851468026638031,0.0,0.17553049325942993,0.0,0.019474564120173454,0.0,0.15259559452533722,0.0,0.0
refadv:620,refadv:620,"the woman not seated at the microphone with a laptop, less front-facing",True,2,openimages,False,13,logical,0.0,0.07140470296144485,0.0,0.18079328536987305,0.0,0.21248356997966766,0.3333333432674408,0.2507220208644867,0.0,0.22370456159114838,0.6666666865348816,0.296871542930603,0.0,0.2519281208515167,1.0,0.2861497104167938,0.0,0.0
refadv:621,refadv:621,the adult-sized person whose upper torso with hands held together near the chest is visible,False,2,openimages,False,16,relational,0.3333333432674408,0.3793680965900421,1.0,0.4063957631587982,1.0,0.6373711228370667,1.0,0.6054407358169556,1.0,0.7448914051055908,1.0,0.6482114195823669,0.6666666865348816,0.5580820441246033,0.6666666865348816,0.531262218952179,0.0,-0.3333333134651184
refadv:622,refadv:622,the adult-sized person with hands pressed together as if clapping,False,2,openimages,False,11,unclassified,0.0,0.31078028678894043,0.3333333432674408,0.34873902797698975,0.6666666865348816,0.5227121710777283,0.6666666865348816,0.5114365220069885,1.0,0.74367755651474,1.0,0.6278870701789856,0.6666666865348816,0.6611407399177551,0.6666666865348816,0.5572682023048401,-0.3333333134651184,-0.3333333134651184
refadv:623,refadv:623,the sitting person whose lower body with legs and bare feet extended is most visible,False,2,openimages,False,15,logical,0.0,0.2664785087108612,0.3333333432674408,0.4159298837184906,0.0,0.028797732666134834,0.0,0.1870325654745102,0.0,0.07403038442134857,0.0,0.23776818811893463,0.0,0.13525080680847168,0.3333333432674408,0.25760090351104736,0.0,0.0
refadv:624,refadv:624,the sitting person with hands not pressed together,True,2,openimages,False,8,logical,0.0,0.3481428623199463,0.0,0.4145190715789795,0.0,0.11169878393411636,0.0,0.2709820568561554,0.0,0.1450820416212082,0.3333333432674408,0.29829612374305725,0.0,0.40021443367004395,1.0,0.47286394238471985,0.0,0.0
refadv:625,refadv:625,the back-of-head person with mostly just head and hair visible and little clothing shown,False,7,openimages,False,16,unclassified,0.0,0.2124839425086975,0.0,0.12965239584445953,0.0,0.27958980202674866,0.6666666865348816,0.21165655553340912,0.0,0.1455112099647522,0.0,0.11628148704767227,0.0,0.1321367621421814,0.0,0.11409018188714981,0.0,0.0
refadv:626,refadv:626,the tightly framed person at the bottom with more upper back visible,False,7,openimages,False,12,absolute,0.0,0.025068366900086403,0.3333333432674408,0.13619424402713776,0.0,0.0,0.0,0.021291399374604225,0.0,0.0,0.0,0.0331512950360775,0.0,0.0,0.0,0.020525675266981125,0.0,0.0
refadv:627,refadv:627,the man with his back turned toward the camera with large black letters completely readable across the back,False,2,openimages,False,18,unclassified,0.0,0.46510425209999084,0.0,0.3497414290904999,0.0,0.3853641450405121,0.0,0.2962164580821991,0.0,0.43846777081489563,0.0,0.34035277366638184,0.0,0.3750048875808716,0.0,0.3529535233974457,0.0,0.0
refadv:628,refadv:628,the man with his back turned toward the camera with more prominent wrinkling on the lettering area,False,2,openimages,False,17,unclassified,0.0,0.16845226287841797,0.0,0.3298262655735016,0.6666666865348816,0.5190865993499756,0.6666666865348816,0.5530418753623962,0.3333333432674408,0.4711396396160126,1.0,0.5147905349731445,0.3333333432674408,0.47836604714393616,0.6666666865348816,0.500322163105011,0.3333333432674408,0.0
refadv:629,refadv:629,"the man in the yellow top with large black lettering clearly visible on the back, the right one",False,2,openimages,False,18,unclassified,0.6666666865348816,0.4965479373931885,1.0,0.4437531530857086,0.0,0.428255558013916,0.6666666865348816,0.5510216355323792,0.3333333432674408,0.43051981925964355,0.3333333432674408,0.537451982498169,0.3333333432674408,0.4706696569919586,0.6666666865348816,0.5420536398887634,-0.3333333432674408,0.0
refadv:630,refadv:630,the man in the yellow shirt with large black lettering visible on the back and without prominent wrinkling on the central back lettering,True,2,openimages,False,23,logical,1.0,0.513476550579071,1.0,0.4475860595703125,0.3333333432674408,0.5065701603889465,0.6666666865348816,0.4811636507511139,0.3333333432674408,0.48061904311180115,1.0,0.5065508484840393,0.6666666865348816,0.49707508087158203,1.0,0.5187179446220398,0.0,0.3333333432674408
refadv:631,refadv:631,the more tightly squinted eye with the visible smile squint,False,3,openimages,False,10,unclassified,0.0,0.0035271223168820143,0.0,0.002509142505005002,0.0,0.007411353290081024,0.0,0.003962909337133169,0.0,0.005405434872955084,0.0,0.0033339846413582563,0.0,0.0047239274717867374,0.0,0.004023659974336624,0.0,0.0
refadv:632,refadv:632,the heavily occluded background person who is larger than the other one,False,2,openimages,False,12,logical,0.0,0.3363138437271118,0.0,0.39449265599250793,0.0,0.40574324131011963,1.0,0.8750773072242737,0.0,0.41785016655921936,1.0,0.8364927172660828,0.0,0.35295137763023376,1.0,0.9024139046669006,0.0,0.0
refadv:633,refadv:633,the slightly smaller person without a plaid cap or items held near the face,True,2,openimages,False,14,logical,0.0,0.08477675914764404,0.0,0.14418666064739227,0.0,0.0,0.0,0.07236627489328384,0.0,0.0,0.0,0.06960540264844894,0.0,0.0,0.0,0.06681042164564133,0.0,0.0
refadv:634,refadv:634,"the more centered head with lighter, curlier hair",False,2,openimages,False,8,logical,0.0,0.19439101219177246,0.0,0.1547573059797287,0.0,0.10338596254587173,0.0,0.13880060613155365,0.0,0.1199517771601677,0.0,0.1426553577184677,0.0,0.17529229819774628,0.3333333432674408,0.1874287724494934,0.0,0.0
refadv:635,refadv:635,the light haired head with a softer jaw contour,False,2,openimages,False,9,unclassified,0.0,0.0791168138384819,0.3333333432674408,0.07552865147590637,0.0,0.06581004709005356,0.0,0.04797302559018135,0.0,0.03278917819261551,0.3333333432674408,0.03609219565987587,0.0,0.04344434663653374,0.0,0.04446453973650932,0.0,0.0
refadv:636,refadv:636,the cropped head at the left part of the frame,False,2,openimages,False,10,relational,0.0,0.0823451578617096,0.0,0.10118570178747177,0.0,0.1575135737657547,0.3333333432674408,0.12733592092990875,0.0,0.14881004393100739,0.3333333432674408,0.1342182159423828,0.0,0.1448429673910141,0.3333333432674408,0.12677891552448273,0.0,0.0
refadv:637,refadv:637,the cropped person's head on the left with a more defined jawline,False,2,openimages,False,12,absolute,0.0,0.27594104409217834,0.0,0.1397649198770523,0.3333333432674408,0.45531272888183594,0.3333333432674408,0.3215007185935974,0.0,0.3976180851459503,0.0,0.29830846190452576,0.0,0.4474758207798004,0.6666666865348816,0.3276549279689789,0.3333333432674408,0.0
refadv:638,refadv:638,the person seated on the couch without glasses,True,2,openimages,False,8,logical,0.0,0.328382283449173,1.0,0.31235024333000183,0.6666666865348816,0.4859614372253418,1.0,0.5081995129585266,0.6666666865348816,0.5155607461929321,1.0,0.5513888001441956,1.0,0.5834650993347168,1.0,0.5371900200843811,0.0,0.3333333134651184
refadv:639,refadv:639,the seated person on the couch wearing a collared shirt,False,2,openimages,False,10,unclassified,0.0,0.3015788495540619,0.3333333432674408,0.3135037124156952,0.6666666865348816,0.5271823406219482,1.0,0.55272376537323,0.3333333432674408,0.3706112802028656,1.0,0.4689720571041107,0.0,0.2959335744380951,0.6666666865348816,0.3615720272064209,0.3333333432674408,-0.3333333432674408
refadv:640,refadv:640,the couch-seated person not wearing a wristwatch,True,2,openimages,False,8,logical,0.0,0.454623818397522,1.0,0.32055434584617615,0.0,0.36456167697906494,0.6666666865348816,0.43109428882598877,0.3333333432674408,0.43548497557640076,0.6666666865348816,0.48442697525024414,0.3333333432674408,0.3975398540496826,0.3333333432674408,0.3671310842037201,-0.3333333432674408,0.0
refadv:641,refadv:641,the younger-looking man not wearing glasses,True,2,openimages,False,7,logical,0.0,0.1371489018201828,0.0,0.2035687416791916,0.0,0.1550903171300888,0.0,0.18573665618896484,0.0,0.33564117550849915,0.6666666865348816,0.3318779170513153,0.0,0.16264881193637848,0.0,0.24091626703739166,0.0,0.0
refadv:642,refadv:642,the younger-looking man not wearing a collared polo shirt,True,2,openimages,False,10,logical,1.0,0.5163731575012207,1.0,0.3816101849079132,1.0,0.6920130848884583,1.0,0.5951908230781555,1.0,0.6520461440086365,1.0,0.5384058356285095,1.0,0.7853073477745056,1.0,0.6747022271156311,0.0,0.0
refadv:643,refadv:643,the younger-looking man not wearing a wristwatch,True,2,openimages,False,8,logical,1.0,0.5058349370956421,1.0,0.34069955348968506,1.0,0.7271513938903809,1.0,0.6188806891441345,0.6666666865348816,0.6110336184501648,1.0,0.4966306984424591,1.0,0.743830680847168,1.0,0.647304356098175,0.3333333134651184,0.3333333134651184
refadv:644,refadv:644,the small white cup with above the main plate,False,4,openimages,False,9,relational,0.0,0.00945072527974844,0.0,0.012308411300182343,0.0,0.011508186347782612,0.0,0.013098265044391155,0.0,0.0,0.0,0.004950372036546469,0.0,0.004323828499764204,0.0,0.008206557482481003,0.0,0.0
refadv:645,refadv:645,the less-filled container near the top area of the table setting,True,4,openimages,False,12,relational,0.0,0.019808800891041756,0.0,0.029241234064102173,0.0,0.0737135037779808,0.6666666865348816,0.10065250843763351,0.0,0.07424493134021759,0.3333333432674408,0.08756736665964127,0.0,0.08339337259531021,0.6666666865348816,0.09696923941373825,0.0,0.0
refadv:646,refadv:646,the foreground person not in a black dress,True,2,openimages,False,8,logical,0.0,0.31846877932548523,0.6666666865348816,0.381960391998291,0.0,0.0328565388917923,0.0,0.10503309965133667,0.0,0.18239997327327728,0.0,0.19039547443389893,0.0,0.006477804388850927,0.0,0.08999958634376526,0.0,0.0
refadv:647,refadv:647,the foreground person not in a large dark hat with bright trim,True,2,openimages,False,12,logical,0.0,0.2967008352279663,0.6666666865348816,0.41548991203308105,0.0,0.22909057140350342,0.3333333432674408,0.31096628308296204,0.6666666865348816,0.4483814537525177,0.6666666865348816,0.4597759246826172,0.0,0.26101988554000854,0.0,0.218004509806633,-0.6666666865348816,-0.6666666865348816
refadv:648,refadv:648,the foreground full-body person not wearing dark flat dress shoes,True,2,openimages,False,11,logical,0.0,0.42552343010902405,0.6666666865348816,0.431192547082901,0.0,0.10842791944742203,0.0,0.14962293207645416,0.0,0.13554836809635162,0.0,0.13843558728694916,0.0,0.17245124280452728,0.0,0.11787528544664383,0.0,0.0
refadv:649,refadv:649,the foreground full-body person not wearing a patterned tie,True,2,openimages,False,10,logical,0.0,0.42280247807502747,0.6666666865348816,0.41244766116142273,0.0,0.340721994638443,0.3333333432674408,0.3505646288394928,0.0,0.36162304878234863,0.0,0.3042363226413727,0.3333333432674408,0.2642665505409241,0.3333333432674408,0.290445476770401,0.0,0.3333333432674408
refadv:650,refadv:650,the light-colored clothed person in the coordinated vintage costume pair,False,2,openimages,False,11,unclassified,0.0,0.3396577835083008,0.0,0.26916229724884033,0.3333333432674408,0.3080618381500244,0.6666666865348816,0.38762030005455017,0.0,0.32074645161628723,0.0,0.35961925983428955,0.3333333432674408,0.3459385335445404,0.3333333432674408,0.41373875737190247,0.3333333432674408,0.3333333432674408
refadv:651,refadv:651,the coordinated vintage-costume performer not wearing a large dark hat,True,2,openimages,False,11,logical,0.0,0.3621496260166168,0.0,0.31970566511154175,0.0,0.1740378588438034,0.3333333432674408,0.2508060932159424,0.0,0.22180570662021637,0.3333333432674408,0.2782919704914093,0.0,0.1668299436569214,0.3333333432674408,0.2580716907978058,0.0,0.0
refadv:652,refadv:652,the vintage-costumed performer in a hat not wearing dark heeled shoes,True,2,openimages,False,12,logical,0.0,0.3800123929977417,0.3333333432674408,0.31307944655418396,0.0,0.14437179267406464,0.3333333432674408,0.2617030739784241,0.3333333432674408,0.28583088517189026,0.3333333432674408,0.3394303321838379,0.0,0.21124853193759918,0.3333333432674408,0.25983402132987976,-0.3333333432674408,-0.3333333432674408
refadv:653,refadv:653,the vintage-costumed performer not wearing a patterned tie,True,2,openimages,False,9,logical,0.0,0.46801280975341797,1.0,0.5116276144981384,0.3333333432674408,0.42942294478416443,0.6666666865348816,0.4694465696811676,0.3333333432674408,0.33104708790779114,0.6666666865348816,0.3742004930973053,0.6666666865348816,0.47545209527015686,0.6666666865348816,0.5075854659080505,0.0,0.3333333432674408
refadv:654,refadv:654,the larger adult-sized boot shown from the side without the sole facing the camera,True,3,openimages,False,15,logical,0.0,0.007893234491348267,0.0,0.022904420271515846,0.0,0.03378519043326378,0.3333333432674408,0.045168060809373856,0.0,0.035474445670843124,0.3333333432674408,0.04555407539010048,0.0,0.035474445670843124,0.6666666865348816,0.04456592723727226,0.0,0.0
refadv:655,refadv:655,the mostly solid black boot shown from the side with little sole visible,False,3,openimages,False,13,unclassified,0.0,0.004962200298905373,0.0,0.02035387046635151,0.0,0.03153284639120102,0.0,0.02745782770216465,0.0,0.028918514028191566,0.0,0.03047422505915165,0.0,0.03153284639120102,0.0,0.030707120895385742,0.0,0.0
refadv:656,refadv:656,"the chair behind the left coffee table area, occluded by a person leaning forward",False,4,openimages,False,14,relational,0.0,0.08670198172330856,0.0,0.13942016661167145,0.0,0.2346869558095932,0.6666666865348816,0.2840392589569092,0.0,0.21335162222385406,0.6666666865348816,0.269549161195755,0.0,0.25311279296875,1.0,0.30229565501213074,0.0,0.0
refadv:657,refadv:657,the leg in the light-colored bluish shorts closer to the center console controls,False,3,openimages,False,14,absolute,0.0,0.08025484532117844,0.6666666865348816,0.07553505152463913,0.0,0.13500332832336426,0.6666666865348816,0.13395468890666962,0.0,0.1303783506155014,0.0,0.10529664903879166,0.0,0.14154481887817383,0.6666666865348816,0.15475809574127197,0.0,0.0
refadv:658,refadv:658,the leg in the light bluish shorts with a white shoe that is not at the bottom,True,3,openimages,False,17,logical,0.0,0.10720863193273544,0.3333333432674408,0.08708856254816055,0.0,0.13986767828464508,0.6666666865348816,0.1737910360097885,0.0,0.11519864946603775,0.3333333432674408,0.1373974233865738,0.0,0.1586715131998062,0.6666666865348816,0.17245344817638397,0.0,0.0
refadv:659,refadv:659,the left human leg wearing a white athletic shoe,False,3,openimages,False,9,unclassified,0.0,0.13482670485973358,1.0,0.13469940423965454,0.0,0.2519035339355469,0.3333333432674408,0.223591610789299,0.0,0.24324840307235718,0.0,0.19910508394241333,0.0,0.26110565662384033,0.0,0.2152990847826004,0.0,0.0
refadv:660,refadv:660,the human leg in a white sock and white athletic shoe with the shoe fully visible at the bottom,False,3,openimages,False,19,absolute,0.0,0.09829714149236679,0.0,0.055800437927246094,0.0,0.18126611411571503,0.3333333432674408,0.18363235890865326,0.0,0.11828859895467758,0.0,0.13092632591724396,0.0,0.14576157927513123,0.3333333432674408,0.16025535762310028,0.0,0.0
refadv:661,refadv:661,the person with light blonde hair on the left with a shorter closely cropped cut,False,3,openimages,False,15,absolute,0.0,0.09789493680000305,1.0,0.1035950779914856,0.0,0.23078922927379608,0.3333333432674408,0.2239750176668167,0.0,0.24514944851398468,0.6666666865348816,0.23294059932231903,0.0,0.22918732464313507,0.3333333432674408,0.21584182977676392,0.0,0.0
refadv:662,refadv:662,light blonde hair with a softer side outline near the side of the head,False,3,openimages,False,14,relational,0.0,0.020190095528960228,0.3333333432674408,0.029299775138497353,0.0,0.04608779028058052,0.0,0.06042444333434105,0.0,0.0387251079082489,0.3333333432674408,0.052051663398742676,0.0,0.03954967483878136,0.0,0.0445389561355114,0.0,0.0
refadv:663,refadv:663,the man in white briefs without sunglasses,True,6,openimages,False,7,logical,0.0,0.21121056377887726,0.6666666865348816,0.20022666454315186,0.0,0.38644853234291077,1.0,0.4188058078289032,0.0,0.38982391357421875,1.0,0.40586981177330017,0.0,0.3947097063064575,1.0,0.4335976541042328,0.0,0.0
refadv:664,refadv:664,the man in white briefs with arms raised overhead,False,6,openimages,False,9,unclassified,0.0,0.23697756230831146,0.0,0.1787344068288803,0.0,0.40483054518699646,0.0,0.2932541072368622,0.0,0.391625314950943,0.0,0.3035937249660492,0.0,0.4060862064361572,0.0,0.28313225507736206,0.0,0.0
refadv:665,refadv:665,the shirtless man without sunglasses whose chest is visible,True,6,openimages,False,9,logical,0.0,0.19181068241596222,0.0,0.13118918240070343,0.0,0.2400464564561844,0.0,0.2043437957763672,0.0,0.23566336929798126,0.3333333432674408,0.26901447772979736,0.0,0.20184166729450226,0.3333333432674408,0.181127667427063,0.0,0.0
refadv:666,refadv:666,the shirtless man facing the crowd with his arms down by his sides,False,6,openimages,False,13,relational,0.0,0.20724934339523315,0.3333333432674408,0.1840335577726364,0.0,0.26740559935569763,1.0,0.36355677247047424,0.0,0.24218185245990753,0.6666666865348816,0.2805170714855194,0.0,0.27786409854888916,1.0,0.35415661334991455,0.0,0.0
refadv:667,refadv:667,the modern glass curtain-wall tower with a slightly lighter blue-gray glass tint,False,4,openimages,False,14,logical,0.0,0.027802886441349983,0.0,0.036560479551553726,0.0,0.008060145191848278,0.0,0.014089378528296947,0.0,0.006537448149174452,0.0,0.010901928879320621,0.0,0.013352836482226849,0.0,0.017094900831580162,0.0,0.0
refadv:668,refadv:668,the slightly broader modern glass curtain-wall tower,False,4,openimages,False,8,direct,0.0,0.19992373883724213,1.0,0.2939658761024475,0.0,0.19383548200130463,0.6666666865348816,0.3581353724002838,0.0,0.3228789269924164,1.0,0.46808114647865295,0.0,0.2337760478258133,1.0,0.3887074291706085,0.0,0.0
refadv:669,refadv:669,the sleek contemporary office high-rise with slightly lighter blue gray tinted glass,False,4,openimages,False,13,logical,0.0,0.019978195428848267,0.0,0.023915117606520653,0.0,0.0043838717974722385,0.0,0.008651292882859707,0.0,0.0,0.0,0.0055722869001328945,0.0,0.006293434649705887,0.0,0.009061233140528202,0.0,0.0
refadv:670,refadv:670,the broader sleek contemporary office high-rise with uniform window bands,False,4,openimages,False,11,unclassified,0.0,0.17643512785434723,1.0,0.29079899191856384,0.0,0.1555456966161728,0.3333333432674408,0.2503497898578644,0.0,0.18638114631175995,0.3333333432674408,0.26007160544395447,0.0,0.13997948169708252,0.6666666865348816,0.2540905773639679,0.0,0.0
refadv:671,refadv:671,the rightmost human leg angled diagonally toward the lower center,False,3,openimages,False,10,logical,0.0,0.13188165426254272,0.0,0.11306803673505783,0.0,0.15856100618839264,0.0,0.10567975044250488,0.0,0.15387149155139923,0.0,0.10464352369308472,0.0,0.1470574140548706,0.0,0.127580463886261,0.0,0.0
refadv:672,refadv:672,the leg on the rightmost person with the more brightly lit fabric area,False,3,openimages,False,13,logical,0.0,0.1453491896390915,0.0,0.1565380096435547,0.0,0.33405885100364685,0.3333333432674408,0.2838868200778961,0.0,0.37736716866493225,0.0,0.2937784492969513,0.0,0.37544119358062744,1.0,0.3184545636177063,0.0,0.0
refadv:673,refadv:673,the human leg in lighter-wash blue jeans oriented more toward the lower center,False,3,openimages,False,14,logical,0.0,0.0033470557536929846,0.0,0.041270650923252106,0.0,0.05872346833348274,0.0,0.06435711681842804,0.0,0.014342792332172394,0.0,0.031083544716238976,0.0,0.05742951110005379,0.0,0.05348615720868111,0.0,0.0
refadv:674,refadv:674,the more brightly lit human leg in lighter-wash blue jeans,False,3,openimages,False,11,logical,0.0,0.06654644757509232,0.3333333432674408,0.08593519777059555,0.0,0.12402772158384323,0.0,0.11410621553659439,0.0,0.044816795736551285,0.0,0.08313747495412827,0.0,0.07848497480154037,0.0,0.08437714725732803,0.0,0.0
refadv:675,refadv:675,"the less lit streetlight, not the one on the right",True,2,openimages,False,10,logical,0.0,0.01119187194854021,0.0,0.006527890916913748,0.0,0.00041385696385987103,0.0,0.007214268669486046,0.0,0.011504016816616058,0.0,0.008796781301498413,0.0,0.0003317742666695267,0.0,0.007482712622731924,0.0,0.0
refadv:676,refadv:676,the less lit street light with the slightly darker blackish pole,True,2,openimages,False,11,logical,0.0,0.01323302835226059,0.0,0.013674445450305939,0.0,0.022290656343102455,0.0,0.020799322053790092,0.0,0.03145752474665642,0.0,0.019837403669953346,0.0,0.023106427863240242,0.0,0.02021240070462227,0.0,0.0
refadv:677,refadv:677,"the smaller streetlight element near the storefront, not the one on the center-right storefront area",True,2,openimages,False,16,logical,0.0,0.012835640460252762,0.0,0.015212305821478367,0.0,0.0,0.0,0.00836568046361208,0.0,0.025639742612838745,0.0,0.013514968566596508,0.0,0.00878228060901165,0.0,0.007209409028291702,0.0,0.0
refadv:678,refadv:678,the smaller street light closer to the storefront windows with a pole that is slightly darker blackish,False,2,openimages,False,17,logical,0.0,0.013159583322703838,0.0,0.017418062314391136,0.0,0.029295513406395912,0.0,0.01806670054793358,0.0,0.01779261603951454,0.0,0.014742095954716206,0.0,0.014880440197885036,0.0,0.012658174149692059,0.0,0.0
refadv:679,refadv:679,the empty chair on the right side of the table area,False,2,openimages,False,11,relational,0.0,0.026185452938079834,1.0,0.0925789549946785,0.0,0.08339843899011612,1.0,0.10893899202346802,0.0,0.08041992038488388,1.0,0.11798095703125,0.0,0.08096147328615189,0.6666666865348816,0.11333900690078735,0.0,0.0
refadv:680,refadv:680,the mostly visible chair near the center-left of the table area,False,2,openimages,False,12,relational,0.0,0.057643819600343704,0.3333333432674408,0.1178823933005333,0.0,0.15958797931671143,1.0,0.1916458159685135,0.0,0.1761338859796524,1.0,0.21427184343338013,0.0,0.17026276886463165,1.0,0.20324479043483734,0.0,0.0
refadv:681,refadv:681,the darker blue-tinted glass tower among the shorter secondary skyline towers near the bottom-left,False,2,openimages,False,16,logical,0.0,0.0568566620349884,0.0,0.04910761117935181,0.0,0.10422178357839584,0.3333333432674408,0.09831715375185013,0.0,0.04084694758057594,0.3333333432674408,0.06136314570903778,0.0,0.04538549482822418,0.0,0.05836968123912811,0.0,0.0
refadv:682,refadv:682,the marginally shorter bottom-left skyline tower,False,2,openimages,False,7,absolute,0.0,0.06449665874242783,0.0,0.05296333506703377,0.0,0.07488607615232468,0.0,0.07105991989374161,0.0,0.08850172162055969,0.0,0.0787753313779831,0.0,0.0468037910759449,0.0,0.05849036946892738,0.0,0.0
refadv:683,refadv:683,the lighter gray or white tower on the bottom-left on the image,False,2,openimages,False,13,logical,0.0,0.02789480984210968,0.0,0.03128413110971451,0.0,0.023815328255295753,0.0,0.03145340457558632,0.0,0.007992473430931568,0.0,0.023939868435263634,0.0,0.02476917766034603,0.0,0.03424769639968872,0.0,0.0
refadv:684,refadv:684,the higher lower-mid façade standing sculpture near the entrance cornice,False,5,openimages,False,12,relational,0.0,0.02065703272819519,0.0,0.026724455878138542,0.0,0.02952546440064907,0.6666666865348816,0.04001783952116966,0.0,0.029924452304840088,0.6666666865348816,0.04069236293435097,0.0,0.030901581048965454,1.0,0.044014472514390945,0.0,0.0
refadv:685,refadv:685,the lower-mid facade standing sculpture on a horizontal ledge,False,5,openimages,False,10,unclassified,0.0,0.0025491472333669662,0.0,0.0022576041519641876,0.0,0.004008081275969744,0.0,0.0050865220837295055,0.0,0.0036881461273878813,0.0,0.004519604612141848,0.0,0.0037059197202324867,0.0,0.004162220750004053,0.0,0.0
refadv:686,refadv:686,the adult-sized person with entire head visible,False,2,openimages,False,8,direct,0.0,0.05627547204494476,0.6666666865348816,0.08905104547739029,0.0,0.12634898722171783,0.6666666865348816,0.1725504845380783,0.0,0.13246189057826996,1.0,0.1822834014892578,0.0,0.128740131855011,1.0,0.1793319582939148,0.0,0.0
refadv:687,refadv:687,the small infant-sized ear that is more visible,False,2,openimages,False,9,unclassified,0.0,0.0021514892578125,0.0,0.002562308916822076,0.0,0.006991299334913492,0.0,0.007302917540073395,0.0,0.006991299334913492,0.0,0.007331604603677988,0.0,0.006991299334913492,0.0,0.007470250129699707,0.0,0.0
refadv:688,refadv:688,the small infant ear more obscured by the baby’s cheek,False,2,openimages,False,11,unclassified,0.0,0.0005746218375861645,0.0,0.0012672453885897994,0.0,0.001898871618323028,0.0,0.0008062263368628919,0.0,0.001953125,0.0,0.0008871068130247295,0.0,0.001898871618323028,0.0,0.0007459186599589884,0.0,0.0
refadv:689,refadv:689,the baby ear surrounded by soft baby hair with a clearer edge and less obstruction,True,2,openimages,False,15,unclassified,0.0,0.0026057318318635225,0.0,0.0033469696063548326,0.0,0.006103515625,0.0,0.006081428378820419,0.0,0.00640869140625,0.0,0.006592503283172846,0.0,0.006602894514799118,0.0,0.006265510339289904,0.0,0.0
refadv:690,refadv:690,the light neutral-colored dress with no prominent contrasting waistband,True,3,openimages,False,10,logical,0.0,0.0,0.0,0.061512481421232224,0.0,0.0,0.0,0.005116978194564581,0.0,0.0,0.0,0.0014265732606872916,0.0,0.0,0.0,0.010621129535138607,0.0,0.0
refadv:691,refadv:691,the light neutral-colored dress with wider hem finishing,False,3,openimages,False,9,unclassified,0.0,0.0,0.0,0.08083608001470566,0.0,0.013521815650165081,0.0,0.02507372759282589,0.0,0.012264183722436428,0.0,0.012643936090171337,0.0,0.007500598672777414,0.0,0.01260540634393692,0.0,0.0
refadv:692,refadv:692,"the slightly lower of the two high, center-mounted rack toms in the stage",False,6,openimages,False,14,logical,0.0,0.004437773022800684,0.0,0.005488036200404167,0.0,0.0,0.0,0.002511789323762059,0.0,0.0,0.0,0.0021849938202649355,0.0,0.0,0.0,0.002468405058607459,0.0,0.0
refadv:693,refadv:693,the marginally larger high center-mounted rack tom in the stage,False,6,openimages,False,11,logical,0.0,0.02137487195432186,0.6666666865348816,0.03317585960030556,0.0,0.02051696740090847,0.3333333432674408,0.03606986626982689,0.0,0.013073881156742573,0.3333333432674408,0.031065737828612328,0.0,0.034453123807907104,0.3333333432674408,0.05400024354457855,0.0,0.0
refadv:694,refadv:694,"the high center-mounted rack tom, the more tilted one",False,6,openimages,False,10,absolute,0.0,0.022817758843302727,1.0,0.04330863058567047,0.0,0.05589279904961586,0.0,0.05871036648750305,0.0,0.05662952736020088,0.3333333432674408,0.0656931921839714,0.0,0.0461425818502903,0.3333333432674408,0.059907764196395874,0.0,0.0
refadv:695,refadv:695,"the mostly visible bra on the central subject, not the one with an extra rectangular sponsor-style patch on the lower band",True,2,openimages,False,22,logical,0.0,0.19903723895549774,0.0,0.13341732323169708,0.0,0.24498288333415985,0.3333333432674408,0.1662348359823227,0.0,0.2192831039428711,0.0,0.14175818860530853,0.0,0.2234397530555725,0.0,0.15404070913791656,0.0,0.0
refadv:696,refadv:696,the brassiere with a prominent shield-shaped cup badge on the person with non-black hair,False,2,openimages,False,16,unclassified,0.0,0.20590056478977203,0.0,0.1516239196062088,0.0,0.19706790149211884,0.0,0.16557927429676056,0.0,0.23540563881397247,0.3333333432674408,0.155604749917984,0.0,0.24631811678409576,0.0,0.15875963866710663,0.0,0.0
refadv:697,refadv:697,the wheel on the black pickup truck near the truck bed,False,6,openimages,False,11,relational,0.0,0.0017164648743346334,0.0,0.01648697443306446,0.0,0.0056559499353170395,0.0,0.005602158606052399,0.0,0.0,0.0,0.0010101816151291132,0.0,0.0,0.0,0.0009554300922900438,0.0,0.0
refadv:698,refadv:698,the wheel on the black pickup truck in the foreground with not distinct center details,True,6,openimages,False,15,logical,0.0,0.0,0.0,0.013511273078620434,0.0,0.005921440199017525,0.0,0.0073045347817242146,0.0,0.0,0.0,0.004905423615127802,0.0,0.0,0.0,0.0028384567704051733,0.0,0.0
refadv:699,refadv:699,front wide whitewall wheel,False,6,openimages,False,4,direct,0.0,0.003987205680459738,0.0,0.04587061330676079,0.0,0.009693305939435959,0.0,0.051843415945768356,0.0,0.004439836833626032,0.0,0.037133555859327316,0.0,0.009162109345197678,0.0,0.03770647943019867,0.0,0.0
refadv:700,refadv:700,the wide whitewall wheel with less distinct center details,True,6,openimages,False,9,absolute,0.0,0.001909409067593515,0.0,0.014736555516719818,0.0,0.0,0.0,0.005019630305469036,0.0,0.0,0.0,0.005243225488811731,0.0,0.0,0.0,0.004023391287773848,0.0,0.0
refadv:701,refadv:701,the illustrated poster near the large word LOVE,False,2,openimages,False,8,relational,0.0,0.1153794452548027,0.0,0.12876421213150024,0.3333333432674408,0.3056574761867523,1.0,0.3641083240509033,0.0,0.3522889316082001,1.0,0.4189161956310272,0.0,0.2867613732814789,0.3333333432674408,0.32225218415260315,0.3333333432674408,0.0
refadv:702,refadv:702,the illustrated poster with prominent gold text overlay,False,2,openimages,False,8,direct,0.0,0.1501818746328354,0.3333333432674408,0.1533607840538025,0.3333333432674408,0.30162301659584045,1.0,0.3279651403427124,0.0,0.2914753258228302,1.0,0.3347000181674957,0.3333333432674408,0.2720969617366791,0.6666666865348816,0.3148152828216553,0.3333333432674408,0.3333333432674408
refadv:703,refadv:703,"the illustrated poster, not the one with “The Watch Tower” masthead text",True,2,openimages,False,12,logical,0.0,0.28653964400291443,0.0,0.2271944284439087,0.0,0.10010254383087158,0.0,0.19207702577114105,0.0,0.2011374980211258,0.6666666865348816,0.23588664829730988,0.0,0.24984081089496613,0.6666666865348816,0.3025674521923065,0.0,0.0
refadv:704,refadv:704,"the centered cover layout poster, not the one with the large word CREATION",True,2,openimages,False,13,logical,0.0,0.11598291248083115,0.0,0.15499286353588104,0.0,0.1233588382601738,0.3333333432674408,0.20363681018352509,0.0,0.16549043357372284,0.6666666865348816,0.2147682160139084,0.0,0.189570352435112,0.6666666865348816,0.24380971491336823,0.0,0.0
refadv:705,refadv:705,a centered cover layout poster with prominent gold text overlay,False,2,openimages,False,10,unclassified,0.0,0.15348213911056519,0.0,0.164154514670372,0.0,0.3325851559638977,0.6666666865348816,0.3335716426372528,0.0,0.2121654897928238,0.3333333432674408,0.24685700237751007,0.0,0.26678934693336487,1.0,0.3272694945335388,0.0,0.0
refadv:706,refadv:706,the person holding a drink who is only partially visible,False,4,openimages,False,10,relational,0.0,0.09749835729598999,0.0,0.0941496267914772,0.0,0.17531831562519073,0.0,0.19406194984912872,0.0,0.20087158679962158,0.6666666865348816,0.19536012411117554,0.0,0.1007324680685997,0.3333333432674408,0.16056685149669647,0.0,0.0
refadv:707,refadv:707,the person holding a drink not wearing a checked shirt,True,4,openimages,False,10,logical,0.0,0.2482777088880539,0.0,0.2149467021226883,0.0,0.39286741614341736,0.3333333432674408,0.3190382421016693,0.3333333432674408,0.30438390374183655,0.3333333432674408,0.2774336636066437,0.0,0.3491368293762207,0.3333333432674408,0.3269922435283661,-0.3333333432674408,-0.3333333432674408
refadv:708,refadv:708,the person holding a drink with a motion-blurred face,False,4,openimages,False,10,relational,0.0,0.24182777106761932,0.0,0.21251626312732697,0.0,0.37651798129081726,0.3333333432674408,0.3320474326610565,0.3333333432674408,0.421970397233963,0.3333333432674408,0.350877046585083,0.3333333432674408,0.313561350107193,0.3333333432674408,0.36884304881095886,-0.3333333432674408,0.0
refadv:709,refadv:709,"the fully visible seated rider, not the one with darker hair",True,5,openimages,False,11,logical,0.0,0.1017955020070076,0.0,0.11620321869850159,0.0,0.24180734157562256,0.3333333432674408,0.26637834310531616,0.0,0.24356365203857422,0.0,0.26124751567840576,0.0,0.3076092004776001,1.0,0.3387921154499054,0.0,0.0
refadv:710,refadv:710,the blonde haired person with a clear front facing face,False,5,openimages,False,10,unclassified,0.0,0.10472249984741211,0.3333333432674408,0.17290788888931274,0.0,0.24193769693374634,0.3333333432674408,0.26322323083877563,0.0,0.22220879793167114,0.0,0.24056148529052734,0.0,0.2485683560371399,0.6666666865348816,0.26187846064567566,0.0,0.0
refadv:711,refadv:711,"the foreground baby arm on the wooden floor, not toward the object",True,2,openimages,False,12,logical,0.0,0.08569098263978958,0.0,0.051224980503320694,0.0,0.20836468040943146,0.0,0.205363467335701,0.0,0.23879964649677277,0.0,0.21839219331741333,0.0,0.21780605614185333,0.3333333432674408,0.2139730304479599,0.0,0.0
refadv:712,refadv:712,"the small infant-sized arm, not the one reaching forward toward the object on the floor",True,2,openimages,False,16,logical,0.0,0.08994040638208389,0.0,0.11064522713422775,0.0,0.1385873556137085,0.0,0.09731125831604004,0.0,0.14294032752513885,0.0,0.10175156593322754,0.0,0.14287538826465607,0.0,0.08424219489097595,0.0,0.0
refadv:713,refadv:713,the less crouched hiker near the center mid-foreground,True,3,openimages,False,9,relational,0.0,0.21278919279575348,0.0,0.16375811398029327,0.0,0.19020211696624756,0.0,0.18674533069133759,0.0,0.015308857895433903,0.0,0.08557946234941483,0.0,0.2801100015640259,0.3333333432674408,0.27875351905822754,0.0,0.0
refadv:714,refadv:714,the less hooded hiker near the center in the mid foreground,True,3,openimages,False,11,relational,0.0,0.20670950412750244,0.0,0.17051011323928833,0.0,0.11197635531425476,0.3333333432674408,0.1919969767332077,0.0,0.017308617010712624,0.0,0.08712399750947952,0.0,0.23294955492019653,0.3333333432674408,0.27517417073249817,0.0,0.0
refadv:715,refadv:715,"the person browsing printed material at the table, not the one in a lighter green and white top",True,9,openimages,False,18,logical,0.0,0.09743431210517883,0.0,0.07582788914442062,0.0,0.20108740031719208,0.3333333432674408,0.16794367134571075,0.0,0.13615943491458893,0.0,0.10451332479715347,0.0,0.2114212065935135,0.6666666865348816,0.164205402135849,0.0,0.0
refadv:716,refadv:716,the person browsing printed material at the table with her head angled slightly downward,False,9,openimages,False,14,unclassified,0.0,0.382313996553421,0.0,0.3683815002441406,0.6666666865348816,0.5100067257881165,1.0,0.5879555344581604,0.3333333432674408,0.45289984345436096,1.0,0.42892637848854065,0.0,0.41170474886894226,1.0,0.5546632409095764,0.3333333432674408,-0.3333333432674408
refadv:717,refadv:717,the right pedestrian in the two small pedestrians walking close together in the right-center of the road,False,4,openimages,False,18,logical,0.0,0.008124442771077156,0.0,0.006132321897894144,0.0,0.0022682470735162497,0.0,0.00479967100545764,0.0,0.0032931517343968153,0.0,0.0037621911615133286,0.0,0.008270523510873318,0.0,0.006635768339037895,0.0,0.0
refadv:718,refadv:718,the slightly behind pedestrian in the close walking pair in the right-center of the road,False,4,openimages,False,16,relational,0.0,0.0064740958623588085,0.0,0.0050584846176207066,0.0,0.0035736144054681063,0.0,0.0036300343926995993,0.0,0.009266461245715618,0.0,0.004994432907551527,0.0,0.005963046569377184,0.0,0.00469057634472847,0.0,0.0
refadv:719,refadv:719,the smaller child-sized person leaning forward lower to the floor,False,2,openimages,False,11,logical,1.0,0.7052800059318542,1.0,0.6485350728034973,1.0,0.5291467308998108,1.0,0.8321775794029236,0.6666666865348816,0.4873720109462738,1.0,0.8334841728210449,0.6666666865348816,0.48737195134162903,1.0,0.8400071263313293,0.3333333134651184,0.0
refadv:720,refadv:720,the slightly shorter of the two child-sized people,False,2,openimages,False,9,logical,1.0,0.6724607348442078,0.3333333432674408,0.5220187306404114,1.0,0.5523549318313599,1.0,0.8302128911018372,0.6666666865348816,0.5152218341827393,1.0,0.8329370021820068,0.6666666865348816,0.5152218341827393,1.0,0.8292650580406189,0.3333333134651184,0.0
refadv:721,refadv:721,the child being held by the adult and leaning forward at a lower position,False,2,openimages,False,14,relational,1.0,0.6634331941604614,1.0,0.6284494996070862,1.0,0.5012969374656677,1.0,0.8087933659553528,1.0,0.5569965243339539,1.0,0.8126077055931091,1.0,0.5012969374656677,1.0,0.8282453417778015,0.0,0.0
refadv:722,refadv:722,the slightly shorter child being held by the adult,False,2,openimages,False,9,relational,1.0,0.6913865208625793,1.0,0.6229472160339355,0.6666666865348816,0.48737195134162903,1.0,0.8294832110404968,0.6666666865348816,0.4873720109462738,1.0,0.8314465880393982,0.6666666865348816,0.48737195134162903,1.0,0.834266185760498,0.0,0.0
refadv:723,refadv:723,the jockey in mostly white racing top on the right front of the pack,False,4,openimages,False,14,absolute,0.0,0.11146245151758194,0.0,0.15832501649856567,0.0,0.3103708028793335,1.0,0.29517602920532227,0.0,0.299358606338501,0.3333333432674408,0.27516791224479675,0.0,0.31376591324806213,0.6666666865348816,0.2846842110157013,0.0,0.0
refadv:724,refadv:724,"the right-front jockey, not the one with a dark 2 patch on the upper arm",True,4,openimages,False,16,logical,0.0,0.1333017498254776,1.0,0.19907468557357788,0.0,0.3313387334346771,1.0,0.35102900862693787,0.0,0.3027236759662628,1.0,0.34348776936531067,0.0,0.3123582601547241,1.0,0.3369661867618561,0.0,0.0
refadv:725,refadv:725,"the background performer holding a harmonica to their mouth, not the one in a green jacket",True,2,openimages,False,16,logical,0.0,0.23534004390239716,0.6666666865348816,0.29027295112609863,0.0,0.0,0.0,0.07411297410726547,0.0,0.1342305690050125,0.0,0.19725315272808075,0.0,0.10291262716054916,0.3333333432674408,0.2219752073287964,0.0,0.0
refadv:726,refadv:726,the background performer holding a harmonica to their mouth not wearing a light cap,True,2,openimages,False,14,logical,0.0,0.30554911494255066,1.0,0.39848390221595764,0.6666666865348816,0.5095306038856506,1.0,0.7447700500488281,0.6666666865348816,0.49908551573753357,1.0,0.6300132870674133,0.0,0.42453238368034363,0.6666666865348816,0.634145200252533,0.0,-0.6666666865348816
refadv:727,refadv:727,the background performer holding a harmonica to their mouth with hands held closer together on the harmonica,False,2,openimages,False,17,relational,0.0,0.2227463722229004,0.6666666865348816,0.30981770157814026,0.0,0.051434118300676346,0.0,0.11496245115995407,0.0,0.11917684227228165,0.0,0.21339930593967438,0.0,0.20551694929599762,0.3333333432674408,0.3470994532108307,0.0,0.0
refadv:728,refadv:728,"the person in outerwear jackets, not a green jacket",True,2,openimages,False,9,logical,0.0,0.23413848876953125,1.0,0.33353352546691895,0.0,0.12659436464309692,0.0,0.19603683054447174,0.0,0.14040541648864746,0.3333333432674408,0.2316329926252365,0.0,0.0707634910941124,0.0,0.13808567821979523,0.0,0.0
refadv:729,refadv:729,the mammal in an outerwear jacket without a light cap,True,2,openimages,False,10,logical,0.0,0.2108108550310135,0.0,0.35500654578208923,0.3333333432674408,0.43794015049934387,1.0,0.6956662535667419,1.0,0.5948557257652283,1.0,0.7245461344718933,1.0,0.6131728887557983,1.0,0.7576413154602051,-0.6666666269302368,0.0
refadv:730,refadv:730,mammal in layered outerwear jackets with hands held closer together,False,2,openimages,False,10,unclassified,0.0,0.17001990973949432,0.0,0.25857827067375183,0.0,0.0,0.0,0.132148876786232,0.0,0.14111463725566864,0.0,0.2225969284772873,0.0,0.05389728769659996,0.0,0.1676957607269287,0.0,0.0
refadv:731,refadv:731,"the leg on the right half of the photo, not the one closer to the center",True,2,openimages,False,16,logical,0.0,0.0418933629989624,0.0,0.03357291221618652,0.0,0.08020182698965073,0.0,0.06649672985076904,0.0,0.08725658804178238,0.3333333432674408,0.08117260783910751,0.0,0.08834034204483032,0.0,0.0732547715306282,0.0,0.0
refadv:732,refadv:732,the more central human leg near the gap between the two seated people beside the red top and light pink patterned skirt fabric,False,2,openimages,False,23,logical,0.0,0.014682594686746597,0.0,0.010358582250773907,0.0,0.011533613316714764,0.0,0.00571571895852685,0.0,0.006487657781690359,0.0,0.004717983305454254,0.0,0.0036134980618953705,0.0,0.0046257381327450275,0.0,0.0
refadv:733,refadv:733,the lower wheel that is mostly obscured out of frame with little detail visible,False,2,openimages,False,14,unclassified,0.0,0.014323100447654724,0.0,0.008013315498828888,0.0,0.0,0.0,0.0025304039008915424,0.0,0.0,0.0,0.006341174710541964,0.0,0.0,0.0,0.002526566619053483,0.0,0.0
refadv:734,refadv:734,the lower smaller wheel,False,2,openimages,False,4,logical,0.0,0.0159454345703125,0.0,0.009657719172537327,0.0,0.0,0.0,0.005044268444180489,0.0,0.0,0.0,0.009280189871788025,0.0,0.0,0.0,0.0068949866108596325,0.0,0.0
refadv:735,refadv:735,the seated person at the kitchen island with a longer hair,False,2,openimages,False,11,unclassified,0.0,0.2789599299430847,0.0,0.3497451841831207,0.0,0.07900083810091019,0.0,0.21497900784015656,0.0,0.12166530638933182,0.0,0.236241415143013,0.0,0.1243823766708374,0.0,0.23203377425670624,0.0,0.0
refadv:736,refadv:736,"the beer being held in someone’s hands in the middle of the crowd, held lower near the holder’s waist",False,2,openimages,False,21,relational,0.0,0.005490483250468969,0.3333333432674408,0.008776961825788021,0.0,0.007594649214297533,0.0,0.006689008790999651,0.0,0.007963469251990318,0.0,0.010300563648343086,0.0,0.008861202746629715,0.0,0.01005930919200182,0.0,0.0
refadv:737,refadv:737,the stemless glass of warm reddish amber beer held higher near chest level,False,2,openimages,False,13,relational,0.0,0.005829996895045042,0.0,0.007592157926410437,0.0,0.008871936239302158,0.0,0.016759885475039482,0.0,0.008573977276682854,0.0,0.014373037032783031,0.0,0.008023949339985847,0.3333333432674408,0.014617160893976688,0.0,0.0
refadv:738,refadv:738,the middle glassware with a warm reddish amber drink not filled as high,True,2,openimages,False,13,logical,0.0,0.004219105467200279,0.0,0.00719268387183547,0.0,0.0033307827543467283,0.3333333432674408,0.004918412771075964,0.0,0.005625501275062561,0.0,0.0047983587719500065,0.0,0.0015278247883543372,0.0,0.0019685698207467794,0.0,0.0
refadv:739,refadv:739,the smaller background woman with hair more clearly visible,False,2,openimages,False,9,logical,0.0,0.18617220222949982,1.0,0.23689709603786469,1.0,0.6969406008720398,1.0,0.5805053114891052,1.0,0.6969406008720398,1.0,0.558864176273346,1.0,0.7333343029022217,1.0,0.5961278080940247,0.0,0.0
refadv:740,refadv:740,"the smaller woman farther in the background, not the one wearing a black top",True,2,openimages,False,14,logical,0.0,0.06991438567638397,0.0,0.0682697668671608,0.0,0.24611645936965942,0.3333333432674408,0.2168566733598709,0.0,0.25143909454345703,0.6666666865348816,0.20256169140338898,0.0,0.24611645936965942,0.6666666865348816,0.21863068640232086,0.0,0.0
refadv:741,refadv:741,the woman in a non-white top with more reddish hair,False,2,openimages,False,11,unclassified,0.0,0.2078760713338852,1.0,0.1844763606786728,0.0,0.2348390817642212,1.0,0.2231796383857727,0.0,0.19095151126384735,0.6666666865348816,0.1779792308807373,0.0,0.17957085371017456,1.0,0.18475329875946045,0.0,0.0
refadv:742,refadv:742,"the woman in a more neutral top, not a black top or dress",True,2,openimages,False,13,logical,0.0,0.06483905762434006,0.0,0.1121055856347084,0.0,0.22630278766155243,0.3333333432674408,0.18850068747997284,0.0,0.19447803497314453,0.6666666865348816,0.15197663009166718,0.0,0.21088163554668427,0.0,0.1686469316482544,0.0,0.0
refadv:743,refadv:743,the man in a black tuxedo with a bow tie and fully visible hair,False,4,openimages,False,14,unclassified,0.0,0.15616266429424286,0.0,0.22345726191997528,0.0,0.10087094455957413,0.0,0.11510098725557327,0.0,0.20467650890350342,0.0,0.16710369288921356,0.0,0.19886396825313568,0.0,0.18052613735198975,0.0,0.0
refadv:744,refadv:744,the man in a black tuxedo with a bow tie facing his side,False,4,openimages,False,13,unclassified,0.0,0.21966218948364258,0.6666666865348816,0.24190087616443634,0.0,0.19215738773345947,0.0,0.1611371785402298,0.0,0.21341224014759064,0.0,0.20055978000164032,0.0,0.21341226994991302,0.0,0.2024383693933487,0.0,0.0
refadv:745,refadv:745,the person in a black tuxedo with a clearly visible collar,False,4,openimages,False,11,unclassified,0.0,0.13873863220214844,0.0,0.21199436485767365,0.0,0.0,0.0,0.03347497433423996,0.0,0.0,0.0,0.0671139732003212,0.0,0.0,0.0,0.0644184872508049,0.0,0.0
refadv:746,refadv:746,the short gray-haired person not holding an instrument,True,4,openimages,False,9,logical,0.0,0.10579559206962585,0.0,0.1504448801279068,0.0,0.0365024171769619,0.0,0.09022712707519531,0.0,0.12819959223270416,0.0,0.14199692010879517,0.0,0.0321110375225544,0.0,0.08200438320636749,0.0,0.0
refadv:747,refadv:747,the non foreground performer with their head turned to side in profile,True,4,openimages,False,12,absolute,0.0,0.19263863563537598,1.0,0.20970778167247772,0.0,0.130963996052742,0.0,0.1460898071527481,0.0,0.18052999675273895,0.3333333432674408,0.2060830444097519,0.0,0.14067591726779938,0.0,0.1212473139166832,0.0,0.0
refadv:748,refadv:748,the person who is not the foreground lead performer or holding a prominent instrument in the foreground and whose collar is clearly visible,True,4,openimages,False,23,logical,0.0,0.034297164529561996,0.0,0.12329038977622986,0.0,0.0736781656742096,0.3333333432674408,0.08237309008836746,0.0,0.13615725934505463,0.0,0.12311739474534988,0.0,0.0,0.0,0.059210944920778275,0.0,0.0
refadv:749,refadv:749,the non-vegetable item sealed inside a clear plastic bag,True,2,openimages,False,10,relational,0.0,0.12309444695711136,0.0,0.08932685852050781,0.0,0.1375149041414261,0.0,0.08416521549224854,0.0,0.07602649182081223,0.0,0.05901569128036499,0.0,0.09047452360391617,0.0,0.0605265349149704,0.0,0.0
refadv:750,refadv:750,the athletic shorts that end higher above the knee,False,2,openimages,False,9,relational,0.0,0.004856685176491737,0.0,0.006839363370090723,0.0,0.0021116023417562246,0.0,0.004433677531778812,0.0,0.001683375216089189,0.0,0.001363930176012218,0.0,0.0,0.0,0.0015117758885025978,0.0,0.0
refadv:751,refadv:751,the regional jet that appears closer to the camera,False,2,openimages,False,9,unclassified,1.0,0.6319425702095032,0.3333333432674408,0.5297275185585022,1.0,0.713080108165741,1.0,0.7025182247161865,1.0,0.7453672289848328,1.0,0.7070402503013611,1.0,0.699032723903656,1.0,0.7257267832756042,0.0,0.0
refadv:752,refadv:752,the smaller regional jet with cabin windows that are difficult to see clearly,False,2,openimages,False,13,logical,0.0,0.11363714933395386,0.0,0.04442480206489563,0.0,0.11786995083093643,0.0,0.0488661527633667,0.0,0.06685718894004822,0.0,0.04275520145893097,0.0,0.07481348514556885,0.0,0.04648066684603691,0.0,0.0
refadv:753,refadv:753,the rear car wheel with distinct rim and hubcap details,False,2,openimages,False,10,unclassified,0.0,0.08810078352689743,0.0,0.054476913064718246,0.0,0.10303014516830444,0.3333333432674408,0.08666012436151505,0.0,0.09273766726255417,0.6666666865348816,0.09801504760980606,0.0,0.08795049041509628,0.0,0.08747568726539612,0.0,0.0
refadv:754,refadv:754,the car wheel with visible but slightly unclear hubcap spoke details,False,2,openimages,False,11,unclassified,0.0,0.009206064976751804,0.0,0.018142998218536377,0.0,0.0,0.0,0.007365974131971598,0.0,0.0,0.0,0.009988890960812569,0.0,0.0,0.0,0.009043787606060505,0.0,0.0
refadv:755,refadv:755,the left-side wheel under the car’s wheel arch with sharper hubcap spoke details,False,2,openimages,False,15,relational,0.0,0.06653928011655807,0.0,0.042775124311447144,0.0,0.12401386350393295,0.3333333432674408,0.11304875463247299,0.0,0.1269935816526413,0.6666666865348816,0.13209933042526245,0.0,0.1166636124253273,0.3333333432674408,0.12483265995979309,0.0,0.0
refadv:756,refadv:756,the front-and-center person in a sweater over a collared shirt,False,6,openimages,False,12,absolute,0.0,0.47725531458854675,1.0,0.5733911991119385,0.0,0.32176512479782104,1.0,0.6208580732345581,0.0,0.3191370964050293,1.0,0.6878883242607117,0.0,0.23539775609970093,0.6666666865348816,0.5355067849159241,0.0,0.0
refadv:757,refadv:757,the person in a bright sweater holding the center trophy,False,6,openimages,False,10,relational,1.0,0.520980179309845,0.0,0.46096518635749817,0.3333333432674408,0.3608754575252533,0.3333333432674408,0.493828684091568,0.3333333432674408,0.42311224341392517,0.3333333432674408,0.49601587653160095,0.0,0.3921597898006439,0.3333333432674408,0.4887668192386627,0.0,-0.3333333432674408
refadv:758,refadv:758,the large front-facing black tux-style coat with a pocket square,False,4,openimages,False,12,unclassified,0.0,0.06281881779432297,0.0,0.13673777878284454,0.0,0.0,0.0,0.03129908815026283,0.0,0.02896423637866974,0.0,0.08835697174072266,0.0,0.0023567932657897472,0.0,0.06548008322715759,0.0,0.0
refadv:759,refadv:759,the large front-facing coat on the right man with seemingly more compact lapels,False,4,openimages,False,14,absolute,0.0,0.03873211517930031,0.0,0.03006921522319317,0.0,0.03502964600920677,0.0,0.046950358897447586,0.0,0.006656112615019083,0.0,0.028551163151860237,0.0,0.044362667948007584,0.0,0.03612634167075157,0.0,0.0
refadv:760,refadv:760,the lifted performer on the left side of the stage,False,5,openimages,False,10,relational,0.0,0.08711537718772888,0.3333333432674408,0.15506090223789215,0.0,0.08185204118490219,0.0,0.11303965002298355,0.0,0.03617367148399353,0.0,0.06048256531357765,0.0,0.11886157840490341,0.0,0.14607588946819305,0.0,0.0
refadv:761,refadv:761,the lifted performer elevated on someone’s shoulders with an arm raised more vertically upward,False,5,openimages,False,15,unclassified,0.0,0.0884825587272644,0.6666666865348816,0.14265288412570953,0.0,0.0914212167263031,0.0,0.0914907231926918,0.0,0.03284640237689018,0.0,0.06254786998033524,0.0,0.06975267082452774,0.0,0.08857181668281555,0.0,0.0
refadv:762,refadv:762,the lifted performer near the upper right of the stage area,False,5,openimages,False,11,relational,0.0,0.07362151890993118,0.3333333432674408,0.12282228469848633,0.0,0.22485803067684174,0.6666666865348816,0.3153071105480194,0.0,0.15766505897045135,0.3333333432674408,0.2857089340686798,0.0,0.24822981655597687,0.6666666865348816,0.3465786278247833,0.0,0.0
refadv:763,refadv:763,the person near the upper left of the stage with two raised arms not straight up but angled diagonally outward in a line,True,5,openimages,False,23,logical,0.0,0.1059940755367279,0.3333333432674408,0.1345815658569336,0.0,0.2882918417453766,1.0,0.33936575055122375,0.0,0.24340760707855225,1.0,0.30162549018859863,0.0,0.32419848442077637,1.0,0.3678862154483795,0.0,0.0
refadv:764,refadv:764,"the boy seated near the far-right of the mat, not looking toward the center-left",True,5,openimages,False,16,logical,0.0,0.0,0.0,0.023617325350642204,0.0,0.0367107167840004,0.0,0.05583113059401512,0.0,0.06464523822069168,0.6666666865348816,0.10237620025873184,0.0,0.0658605694770813,0.0,0.06261838227510452,0.0,0.0
refadv:765,refadv:765,"the armored helmeted shield bearer, not the one in a solid light-green tunic",True,3,openimages,False,14,logical,0.0,0.16845959424972534,0.3333333432674408,0.1704268455505371,0.0,0.3417031764984131,0.3333333432674408,0.2517640292644501,0.0,0.2995072603225708,0.0,0.20843155682086945,0.0,0.329692542552948,0.3333333432674408,0.2509695291519165,0.0,0.0
refadv:766,refadv:766,the armored participant with tall non-red boots,True,3,openimages,False,8,direct,0.0,0.3055877983570099,0.0,0.3324914574623108,1.0,0.5327561497688293,0.6666666865348816,0.6343117952346802,1.0,0.573662519454956,1.0,0.6609925031661987,1.0,0.5569365620613098,1.0,0.6636860966682434,0.0,0.0
refadv:767,refadv:767,the armored helmeted shield bearer not wearing a cylindrical bucket helm,True,3,openimages,False,11,logical,0.0,0.17464952170848846,0.0,0.16555245220661163,0.0,0.317415714263916,0.0,0.2406836301088333,0.0,0.28579798340797424,0.0,0.20826327800750732,0.0,0.3153578042984009,0.6666666865348816,0.252035528421402,0.0,0.0
refadv:768,refadv:768,"the person standing on the grass in the foreground facing the other person, not wearing a solid light-green tunic",True,3,openimages,False,20,logical,0.0,0.15098555386066437,1.0,0.1311882585287094,0.0,0.24338598549365997,0.0,0.2055530548095703,0.0,0.23502008616924286,0.0,0.19667820632457733,0.0,0.24888575077056885,0.0,0.21278180181980133,0.0,0.0
refadv:769,refadv:769,"the standing person on the grass in the foreground, not the one with red lower-leg coverings",True,3,openimages,False,17,logical,0.0,0.2545977532863617,0.3333333432674408,0.19616802036762238,1.0,0.5614452362060547,1.0,0.6582278609275818,1.0,0.5572152137756348,1.0,0.6640941500663757,1.0,0.5810670256614685,1.0,0.6767536997795105,0.0,0.0
refadv:770,refadv:770,"the person standing on the grass in the foreground facing another, not wearing a cylindrical bucket-style helm",True,3,openimages,False,18,logical,0.0,0.1245637908577919,0.0,0.11725597828626633,0.0,0.24338598549365997,0.0,0.1933491975069046,0.0,0.23502008616924286,0.0,0.20065438747406006,0.0,0.23185209929943085,0.0,0.19741706550121307,0.0,0.0
refadv:771,refadv:771,the silver laptop at the left of the image with the screen clearly visible,False,3,openimages,False,14,absolute,0.0,0.12431081384420395,1.0,0.3153189420700073,1.0,0.7141876220703125,1.0,0.579104483127594,1.0,0.68430095911026,1.0,0.5680506825447083,1.0,0.7502577304840088,1.0,0.5797200798988342,0.0,0.0
refadv:772,refadv:772,the laptop with its screen facing away from the camera on the right,False,3,openimages,False,13,absolute,0.0,0.0357816219329834,1.0,0.1327187418937683,0.0,0.10202410817146301,0.3333333432674408,0.10572875291109085,0.0,0.053583428263664246,0.0,0.08291641622781754,0.0,0.07747931778430939,0.0,0.10341936349868774,0.0,0.0
refadv:773,refadv:773,the glasses-wearing person without a hat,True,2,openimages,False,7,logical,0.0,0.4788644015789032,0.3333333432674408,0.36088085174560547,0.0,0.38809189200401306,0.3333333432674408,0.37781381607055664,0.3333333432674408,0.48475560545921326,0.6666666865348816,0.4635009467601776,0.6666666865348816,0.4192914068698883,0.6666666865348816,0.5289227366447449,-0.3333333432674408,0.3333333432674408
refadv:774,refadv:774,the person wearing glasses and a non-white colored shirt,False,2,openimages,False,10,unclassified,0.0,0.32748478651046753,0.6666666865348816,0.30273547768592834,0.0,0.36632680892944336,0.6666666865348816,0.35557034611701965,0.0,0.21953706443309784,0.6666666865348816,0.30194735527038574,0.0,0.1658412665128708,0.3333333432674408,0.2309010773897171,0.0,0.0
refadv:775,refadv:775,the person wearing glasses without a neck strap,True,2,openimages,False,8,logical,0.0,0.32067209482192993,0.3333333432674408,0.27094319462776184,0.0,0.4109298884868622,1.0,0.48244962096214294,0.0,0.25597241520881653,0.3333333432674408,0.30187633633613586,0.0,0.3194202780723572,0.6666666865348816,0.29052361845970154,0.0,0.0
refadv:776,refadv:776,baseball-style cap with a less curved bill,True,2,openimages,False,8,direct,0.0,0.0,0.0,0.004324769135564566,0.0,0.002479654038324952,0.0,0.0037628423888236284,0.0,0.007058306131511927,0.0,0.007857652381062508,0.0,0.006423457991331816,0.0,0.006062945816665888,0.0,0.0
refadv:777,refadv:777,the baseball hat with the slightly lower crown,False,2,openimages,False,8,direct,0.0,0.0004850049444939941,0.0,0.006511682644486427,0.0,0.0,0.0,0.0012830988271161914,0.0,0.0,0.0,0.00047374804853461683,0.0,0.0,0.0,0.0013984417309984565,0.0,0.0
refadv:778,refadv:778,"the person walking in the middle of the bridge, not facing toward the camera",True,2,openimages,False,14,logical,0.0,0.029241619631648064,0.6666666865348816,0.06688851118087769,0.0,0.05761617049574852,1.0,0.08251211792230606,0.0,0.054809991270303726,1.0,0.08114942163228989,0.0,0.059540193527936935,1.0,0.07645008713006973,0.0,0.0
refadv:779,refadv:779,the person in the midground near the glass entrance doors wearing a lighter-colored jacket,False,2,openimages,False,15,logical,0.0,0.018731465563178062,1.0,0.039364758878946304,0.0,0.040486451238393784,0.0,0.056466564536094666,0.0,0.041073277592659,0.3333333432674408,0.0537882000207901,0.0,0.04517108201980591,0.0,0.06471556425094604,0.0,0.0
refadv:780,refadv:780,the person in the midground near the glass entrance doors with arms down by their sides,False,2,openimages,False,16,relational,0.0,0.0235231164842844,1.0,0.038148920983076096,0.0,0.046328354626894,0.3333333432674408,0.061555277556180954,0.0,0.03797108307480812,0.0,0.05310504510998726,0.0,0.040641944855451584,0.0,0.05492005869746208,0.0,0.0
refadv:781,refadv:781,the fully visible front-facing goggles with minimal hat-brim shadow,False,2,openimages,False,11,unclassified,0.0,0.01680893450975418,0.0,0.022388696670532227,0.0,0.0,0.0,0.0034095915034413338,0.0,0.0029874423053115606,0.0,0.005851507652550936,0.0,0.0047318036668002605,0.0,0.005550205707550049,0.0,0.0
refadv:782,refadv:782,the visible front wheel on the brown car,False,6,openimages,False,8,direct,0.0,0.0673070028424263,0.0,0.05681223049759865,0.0,0.059899259358644485,0.0,0.054296400398015976,0.0,0.10081684589385986,0.0,0.09250694513320923,0.0,0.06673919409513474,0.0,0.05934390425682068,0.0,0.0
refadv:783,refadv:783,the foreground brown car wheel with a less visible whitewall band,True,6,openimages,False,11,absolute,0.0,0.01879270374774933,1.0,0.03574834391474724,0.0,0.002539261942729354,0.0,0.011579659767448902,0.0,0.009527293033897877,0.0,0.015672333538532257,0.0,0.0025108938571065664,0.0,0.012010902166366577,0.0,0.0
refadv:784,refadv:784,the person near the center-bottom inside the launch area,False,2,openimages,False,10,relational,0.0,0.007715906947851181,0.0,0.01423478964716196,0.0,0.013491173274815083,0.0,0.0032290518283843994,0.0,0.0,0.0,0.001422041212208569,0.0,0.004106729291379452,0.0,0.0016870734980329871,0.0,0.0
refadv:785,refadv:785,the slightly shorter person standing on the hillside area,False,2,openimages,False,9,relational,0.0,0.009514509700238705,0.0,0.01911146193742752,0.0,0.0,0.0,0.002518901601433754,0.0,0.0,0.0,0.0012291172752156854,0.0,0.0,0.0,0.0014707153895869851,0.0,0.0
refadv:786,refadv:786,the person near bottom who is not as broad or tall in the frame,True,2,openimages,False,14,logical,0.0,0.011397059075534344,0.0,0.018712667748332024,0.0,0.0,0.0,0.0024196726735681295,0.0,0.0,0.0,0.0009552597184665501,0.0,0.0010858875466510653,0.0,0.0016347108175978065,0.0,0.0
refadv:787,refadv:787,"the 5-spoke wheel with a flatter face, not the more deeply dished design",True,2,openimages,False,14,logical,0.0,0.16101838648319244,1.0,0.1757071614265442,0.0,0.24638426303863525,0.3333333432674408,0.2114541083574295,0.0,0.2261056900024414,0.3333333432674408,0.18301177024841309,0.0,0.2045980542898178,0.3333333432674408,0.1685246229171753,0.0,0.0
refadv:788,refadv:788,the five spoke wheel with a relatively small center hub cap,False,2,openimages,False,11,logical,0.0,0.16177670657634735,1.0,0.16530846059322357,0.0,0.344144731760025,0.6666666865348816,0.315350741147995,0.0,0.27921462059020996,0.6666666865348816,0.2711731493473053,0.3333333432674408,0.31509163975715637,0.3333333432674408,0.27401432394981384,0.0,0.3333333432674408
refadv:789,refadv:789,the wheel with thick spokes and large gaps and a more pronounced dish from the outer lip toward the hub,False,2,openimages,False,20,unclassified,0.0,0.12928317487239838,0.0,0.10798534750938416,0.0,0.18410418927669525,0.0,0.1710992306470871,0.0,0.1993846744298935,0.0,0.15387894213199615,0.0,0.13957147300243378,0.0,0.12704773247241974,0.0,0.0
refadv:790,refadv:790,"the wheel with thick spokes and large open gaps, with a center hub cap that looks slightly larger",False,2,openimages,False,18,logical,0.0,0.13603146374225616,0.6666666865348816,0.12493252754211426,0.0,0.1395985633134842,0.0,0.12355232983827591,0.0,0.12842465937137604,0.0,0.11882379651069641,0.0,0.041638243943452835,0.0,0.07296197861433029,0.0,0.0
refadv:791,refadv:791,the higher sunglass in the mid-left background cluster,False,5,openimages,False,9,absolute,0.0,0.0017795047024264932,0.0,0.0015877903206273913,0.0,0.0009114897693507373,0.0,0.000903962878510356,0.0,0.0,0.0,0.0004221757117193192,0.0,0.0,0.0,0.0003741747059393674,0.0,0.0
refadv:792,refadv:792,"the more level sunglasses in the same mid-left background cluster, not the tilted ones",True,5,openimages,False,15,logical,0.0,0.0016299240523949265,0.0,0.0016053668223321438,0.0,0.0,0.0,0.00023660621081944555,0.0,0.0,0.0,0.00038525633863173425,0.0,0.0,0.0,6.678010686300695e-05,0.0,0.0
refadv:793,refadv:793,the fully visible person in the foreground facing the camera that is not wearing a maroon hoodie,True,2,openimages,False,17,logical,0.0,0.4352401793003082,1.0,0.3327893912792206,0.3333333432674408,0.3740074634552002,0.6666666865348816,0.5002254247665405,0.3333333432674408,0.39646780490875244,0.6666666865348816,0.5212739109992981,0.0,0.3354019820690155,0.6666666865348816,0.4428226947784424,0.0,-0.3333333432674408
refadv:794,refadv:794,the fully visible foreground person facing the camera with a bigger toothy smile,False,2,openimages,False,13,relational,0.0,0.42643848061561584,1.0,0.31282177567481995,0.0,0.4016697108745575,0.6666666865348816,0.47844281792640686,0.0,0.3553793728351593,0.6666666865348816,0.4794396162033081,0.0,0.38591504096984863,0.6666666865348816,0.3683234453201294,0.0,0.0
refadv:795,refadv:795,the person standing upright that is not wearing hoodie,True,2,openimages,False,9,logical,0.0,0.463905930519104,1.0,0.4380212724208832,0.6666666865348816,0.6395668387413025,1.0,0.6147776246070862,1.0,0.5944934487342834,1.0,0.6182166934013367,0.6666666865348816,0.5999528765678406,1.0,0.6136403679847717,-0.3333333134651184,-0.3333333134651184
refadv:796,refadv:796,the centrally standing person with a slightly more closed-lipped compact smile,False,2,openimages,False,12,unclassified,0.0,0.28483501076698303,0.0,0.25695809721946716,0.0,0.15591509640216827,0.3333333432674408,0.18473367393016815,0.0,0.033767808228731155,0.0,0.08677816390991211,0.0,0.04878349229693413,0.0,0.13391147553920746,0.0,0.0
refadv:797,refadv:797,the guitarist on the left side of the stage standing closer to the drum kit,False,7,openimages,False,15,relational,0.0,0.06313978135585785,0.3333333432674408,0.09818122535943985,0.0,0.08733353018760681,0.0,0.0977332815527916,0.0,0.11496929079294205,0.6666666865348816,0.14404559135437012,0.0,0.09581882506608963,0.6666666865348816,0.11944293230772018,0.0,0.0
refadv:798,refadv:798,the person on the left side of the stage positioned farther from the drum riser,False,7,openimages,False,15,logical,0.0,0.07235083729028702,0.6666666865348816,0.10549986362457275,0.0,0.015392269007861614,0.0,0.03610122576355934,0.0,0.029007045552134514,0.0,0.05225629732012749,0.0,0.015182007104158401,0.0,0.03680373728275299,0.0,0.0
refadv:799,refadv:799,the woman in black top farther back,False,2,openimages,False,7,logical,0.0,0.016757406294345856,0.0,0.030373893678188324,0.0,0.08555968850851059,0.0,0.07081609964370728,0.0,0.06142522394657135,0.0,0.05535095930099487,0.0,0.07955390214920044,0.0,0.05706525221467018,0.0,0.0
refadv:800,refadv:800,"the background woman with a head held upright, not angled",True,2,openimages,False,10,logical,0.0,0.01407130341976881,0.0,0.018535548821091652,0.0,0.04568837955594063,0.0,0.03719037398695946,0.0,0.04197400435805321,0.0,0.02977534383535385,0.0,0.0486653596162796,0.0,0.041226211935281754,0.0,0.0
refadv:801,refadv:801,the woman with less visible face in the background,True,2,openimages,False,9,absolute,0.0,0.035318173468112946,0.0,0.035239845514297485,0.0,0.06432970613241196,0.0,0.05744433403015137,0.0,0.06831780076026917,0.0,0.0663672462105751,0.0,0.03778344765305519,0.0,0.05061103776097298,0.0,0.0
refadv:802,refadv:802,the woman with a visible face behind the men,False,2,openimages,False,9,relational,0.0,0.036727145314216614,0.0,0.031472187489271164,0.0,0.04581606388092041,0.0,0.04804143309593201,0.0,0.05987018346786499,0.0,0.049818191677331924,0.0,0.052241116762161255,0.0,0.04670071601867676,0.0,0.0
refadv:803,refadv:803,the warmer-colored white modern-looking truck,False,2,openimages,False,7,direct,0.0,0.04238429293036461,0.0,0.060277894139289856,0.0,0.09611522406339645,1.0,0.20221449434757233,0.0,0.05327200889587402,0.3333333432674408,0.13556957244873047,0.0,0.10794973373413086,1.0,0.21440668404102325,0.0,0.0
refadv:804,refadv:804,the modern-looking truck seen mostly from the front,False,2,openimages,False,9,unclassified,0.0,0.008514967747032642,0.0,0.016757991164922714,0.0,0.014994710683822632,0.3333333432674408,0.0631694495677948,0.0,0.012387101538479328,0.3333333432674408,0.05215993523597717,0.0,0.002288656309247017,0.0,0.04913217946887016,0.0,0.0
refadv:805,refadv:805,the background white truck with at least one wheel visible,False,2,openimages,False,10,logical,0.0,0.03664335235953331,0.6666666865348816,0.08882223814725876,0.0,0.0861225351691246,1.0,0.25432947278022766,0.0,0.19293685257434845,1.0,0.2907167971134186,0.0,0.1382286101579666,1.0,0.2713819444179535,0.0,0.0
refadv:806,refadv:806,the background truck seen mostly from the side and rear quarter,False,2,openimages,False,11,absolute,0.0,0.04129751771688461,0.0,0.10157328844070435,0.0,0.1275230199098587,1.0,0.2673412561416626,0.0,0.19293682277202606,1.0,0.28975096344947815,0.0,0.1759732961654663,1.0,0.2754347622394562,0.0,0.0
refadv:807,refadv:807,the light knit sweater top with no sleeves visible,True,2,openimages,False,9,logical,0.0,0.18547137081623077,0.0,0.3233320415019989,0.0,0.19493885338306427,0.0,0.3228089511394501,0.0,0.16504527628421783,0.0,0.3237208127975464,0.0,0.20011687278747559,0.0,0.35959067940711975,0.0,0.0
refadv:808,refadv:808,"the light knit sweater, not seen in a mirror",True,2,openimages,False,9,logical,0.0,0.17046082019805908,0.0,0.3074977397918701,0.3333333432674408,0.34881603717803955,0.3333333432674408,0.4446021616458893,0.0,0.23692063987255096,0.3333333432674408,0.3530600965023041,0.3333333432674408,0.3873961269855499,0.0,0.47720491886138916,0.3333333432674408,0.3333333432674408
refadv:809,refadv:809,the smooth fitted light beige knit sweater without visible sleeves,True,2,openimages,False,10,logical,0.0,0.1289663016796112,0.0,0.3059406876564026,0.0,0.1334507018327713,0.0,0.2875770330429077,0.0,0.33294379711151123,0.3333333432674408,0.42578205466270447,0.0,0.297987163066864,0.3333333432674408,0.40636932849884033,0.0,0.0
refadv:810,refadv:810,the smooth fitted knit sweater shown close up at the midsection,False,2,openimages,False,11,unclassified,0.0,0.25357505679130554,0.0,0.4000702202320099,0.0,0.16577748954296112,0.0,0.2505539655685425,0.0,0.1648014336824417,0.0,0.2653326094150543,0.0,0.128762349486351,0.0,0.26817384362220764,0.0,0.0
refadv:811,refadv:811,the large mixing pitcher that is not in the person’s hand,True,2,openimages,False,12,logical,0.0,0.10548722743988037,0.0,0.10499203205108643,0.0,0.3431870937347412,0.6666666865348816,0.3032839000225067,0.0,0.4159432649612427,1.0,0.317136287689209,0.0,0.30831480026245117,0.6666666865348816,0.3067053258419037,0.0,0.0
refadv:812,refadv:812,the more filled juice in the large container used for pouring and mixing,False,2,openimages,False,13,unclassified,0.0,0.021084994077682495,1.0,0.05632619559764862,0.0,0.0248616561293602,0.0,0.025449471548199654,0.0,0.007143136579543352,0.0,0.02081075683236122,0.0,0.0248616561293602,0.0,0.020747654139995575,0.0,0.0
refadv:813,refadv:813,the tall pitcher upright,False,2,openimages,False,4,direct,0.0,0.014778445474803448,0.0,0.012747600674629211,0.0,0.0,0.0,0.0018333023181185126,0.0,0.0124308280646801,0.0,0.014792234636843204,0.0,0.0,0.0,0.003437122330069542,0.0,0.0
refadv:814,refadv:814,the tall vessel containing darker juice,False,2,openimages,False,6,logical,0.0,0.1249484196305275,0.6666666865348816,0.15495608747005463,0.0,0.2697511613368988,0.3333333432674408,0.2462506741285324,0.0,0.2775938808917999,0.3333333432674408,0.2593282163143158,0.0,0.23911471664905548,0.3333333432674408,0.24416165053844452,0.0,0.0
refadv:815,refadv:815,the more filled tall bottle,False,2,openimages,False,5,direct,0.0,0.01271736342459917,0.0,0.022708095610141754,0.0,0.0,0.0,0.0077209859155118465,0.0,0.0,0.0,0.007952782325446606,0.0,0.0,0.0,0.009387537837028503,0.0,0.0
refadv:816,refadv:816,the adult man near the bubble-making action without raised arms or long poles,True,2,openimages,False,14,logical,0.0,0.13235346972942352,1.0,0.32360371947288513,1.0,0.5529991984367371,0.3333333432674408,0.5333396792411804,1.0,0.5413997769355774,0.0,0.5140992999076843,1.0,0.5529991984367371,0.6666666865348816,0.5299770832061768,0.0,0.0
refadv:817,refadv:817,the adult man farther back near the bubble-making action,False,2,openimages,False,10,logical,0.0,0.03129575774073601,0.0,0.05689282342791557,0.0,0.12606281042099,0.0,0.09150119870901108,0.0,0.13246192038059235,0.0,0.08505014330148697,0.0,0.12606281042099,0.0,0.0891576036810875,0.0,0.0
refadv:818,refadv:818,the man in the left-side near the railing standing without raised arms or poles,True,2,openimages,False,15,logical,0.0,0.04901360347867012,0.0,0.08173718303442001,0.0,0.11639171838760376,0.0,0.08699064701795578,0.0,0.11300160735845566,0.0,0.07099641859531403,0.0,0.10187152773141861,0.0,0.07626322656869888,0.0,0.0
refadv:819,refadv:819,the larger man in the foreground in the left-side,False,2,openimages,False,10,logical,0.0,0.21531818807125092,1.0,0.45941880345344543,0.0,0.4651188850402832,0.3333333432674408,0.46523723006248474,0.0,0.45550814270973206,0.0,0.4448108375072479,0.0,0.45550814270973206,0.0,0.4493163526058197,0.0,0.0
refadv:820,refadv:820,the dark sleeveless dress with small scattered floral print,False,2,openimages,False,9,unclassified,0.0,0.2546279728412628,1.0,0.282627671957016,0.6666666865348816,0.5703548789024353,1.0,0.5153355598449707,0.6666666865348816,0.5936004519462585,0.6666666865348816,0.49779415130615234,0.6666666865348816,0.6398061513900757,0.6666666865348816,0.5365431308746338,0.0,0.0
refadv:821,refadv:821,the dress with a small scattered floral print and a higher neckline,False,2,openimages,False,12,unclassified,0.0,0.02959110587835312,0.0,0.13735847175121307,0.0,0.045972149819135666,0.0,0.07209593802690506,0.0,0.0,0.0,0.01886429637670517,0.0,0.04447953402996063,0.0,0.08077969402074814,0.0,0.0
refadv:822,refadv:822,the circular medallion on the left end of the cross’s horizontal arm,False,5,openimages,False,13,absolute,0.0,0.01760072074830532,0.0,0.019642163068056107,0.0,0.012052186764776707,0.0,0.030753888189792633,0.0,0.014243490993976593,0.0,0.03410784900188446,0.0,0.0012782650301232934,0.0,0.02152276039123535,0.0,0.0
refadv:823,refadv:823,the sleeveless arm positioned lower by the side of the body,False,3,openimages,False,11,relational,0.0,0.08796841651201248,0.0,0.05185432359576225,0.0,0.11982334405183792,0.0,0.06351357698440552,0.0,0.11745747178792953,0.0,0.06240154430270195,0.0,0.1384241133928299,0.0,0.06838186830282211,0.0,0.0
refadv:824,refadv:824,the sleeveless arm with a broader highlight patch,False,3,openimages,False,8,direct,0.0,0.03398536145687103,0.0,0.019864816218614578,0.0,0.0357765257358551,0.0,0.02789466269314289,0.0,0.0333784818649292,0.0,0.027087578549981117,0.0,0.03279857337474823,0.0,0.022925594821572304,0.0,0.0
refadv:825,refadv:825,the sleeveless arm near the tank top strap of the right-side person,False,3,openimages,False,13,relational,0.0,0.034592244774103165,0.0,0.02865038812160492,0.0,0.05559193715453148,0.0,0.05338883399963379,0.0,0.03563036397099495,0.0,0.04598669335246086,0.0,0.02924412302672863,0.0,0.031133249402046204,0.0,0.0
refadv:826,refadv:826,"the arm of the right-side person wearing a white tank top, more highlight along the arm edge",False,3,openimages,False,18,relational,0.0,0.08952048420906067,0.0,0.07592042535543442,0.0,0.20477966964244843,0.3333333432674408,0.16413980722427368,0.0,0.1964402198791504,0.6666666865348816,0.15787748992443085,0.0,0.2043163776397705,0.3333333432674408,0.16317562758922577,0.0,0.0
refadv:827,refadv:827,the full circular left wheel near the car’s nose,False,4,openimages,False,10,relational,0.0,0.04858033359050751,0.6666666865348816,0.1313668191432953,0.0,0.1234193667769432,1.0,0.1909714937210083,0.0,0.12300688773393631,0.6666666865348816,0.1729372888803482,0.0,0.07225028425455093,1.0,0.1175282821059227,0.0,0.0
refadv:828,refadv:828,the woman in the far-right adjacent pair wearing a cardigan with a visible school crest on her left chest,False,5,openimages,False,20,absolute,0.0,0.21606872975826263,1.0,0.2547672986984253,0.0,0.056492436677217484,0.0,0.1295471042394638,0.0,0.29992398619651794,0.3333333432674408,0.27287790179252625,0.0,0.04241840913891792,0.0,0.13572870194911957,0.0,0.0
refadv:829,refadv:829,the woman in the far-right adjacent pair with the slightly narrower jawline,False,5,openimages,False,13,absolute,0.0,0.17945586144924164,0.0,0.1609666794538498,0.0,0.34767213463783264,0.6666666865348816,0.3007294833660126,0.0,0.3758210241794586,0.3333333432674408,0.31288763880729675,0.0,0.33872607350349426,0.6666666865348816,0.2945038974285126,0.0,0.0
refadv:830,refadv:830,the person near the center front of the stage standing without a clearly visible guitar,True,3,openimages,False,15,logical,0.0,0.015113244764506817,0.0,0.019916893914341927,0.0,0.02538108639419079,0.0,0.027882101014256477,0.0,0.025168107822537422,0.0,0.03855918347835541,0.0,0.027507232502102852,0.0,0.026044925674796104,0.0,0.0
refadv:831,refadv:831,"the person near the center front of the stage, slightly right of the center cluster on stage",False,3,openimages,False,17,relational,0.0,0.018840143457055092,0.0,0.029408758506178856,0.0,0.03746466711163521,0.0,0.04020506516098976,0.0,0.03457031026482582,0.0,0.04299091175198555,0.0,0.04114118218421936,0.0,0.044204771518707275,0.0,0.0
refadv:832,refadv:832,the person near the center-right front of the stage facing more directly toward the audience,False,3,openimages,False,16,relational,0.0,0.018344350159168243,0.0,0.025527695193886757,0.0,0.034136589616537094,0.0,0.027801627293229103,0.0,0.02707465924322605,0.0,0.02441258914768696,0.0,0.037386711686849594,0.0,0.032575130462646484,0.0,0.0
refadv:833,refadv:833,"the classic car parked near the building on the right side of the scene, not the bright red or yellow pickup",True,2,openimages,False,21,logical,0.0,0.0648367702960968,0.0,0.07489708811044693,0.0,0.10137522965669632,0.0,0.12750555574893951,0.0,0.10158997029066086,0.0,0.12021563202142715,0.0,0.12769459187984467,0.0,0.1362580955028534,0.0,0.0
refadv:834,refadv:834,the passenger car parked near the building on the right side of the scene,False,2,openimages,False,14,relational,0.0,0.08251953125,0.0,0.08388743549585342,0.0,0.1275719404220581,0.0,0.13213936984539032,0.0,0.10660652071237564,0.3333333432674408,0.12939490377902985,0.0,0.1472175270318985,0.0,0.14319990575313568,0.0,0.0
refadv:835,refadv:835,the red car parked closer to the building,False,2,openimages,False,8,direct,0.0,0.1421356201171875,1.0,0.22737617790699005,0.0,0.15196317434310913,1.0,0.17889569699764252,0.0,0.11639689654111862,0.6666666865348816,0.1494864970445633,0.0,0.22293615341186523,1.0,0.24024255573749542,0.0,0.0
refadv:836,refadv:836,the out of focus background pink flower without a clearly visible central disk,True,4,openimages,False,13,logical,0.0,0.024069570004940033,0.0,0.09046345949172974,0.0,0.012730981223285198,0.0,0.04777870699763298,0.0,0.037298426032066345,0.0,0.08294783532619476,0.0,0.01705404557287693,0.0,0.060241639614105225,0.0,0.0
refadv:837,refadv:837,"the lighter, brighter pink flower at the top in the noticeably out-of-focus background",False,4,openimages,False,15,logical,0.0,0.2132710963487625,0.3333333432674408,0.24765664339065552,0.0,0.1995992660522461,0.3333333432674408,0.2139294147491455,0.0,0.22941012680530548,0.6666666865348816,0.23648543655872345,0.0,0.1600644737482071,0.0,0.19981034100055695,0.0,0.0
refadv:838,refadv:838,the noticeably out of focus background flower with petals angling upward and leftward,False,4,openimages,False,13,absolute,0.0,0.024069570004940033,0.0,0.09329182654619217,0.0,0.1487179547548294,0.6666666865348816,0.1665443778038025,0.0,0.22118987143039703,0.6666666865348816,0.20371407270431519,0.0,0.1679614782333374,0.6666666865348816,0.16957437992095947,0.0,0.0
refadv:839,refadv:839,the small far-background person inside the seating area on the right,False,3,openimages,False,12,relational,0.0,0.0030648454558104277,0.0,0.0038553408812731504,0.0,0.0,0.0,0.0011971952626481652,0.0,0.0,0.0,0.0006135895964689553,0.0,0.00520981615409255,0.0,0.002145384205505252,0.0,0.0
refadv:840,refadv:840,the small background person inside the seating area who appears slightly lower in the frame,False,3,openimages,False,15,relational,0.0,0.0037933799903839827,0.0,0.005908932536840439,0.0,0.006708176340907812,0.0,0.005437495186924934,0.0,0.00672425189986825,0.0,0.004120409954339266,0.0,0.00733809033408761,0.0,0.006956143770366907,0.0,0.0
refadv:841,refadv:841,the small person in the distance on the right inside the room,False,3,openimages,False,12,relational,0.0,0.0033139444421976805,0.0,0.004538110923022032,0.0,0.003458230057731271,0.3333333432674408,0.007506610359996557,0.0,0.0035760735627263784,0.0,0.005224773194640875,0.0,0.00733809033408761,0.0,0.008913693018257618,0.0,0.0
refadv:842,refadv:842,the small distant person slightly higher in the frame inside the room,False,3,openimages,False,12,relational,0.0,0.012408087961375713,0.0,0.016409272328019142,0.0,0.01841968484222889,0.0,0.01856578141450882,0.0,0.014143146574497223,0.0,0.018404604867100716,0.0,0.028247714042663574,0.3333333432674408,0.03290599584579468,0.0,0.0
refadv:843,refadv:843,the person seated at the center table in the middle of the room not wearing a bright royal-blue long-sleeve top,True,6,openimages,False,22,logical,0.0,0.18430668115615845,0.6666666865348816,0.1576443910598755,0.0,0.3952751159667969,1.0,0.4590725004673004,0.0,0.37963244318962097,1.0,0.42078518867492676,0.0,0.4377562701702118,1.0,0.46319380402565,0.0,0.0
refadv:844,refadv:844,the person seated at the center table in the middle of the room wearing a shirt with a mostly plain chest,False,6,openimages,False,21,absolute,0.0,0.17121852934360504,0.0,0.143230602145195,0.0,0.3206871747970581,0.3333333432674408,0.2817682921886444,0.0,0.3709704875946045,0.6666666865348816,0.3328917324542999,0.0,0.43365076184272766,1.0,0.41423317790031433,0.0,0.0
refadv:845,refadv:845,"one of the two adjacent left foreground chairs, whose gray back panel is partially cropped by edge",False,4,openimages,False,17,logical,0.0,0.2126840353012085,0.3333333432674408,0.22051997482776642,1.0,0.6021322011947632,1.0,0.4788323640823364,0.6666666865348816,0.5674856305122375,1.0,0.451276570558548,1.0,0.5997427105903625,1.0,0.4654909372329712,0.3333333134651184,0.3333333134651184
refadv:846,refadv:846,the person holding the award in the foreground without white head covering,True,2,openimages,False,12,logical,0.0,0.3721364438533783,0.0,0.2149450033903122,0.0,0.06567459553480148,0.0,0.13168831169605255,0.0,0.10014200955629349,0.0,0.1323307305574417,0.0,0.058485422283411026,0.0,0.11090904474258423,0.0,0.0
refadv:847,refadv:847,the person without robe-like clothing in the foreground jointly holding the award,True,2,openimages,False,13,logical,0.0,0.36730387806892395,0.0,0.2527625560760498,0.0,0.26855066418647766,0.3333333432674408,0.2931321859359741,0.0,0.2765021324157715,0.3333333432674408,0.27711841464042664,0.0,0.22033245861530304,0.0,0.18741728365421295,0.0,0.0
refadv:848,refadv:848,"the person in the foreground jointly holding the award, supporting it from the left side under the base",False,2,openimages,False,18,relational,0.0,0.3443324565887451,0.0,0.2370508462190628,0.3333333432674408,0.38923847675323486,0.6666666865348816,0.40141820907592773,0.0,0.29266390204429626,0.3333333432674408,0.33486294746398926,0.0,0.27192428708076477,0.3333333432674408,0.2968577444553375,0.3333333432674408,0.0
refadv:849,refadv:849,the taller person holding award,False,2,openimages,False,5,relational,0.0,0.38636791706085205,0.3333333432674408,0.2374543398618698,0.0,0.07831601053476334,0.0,0.1235799491405487,0.0,0.07950805872678757,0.0,0.11564833670854568,0.0,0.12711235880851746,0.3333333432674408,0.16206081211566925,0.0,0.0
refadv:850,refadv:850,the large sharp person not showing short uncovered hair,True,2,openimages,False,9,logical,0.0,0.3884337246417999,1.0,0.4834807813167572,0.3333333432674408,0.4130164384841919,0.3333333432674408,0.4489429295063019,0.3333333432674408,0.46933236718177795,0.6666666865348816,0.48467686772346497,0.3333333432674408,0.43192991614341736,0.6666666865348816,0.4722318649291992,0.0,0.0
refadv:851,refadv:851,the large sharp main person without suit style buttons,True,2,openimages,False,9,logical,0.0,0.4352659285068512,0.0,0.35678839683532715,0.0,0.11580555886030197,0.0,0.13012085855007172,0.0,0.26957473158836365,0.0,0.2726043164730072,0.0,0.08534147590398788,0.0,0.09800449758768082,0.0,0.0
refadv:852,refadv:852,the person who sits slightly more to the right within the left-side balcony area,False,2,openimages,False,15,absolute,0.0,0.0027845033910125494,0.0,0.006077199708670378,0.0,0.0018348577432334423,0.3333333432674408,0.004669835325330496,0.0,0.001856099464930594,0.3333333432674408,0.0031534198205918074,0.0,0.0007287375046871603,0.0,0.002644008956849575,0.0,0.0
refadv:853,refadv:853,"the person to the left of the building facade, facing more toward the building",False,2,openimages,False,14,relational,0.0,0.0033525796607136726,0.0,0.00576497009024024,0.0,0.004066559951752424,0.0,0.006366578862071037,0.0,0.005768565461039543,0.0,0.0068589504808187485,0.0,0.005695246625691652,0.0,0.006266407668590546,0.0,0.0
refadv:854,refadv:854,the person seated slightly more to the right on the balcony without bed sheets along the railing,True,2,openimages,False,17,logical,0.0,0.0022366761695593596,0.0,0.002444114303216338,0.0,0.0,0.0,0.0005187319475226104,0.0,0.0,0.0,0.0005667080986313522,0.0,0.0,0.0,0.0004103433166164905,0.0,0.0
refadv:855,refadv:855,the magenta balloon held on the left side of the stage,False,3,openimages,False,11,relational,0.0,0.006144112441688776,0.6666666865348816,0.015075664035975933,0.0,0.017440902069211006,0.3333333432674408,0.023268988355994225,0.0,0.023552430793642998,0.0,0.028414487838745117,0.0,0.021395079791545868,0.3333333432674408,0.02790728025138378,0.0,0.0
refadv:856,refadv:856,balloon suspended above the stage floor without a visible hand holding it,True,3,openimages,False,12,logical,0.0,0.012261678464710712,0.0,0.028276806697249413,0.0,0.02680067904293537,0.6666666865348816,0.05825406685471535,0.0,0.030622780323028564,0.6666666865348816,0.07433903962373734,0.0,0.033740073442459106,0.3333333432674408,0.057083044201135635,0.0,0.0
refadv:857,refadv:857,the unblurred balloon suspended above the stage floor,False,3,openimages,False,8,relational,0.0,0.005578207317739725,0.0,0.009740314446389675,0.0,0.006869459059089422,0.0,0.010660485364496708,0.0,0.006451317574828863,0.0,0.01178005337715149,0.0,0.004883781541138887,0.0,0.009016425348818302,0.0,0.0
refadv:858,refadv:858,the magenta balloon on the left side of the mid upper stage near a person,False,3,openimages,False,15,relational,0.0,0.007120636757463217,0.6666666865348816,0.017809374257922173,0.0,0.016630064696073532,0.3333333432674408,0.028041159734129906,0.0,0.017184896394610405,1.0,0.03886803612112999,0.0,0.01784585602581501,1.0,0.042019326239824295,0.0,0.0
refadv:859,refadv:859,the balloon in the mid to upper part of the scene being held by someone,False,3,openimages,False,15,relational,0.0,0.005928529426455498,0.0,0.017021534964442253,0.0,0.010045408271253109,0.0,0.01781158335506916,0.0,0.010389134287834167,0.0,0.02249712496995926,0.0,0.010621867142617702,0.0,0.019427098333835602,0.0,0.0
refadv:860,refadv:860,the foreground podium athlete facing toward the camera,False,6,openimages,False,8,absolute,0.0,0.11263986676931381,0.0,0.11353989690542221,0.0,0.01579424925148487,0.0,0.01760655641555786,0.0,0.11394580453634262,0.0,0.11320871859788895,0.0,0.029872670769691467,0.0,0.03620722517371178,0.0,0.0
refadv:861,refadv:861,the foreground podium athlete wearing clothes with small light markings,False,6,openimages,False,10,absolute,0.0,0.1494232565164566,0.0,0.10170376300811768,0.0,0.0731758251786232,0.0,0.08377357572317123,0.0,0.05731276050209999,0.0,0.06435231119394302,0.0,0.07373052090406418,0.0,0.035710643976926804,0.0,0.0
refadv:862,refadv:862,"the foreground podium athlete, not the clean-shaven one",True,6,openimages,False,9,logical,0.0,0.14429360628128052,1.0,0.16651757061481476,0.0,0.08032062649726868,0.0,0.08868647366762161,0.0,0.1470334231853485,0.0,0.13908377289772034,0.0,0.0597805380821228,0.0,0.04530942440032959,0.0,0.0
refadv:863,refadv:863,the human sports award recipient in sportswear turned slightly to his left,False,6,openimages,False,12,unclassified,0.0,0.215780571103096,1.0,0.2510513663291931,0.0,0.3475966453552246,1.0,0.47576501965522766,0.0,0.3093394935131073,1.0,0.42491087317466736,0.0,0.3117710053920746,1.0,0.5058919787406921,0.0,0.0
refadv:864,refadv:864,the human competitor in sportswear not wearing a dark jacket,True,6,openimages,False,10,logical,0.0,0.16364212334156036,0.0,0.16937415301799774,0.0,0.3067924380302429,0.3333333432674408,0.24575592577457428,0.0,0.32018497586250305,0.3333333432674408,0.2606731653213501,0.0,0.22543497383594513,0.0,0.2119889110326767,0.0,0.0
refadv:865,refadv:865,the human competitor in sportswear with slight stubble shadow,False,6,openimages,False,9,unclassified,0.0,0.1745516061782837,0.6666666865348816,0.18521766364574432,0.0,0.30678167939186096,0.0,0.22098195552825928,0.0,0.34617188572883606,0.6666666865348816,0.3089640140533447,0.3333333432674408,0.3935195207595825,0.3333333432674408,0.2883232533931732,0.0,0.3333333432674408
refadv:866,refadv:866,"the woman in the lower foreground crowd area near the bottom of the image with darker, curlier hair",False,3,openimages,False,18,logical,0.0,0.21737192571163177,0.3333333432674408,0.23207944631576538,0.0,0.42410942912101746,0.3333333432674408,0.4492685794830322,0.0,0.37120506167411804,0.6666666865348816,0.376092791557312,0.0,0.2588931620121002,0.3333333432674408,0.2797204554080963,0.0,0.0
refadv:867,refadv:867,the woman in the lower left foreground crowd with the back of her head mostly visible,False,3,openimages,False,16,absolute,0.0,0.2053096741437912,1.0,0.26760753989219666,1.0,0.6147302389144897,1.0,0.5964670181274414,0.3333333432674408,0.44059816002845764,0.6666666865348816,0.4582112729549408,0.3333333432674408,0.4803803861141205,0.3333333432674408,0.48189952969551086,0.6666666269302368,0.0
refadv:868,refadv:868,the woman in the lower crowd area near the bottom of the image with shoulders closer to the left edge of the frame,False,3,openimages,False,23,relational,0.0,0.0,0.0,0.07829078286886215,0.0,0.0,0.0,0.033263105899095535,0.0,0.0,0.0,0.04892212525010109,0.0,0.014318888075649738,0.0,0.03099764697253704,0.0,0.0
refadv:869,refadv:869,the upright onstage performer not playing an electric guitar,True,2,openimages,False,9,logical,1.0,0.5844653248786926,1.0,0.5182379484176636,0.3333333432674408,0.3364986181259155,0.6666666865348816,0.4165634214878082,0.3333333432674408,0.42736414074897766,0.6666666865348816,0.4270482063293457,0.3333333432674408,0.3109828531742096,0.0,0.33658620715141296,0.0,0.0
refadv:870,refadv:870,the upright performer without a visible upper-arm tattoo,True,2,openimages,False,9,logical,0.0,0.33053290843963623,0.6666666865348816,0.31111079454421997,0.0,0.08529385924339294,0.0,0.13126498460769653,0.0,0.0,0.0,0.047066956758499146,0.0,0.0,0.0,0.07160142064094543,0.0,0.0
refadv:871,refadv:871,the upright performer in a dark top without a large bright front graphic,True,2,openimages,False,13,logical,0.0,0.25553783774375916,0.6666666865348816,0.24425826966762543,0.0,0.029964394867420197,0.0,0.12121761590242386,0.0,0.0,0.0,0.08818217366933823,0.0,0.08387001603841782,0.0,0.18064074218273163,0.0,0.0
refadv:872,refadv:872,the person clearly visible holding something with both hands,False,2,openimages,False,9,logical,0.3333333432674408,0.4848906695842743,0.0,0.4386375844478607,0.0,0.008785874582827091,0.0,0.10946738719940186,0.0,0.008785874582827091,0.0,0.11679273843765259,0.0,0.0,0.0,0.11163854598999023,0.0,0.0
refadv:873,refadv:873,"the centered-right person, not the one without a visible upper-arm tattoo",True,2,openimages,False,13,logical,1.0,0.5748574733734131,1.0,0.5148506760597229,0.0,0.28472647070884705,0.3333333432674408,0.36873331665992737,0.0,0.1494206041097641,0.0,0.23086179792881012,0.3333333432674408,0.23803775012493134,0.3333333432674408,0.3175615668296814,0.0,0.3333333432674408
refadv:874,refadv:874,the non-standing person in a very dark outfit without an arm raised near the face,True,3,openimages,False,16,logical,0.0,0.055647898465394974,0.0,0.08649291843175888,0.0,0.11236920207738876,1.0,0.1989201307296753,0.0,0.12373146414756775,1.0,0.20791590213775635,0.0,0.10210181027650833,0.3333333432674408,0.1319722682237625,0.0,0.0
refadv:875,refadv:875,the person in a very dark outfit facing toward the hallway in side profile,False,3,openimages,False,14,unclassified,0.0,0.037064068019390106,0.0,0.058098744601011276,0.0,0.03785638511180878,0.3333333432674408,0.08086824417114258,0.0,0.02101089060306549,0.0,0.03253144770860672,0.0,0.04618595167994499,0.3333333432674408,0.07523971796035767,0.0,0.0
refadv:876,refadv:876,the person on the left near the wall with an arm raised near the face,False,3,openimages,False,15,relational,0.0,0.03927525877952576,1.0,0.09780529886484146,0.0,0.111707903444767,0.6666666865348816,0.11611002683639526,0.0,0.1124778687953949,0.6666666865348816,0.11965169757604599,0.0,0.1155598983168602,1.0,0.12007864564657211,0.0,0.0
refadv:877,refadv:877,the person on the left near the wall facing side-on toward the hallway,False,3,openimages,False,14,relational,0.0,0.03927525877952576,0.6666666865348816,0.09716639667749405,0.0,0.0974004864692688,1.0,0.11694371700286865,0.0,0.11025456339120865,0.6666666865348816,0.11529672145843506,0.0,0.1062050461769104,1.0,0.11638785153627396,0.0,0.0
refadv:878,refadv:878,the tall boy standing in the center with arms around others wearing a white short-sleeve T-shirt,False,2,openimages,False,18,absolute,0.0,0.4051889479160309,1.0,0.31757238507270813,0.3333333432674408,0.3810785114765167,0.0,0.4243520200252533,0.0,0.3021681606769562,0.0,0.3913670778274536,0.3333333432674408,0.41124987602233887,0.3333333432674408,0.4648075997829437,0.3333333432674408,0.3333333432674408
refadv:879,refadv:879,the tall boy in the center-right with his arms around others wearing a backward dark baseball cap,False,2,openimages,False,18,absolute,0.0,0.3917887508869171,0.6666666865348816,0.3049822747707367,0.3333333432674408,0.2724510431289673,0.3333333432674408,0.30007052421569824,0.0,0.18834157288074493,0.0,0.22852866351604462,0.0,0.1717286854982376,0.0,0.23438961803913116,0.3333333432674408,0.0
refadv:880,refadv:880,the tall boy in the center-right with his arms around others wearing a shirt with a small light logo near the chest,False,2,openimages,False,23,relational,0.0,0.40518900752067566,0.6666666865348816,0.28942134976387024,0.3333333432674408,0.3214614689350128,0.0,0.32142817974090576,0.0,0.18994639813899994,0.0,0.24605993926525116,0.0,0.13969354331493378,0.0,0.23797963559627533,0.3333333432674408,0.0
refadv:881,refadv:881,the boy in a casual top and light-colored long pants with no hat,True,2,openimages,False,14,logical,0.0,0.3745124340057373,0.0,0.31173333525657654,1.0,0.5222139358520508,1.0,0.5153298377990723,0.0,0.4425576627254486,0.6666666865348816,0.44119009375572205,1.0,0.5172163844108582,1.0,0.535374641418457,1.0,1.0
refadv:882,refadv:882,the boy in light-colored long pants near the person with a small red graphic on the chest,False,2,openimages,False,18,relational,0.0,0.33849117159843445,0.0,0.21016526222229004,0.0,0.21148623526096344,0.3333333432674408,0.283988893032074,0.0,0.1478058099746704,0.0,0.14266304671764374,0.0,0.2705214023590088,0.3333333432674408,0.34159743785858154,0.0,0.0
refadv:883,refadv:883,the thicker tall freestanding brick smokestack,False,2,openimages,False,6,direct,0.0,0.09122687578201294,0.0,0.08326839655637741,0.0,0.039944086223840714,0.0,0.04767533019185066,0.0,0.13923949003219604,0.3333333432674408,0.1672326773405075,0.0,0.06773843616247177,0.3333333432674408,0.08990821987390518,0.0,0.0
refadv:884,refadv:884,the tall freestanding brick smokestack left of the larger stack,False,2,openimages,False,10,logical,0.0,0.006405677180737257,0.0,0.011702317744493484,0.0,0.00613866513594985,0.0,0.011259525083005428,0.0,0.017410079017281532,0.0,0.0246456116437912,0.0,0.007673331070691347,0.0,0.015739835798740387,0.0,0.0
refadv:885,refadv:885,tall freestanding brick smokestack with a simple top edge,False,2,openimages,False,9,unclassified,0.0,0.012508691288530827,0.0,0.013571339659392834,0.0,0.0,0.0,0.0038977358490228653,0.0,0.02132588066160679,0.3333333432674408,0.035050928592681885,0.0,0.009444099850952625,0.3333333432674408,0.017398221418261528,0.0,0.0
refadv:886,refadv:886,the more slender tower rising high above nearby rooftops,False,2,openimages,False,9,relational,0.0,0.0,0.0,0.004181339871138334,0.0,0.0,0.0,0.0008177976123988628,0.0,0.0,0.0,0.0006216350593604147,0.0,0.0,0.0,0.0013603521510958672,0.0,0.0
refadv:887,refadv:887,the skyline-dominating tower left of the larger stack,False,2,openimages,False,9,logical,0.0,0.007379387971013784,0.0,0.012904324568808079,0.0,0.011807388626039028,0.0,0.019275883212685585,0.0,0.008307968266308308,0.0,0.016870243474841118,0.0,0.0025673105847090483,0.0,0.008565620519220829,0.0,0.0
refadv:888,refadv:888,the man in spectator sunglasses wearing a more blue top,False,9,openimages,False,10,unclassified,0.0,0.051538120955228806,0.0,0.06054346635937691,0.0,0.0,0.0,0.013723720796406269,0.0,0.0,0.0,0.010429882444441319,0.0,0.0,0.0,0.010268386453390121,0.0,0.0
refadv:889,refadv:889,the casually dressed man in sunglasses with his arms crossed,False,9,openimages,False,10,unclassified,0.0,0.06085795536637306,0.6666666865348816,0.06881111115217209,0.0,0.0,0.0,0.0167992003262043,0.0,0.0,0.0,0.01352828647941351,0.0,0.0,0.0,0.019133562222123146,0.0,0.0
refadv:890,refadv:890,the clothing item with a visible anime character artwork featuring a main character with light brown grayish hair,False,2,openimages,False,18,unclassified,1.0,0.564648449420929,0.0,0.3049221932888031,0.6666666865348816,0.541459858417511,0.3333333432674408,0.3216560184955597,0.3333333432674408,0.38388240337371826,0.0,0.203505277633667,0.3333333432674408,0.3418300151824951,0.0,0.21984684467315674,0.3333333432674408,0.0
refadv:891,refadv:891,"the clothing item with a visible anime character artwork dominating it, featuring a single large character centered and filling most of the item",False,2,openimages,False,23,unclassified,0.0,0.30145344138145447,0.0,0.2434147149324417,0.6666666865348816,0.39746224880218506,0.0,0.2631319761276245,0.0,0.4696371555328369,0.0,0.1677117496728897,0.0,0.4033699035644531,0.3333333432674408,0.22114233672618866,0.6666666865348816,0.0
refadv:892,refadv:892,"clothing with large dominant anime character artwork, not the one showing a bright orange idol-style outfit",True,2,openimages,False,17,logical,1.0,0.6260179877281189,0.0,0.40107178688049316,0.6666666865348816,0.619464099407196,1.0,0.5480971932411194,0.0,0.4209698438644409,0.6666666865348816,0.40479445457458496,0.3333333432674408,0.4376108944416046,1.0,0.41962572932243347,0.6666666865348816,0.3333333432674408
refadv:893,refadv:893,the brighter full-color illustrated clothing with a main anime character without light brown or grayish hair,True,2,openimages,False,17,logical,0.0,0.04961539804935455,0.3333333432674408,0.04921521618962288,0.0,0.029181769117712975,0.0,0.03389033302664757,0.0,0.0508122481405735,0.0,0.06352251023054123,0.0,0.016791855916380882,0.0,0.02736770547926426,0.0,0.0
refadv:894,refadv:894,the brighter full-color clothing item with a single large centered character filling most of it,False,2,openimages,False,16,unclassified,1.0,0.6141201853752136,0.0,0.42916977405548096,0.6666666865348816,0.6049904227256775,0.0,0.37740692496299744,0.3333333432674408,0.4611717760562897,0.0,0.268030047416687,0.6666666865348816,0.520541250705719,0.6666666865348816,0.3604731261730194,0.3333333432674408,0.3333333432674408
refadv:895,refadv:895,the clothing with brighter full-color illustrated character in a maid-like outfit,False,2,openimages,False,13,unclassified,0.3333333432674408,0.45425137877464294,0.0,0.38153934478759766,0.6666666865348816,0.517909586429596,0.3333333432674408,0.32371753454208374,0.3333333432674408,0.5320083498954773,0.0,0.3570265471935272,0.3333333432674408,0.5355928540229797,0.6666666865348816,0.3457311689853668,0.3333333432674408,0.0
refadv:896,refadv:896,the rolled-up flexible paper document closer to the person's left hand,False,4,openimages,False,12,unclassified,0.0,0.04514108970761299,0.0,0.06375104933977127,0.0,0.03254583477973938,0.0,0.04944765567779541,0.0,0.03453352674841881,0.0,0.051405031234025955,0.0,0.018876301124691963,0.0,0.036498114466667175,0.0,0.0
refadv:897,refadv:897,flexible paper sheet with less obvious printing,True,4,openimages,False,7,direct,0.0,0.02545367181301117,0.0,0.013796580024063587,0.0,0.01226018462330103,0.0,0.012091174721717834,0.0,0.01783299632370472,0.0,0.009966542944312096,0.0,0.012260187417268753,0.0,0.012348172254860401,0.0,0.0
refadv:898,refadv:898,the flat paper booklet near the hand,False,4,openimages,False,7,relational,0.0,0.04419055953621864,0.0,0.015192319639027119,0.0,0.02417272888123989,0.0,0.01890244521200657,0.0,0.016961723566055298,0.0,0.014333046972751617,0.0,0.01660108007490635,0.0,0.025229938328266144,0.0,0.0
refadv:899,refadv:899,"the full-size moored boat, not the one with a dark brown hull",True,2,openimages,False,13,logical,0.0,0.1337612122297287,1.0,0.28156009316444397,0.0,0.07607320696115494,0.3333333432674408,0.1557088941335678,0.0,0.049004342406988144,0.0,0.11428005248308182,0.0,0.08665376156568527,0.3333333432674408,0.1891358345746994,0.0,0.0
refadv:900,refadv:900,the full-size moored boat with a more visible rigging lines,False,2,openimages,False,11,unclassified,0.0,0.1283184438943863,0.0,0.3198263645172119,0.0,0.020481260493397713,0.0,0.14643163979053497,0.0,0.062104035168886185,0.0,0.2339693158864975,0.0,0.01292276382446289,0.0,0.16362275183200836,0.0,0.0
refadv:901,refadv:901,the boat with clear visible deck and cabin features above the waterline and not a bright red hull with green trim,True,2,openimages,False,21,logical,0.0,0.2482966035604477,0.0,0.4116513729095459,0.0,0.000682402343954891,0.0,0.11725302785634995,0.0,0.0254649817943573,0.0,0.13113640248775482,0.0,0.0,0.0,0.07450410723686218,0.0,0.0
refadv:902,refadv:902,the boat with a clearly visible deck and cabin above the waterline and a more visible rigging lines,False,2,openimages,False,18,relational,0.0,0.19320718944072723,0.0,0.4131319224834442,0.0,0.09276330471038818,0.0,0.2620357275009155,0.0,0.0891454815864563,0.3333333432674408,0.23166854679584503,0.0,0.11520394682884216,0.3333333432674408,0.3044169843196869,0.0,0.0
refadv:903,refadv:903,the active fighter in the ring not wearing a black top,True,2,openimages,False,11,logical,0.0,0.46043381094932556,1.0,0.4758877456188202,0.0,0.1435135155916214,0.0,0.26351097226142883,0.0,0.15316596627235413,0.0,0.28181493282318115,0.0,0.1261494755744934,0.0,0.24594025313854218,0.0,0.0
refadv:904,refadv:904,the active fighter in the ring who is partially out of frame,False,2,openimages,False,12,unclassified,0.0,0.4428429901599884,1.0,0.4785494804382324,0.3333333432674408,0.48504874110221863,1.0,0.5604730248451233,0.3333333432674408,0.3798692524433136,0.6666666865348816,0.4664578139781952,0.3333333432674408,0.3457239866256714,0.6666666865348816,0.47648611664772034,0.0,0.0
refadv:905,refadv:905,the heavily blurred man in the ring,False,2,openimages,False,7,direct,1.0,0.5320925116539001,1.0,0.5594879984855652,1.0,0.6696200370788574,1.0,0.8023819923400879,1.0,0.7198441624641418,1.0,0.8272079825401306,0.6666666865348816,0.6070323586463928,1.0,0.7473349571228027,0.0,-0.3333333134651184
refadv:906,refadv:906,the large animal head sculpture with more visible curved horns,False,5,openimages,False,10,unclassified,0.0,0.43854084610939026,1.0,0.34443965554237366,0.6666666865348816,0.5056512355804443,1.0,0.4394416809082031,0.6666666865348816,0.5036858916282654,1.0,0.42066943645477295,1.0,0.560433566570282,1.0,0.4578743278980255,0.0,0.3333333134651184
refadv:907,refadv:907,the large animal head sculpture with more visible edge wear,False,5,openimages,False,10,unclassified,0.0,0.4294317066669464,1.0,0.34085360169410706,0.6666666865348816,0.5297600626945496,1.0,0.44864359498023987,0.6666666865348816,0.47443485260009766,1.0,0.41527387499809265,1.0,0.5855886936187744,1.0,0.47179076075553894,0.0,0.3333333134651184
refadv:908,refadv:908,the sculpture with a prominent horned crown and a side-facing muzzle,False,5,openimages,False,12,unclassified,0.0,0.06711242347955704,1.0,0.11664984375238419,0.0,0.010487198829650879,0.0,0.04405565187335014,0.0,0.0,0.0,0.04166687652468681,0.0,0.0,0.0,0.04965008422732353,0.0,0.0
refadv:909,refadv:909,"the person standing near the center of the lineup, facing across the table",False,4,openimages,False,13,relational,0.0,0.23712857067584991,0.0,0.1926586776971817,0.0,0.12028532475233078,0.0,0.13438548147678375,0.0,0.27374985814094543,0.3333333432674408,0.1935875564813614,0.0,0.22852611541748047,0.0,0.22113806009292603,0.0,0.0
refadv:910,refadv:910,the person near the center of the lineup without a purple tie,True,4,openimages,False,12,logical,0.0,0.15996545553207397,0.3333333432674408,0.1403895616531372,0.0,0.2618168294429779,1.0,0.2584121525287628,0.0,0.1345018893480301,0.3333333432674408,0.1021532416343689,0.0,0.1861308366060257,0.3333333432674408,0.16513369977474213,0.0,0.0
refadv:911,refadv:911,"the person standing near the center of the lineup, not the one with a small circular lapel pin on the suit jacket",True,4,openimages,False,22,logical,0.0,0.17776411771774292,0.0,0.13728342950344086,0.0,0.11898112297058105,0.3333333432674408,0.1393742561340332,0.0,0.20114509761333466,0.0,0.12463203817605972,0.0,0.15209437906742096,0.3333333432674408,0.1372964233160019,0.0,0.0
refadv:912,refadv:912,the person standing near the center of the lineup with thicker hair,False,4,openimages,False,12,relational,0.0,0.17969800531864166,0.6666666865348816,0.16471461951732635,0.0,0.3744010925292969,1.0,0.33508792519569397,0.0,0.3108293116092682,1.0,0.2846966087818146,0.0,0.32251930236816406,0.3333333432674408,0.2817854583263397,0.0,0.0
refadv:913,refadv:913,the beardless person without glasses and not holding a white paper cup,True,4,openimages,False,12,logical,0.0,0.16352517902851105,0.3333333432674408,0.1472967118024826,0.0,0.14679838716983795,0.0,0.08346476405858994,0.0,0.14865300059318542,0.0,0.08793892711400986,0.0,0.14558929204940796,0.0,0.08837153762578964,0.0,0.0
refadv:914,refadv:914,the clean shaven person with a more visible face and no glasses wearing a non-purple tie,True,4,openimages,False,17,logical,0.0,0.1701996773481369,0.3333333432674408,0.15318576991558075,0.0,0.07656294107437134,0.0,0.08593809604644775,0.0,0.09279034286737442,0.0,0.036061856895685196,0.0,0.04706756770610809,0.0,0.04455813765525818,0.0,0.0
refadv:915,refadv:915,"the clean shaven man with a fully visible face, no glasses, and no lapel pin on his suit jacket",True,4,openimages,False,19,logical,0.0,0.16132888197898865,0.0,0.12101342529058456,0.0,0.12172144651412964,0.0,0.08955039829015732,0.0,0.15363208949565887,0.0,0.04205138608813286,0.0,0.11464329808950424,0.0,0.07079527527093887,0.0,0.0
refadv:916,refadv:916,"the person with a fully visible face and no glasses or beard, with hair not combed back with a receded hairline",True,4,openimages,False,21,logical,0.0,0.15306846797466278,0.3333333432674408,0.12677417695522308,0.0,0.10489032417535782,0.0,0.08752278238534927,0.0,0.12810952961444855,0.0,0.07444972544908524,0.0,0.13159681856632233,0.0,0.061370592564344406,0.0,0.0
refadv:917,refadv:917,the larger closer wheel on the black taxi,False,3,openimages,False,8,logical,0.0,0.031222810968756676,0.0,0.06417081505060196,0.0,0.052295535802841187,0.0,0.06509268283843994,0.0,0.04907314106822014,0.0,0.06451420485973358,0.0,0.06160055100917816,0.0,0.06998732686042786,0.0,0.0
refadv:918,refadv:918,the smaller wheel on the black car,False,3,openimages,False,7,logical,0.0,0.027906104922294617,0.0,0.014515995979309082,0.0,0.02506209723651409,0.0,0.029170384630560875,0.0,0.04383590817451477,0.0,0.0250357985496521,0.0,0.02178596891462803,0.0,0.02110169641673565,0.0,0.0
refadv:919,refadv:919,the wheel with a less shadowed circular hubcap face,True,3,openimages,False,9,unclassified,0.0,0.0713987722992897,0.0,0.09139949828386307,0.0,0.06919971853494644,0.0,0.07638347893953323,0.0,0.0655980333685875,0.0,0.08525782078504562,0.0,0.07787499576807022,0.0,0.08110549300909042,0.0,0.0
refadv:920,refadv:920,the person in a short sleeve T-shirt leaning over the truck's side rail,False,4,openimages,False,14,unclassified,0.0,0.1932227611541748,0.0,0.1325090229511261,0.0,0.29705047607421875,0.3333333432674408,0.288967102766037,0.0,0.31190410256385803,0.3333333432674408,0.2966320216655731,0.0,0.3151051700115204,0.0,0.24243968725204468,0.0,0.0
refadv:921,refadv:921,the person bent forward leaning over the truck's side rail with his face turned left,False,4,openimages,False,15,unclassified,0.0,0.2760920822620392,0.0,0.2840936481952667,1.0,0.5735873579978943,1.0,0.4819833040237427,1.0,0.6690914630889893,1.0,0.5460317134857178,0.6666666865348816,0.5812463760375977,1.0,0.4774584472179413,0.0,-0.3333333134651184
refadv:922,refadv:922,the person on the left side of the truck bed near the tailgate corner wearing a short-sleeve T-shirt,False,4,openimages,False,20,relational,0.0,0.1762634962797165,0.0,0.15520890057086945,0.0,0.30612438917160034,0.3333333432674408,0.2551586329936981,0.0,0.1804242581129074,0.0,0.19071494042873383,0.0,0.2634598910808563,0.3333333432674408,0.24840085208415985,0.0,0.0
refadv:923,refadv:923,"the person on the left near the rear corner of the truck bed, leaning over the rail with one hand on it",False,4,openimages,False,22,relational,0.0,0.16905458271503448,0.6666666865348816,0.1387321501970291,0.0,0.27549824118614197,0.6666666865348816,0.27007412910461426,0.0,0.26141825318336487,0.6666666865348816,0.2553500831127167,0.0,0.27399179339408875,0.6666666865348816,0.28531432151794434,0.0,0.0
refadv:924,refadv:924,the balder person in a military dress uniform with medals,False,3,openimages,False,10,unclassified,0.0,0.16736996173858643,0.0,0.1855682134628296,0.0,0.21982920169830322,0.3333333432674408,0.2267664670944214,0.0,0.16683702170848846,0.0,0.19031818211078644,0.0,0.07555316388607025,0.3333333432674408,0.1487218290567398,0.0,0.0
refadv:925,refadv:925,the person in a military dress uniform not wearing eyeglasses,True,3,openimages,False,10,logical,0.0,0.22304975986480713,1.0,0.2047836035490036,0.0,0.3203843832015991,0.3333333432674408,0.3259114921092987,0.0,0.21857698261737823,0.3333333432674408,0.20892131328582764,0.0,0.21269579231739044,0.3333333432674408,0.2249041199684143,0.0,0.0
refadv:926,refadv:926,the person in a military dress uniform without a blue braided shoulder cord,True,3,openimages,False,13,logical,0.0,0.23064565658569336,0.0,0.18897034227848053,0.3333333432674408,0.44029268622398376,1.0,0.45119819045066833,0.0,0.2907046973705292,0.3333333432674408,0.2561328113079071,0.3333333432674408,0.382464200258255,0.6666666865348816,0.40934956073760986,0.3333333432674408,0.3333333432674408
refadv:927,refadv:927,the male-presenting adult with short dark hair,False,3,openimages,False,8,direct,0.0,0.2179810255765915,1.0,0.2620903253555298,0.0,0.16316692531108856,0.0,0.13687773048877716,0.0,0.14649951457977295,0.0,0.13656897842884064,0.0,0.09701964259147644,0.0,0.10223719477653503,0.0,0.0
refadv:928,refadv:928,the male-presenting adult without eyeglasses,True,3,openimages,False,6,logical,0.0,0.24309110641479492,0.0,0.22612179815769196,0.0,0.09310087561607361,0.0,0.10663622617721558,0.0,0.04250521957874298,0.0,0.06581775099039078,0.0,0.0,0.0,0.0361686572432518,0.0,0.0
refadv:929,refadv:929,the male-presenting adult without a blue braided shoulder cord,True,3,openimages,False,10,logical,0.0,0.25371599197387695,0.3333333432674408,0.20241813361644745,0.0,0.23153959214687347,0.0,0.19223015010356903,0.0,0.21894221007823944,0.0,0.24485690891742706,0.0,0.09110470861196518,0.0,0.09698136895895004,0.0,0.0
refadv:930,refadv:930,the near-shore boat by the bottom docks with less distinct cabin roof details,True,2,openimages,False,14,relational,0.0,0.0023337258026003838,0.0,0.002055226592347026,0.0,0.0040381792932748795,0.0,0.004148004110902548,0.0,0.005391084123402834,0.0,0.004195443354547024,0.0,0.006444399710744619,0.0,0.004836226347833872,0.0,0.0
refadv:931,refadv:931,the fully open lily bloom that is not the large central bloom,True,2,openimages,False,12,logical,0.0,0.0902973935008049,0.6666666865348816,0.12552198767662048,0.0,0.013382099568843842,0.0,0.0508478544652462,0.0,0.023641562089323997,0.0,0.048971932381391525,0.0,0.03317605331540108,0.0,0.05779391899704933,0.0,0.0
refadv:932,refadv:932,the fully open lily bloom with narrower angled petals,False,2,openimages,False,9,unclassified,0.0,0.03148499131202698,0.0,0.09295505285263062,0.0,0.008299021981656551,0.0,0.04465429112315178,0.0,0.012978781946003437,0.0,0.04226893186569214,0.0,0.02324378676712513,0.0,0.047861188650131226,0.0,0.0
refadv:933,refadv:933,the dark dress without a prominent contrasting white waist belt,True,2,openimages,False,10,logical,0.0,0.08524484187364578,0.0,0.06390375643968582,0.0,0.1403430551290512,0.0,0.13905680179595947,0.0,0.15378014743328094,0.3333333432674408,0.13322745263576508,0.0,0.11198217421770096,0.0,0.12335857003927231,0.0,0.0
refadv:934,refadv:934,the dark dress with wide straps,False,2,openimages,False,6,direct,0.0,0.14052271842956543,0.6666666865348816,0.15918581187725067,0.0,0.202381893992424,0.0,0.18338096141815186,0.0,0.06946307420730591,0.0,0.1212942972779274,0.0,0.2278691977262497,0.3333333432674408,0.20207035541534424,0.0,0.0
refadv:935,refadv:935,adult formal party dress without a prominent contrasting white waist belt,True,2,openimages,False,11,logical,0.0,0.1372734159231186,0.0,0.1282278448343277,0.0,0.22426092624664307,0.0,0.20724539458751678,0.0,0.16908235847949982,0.3333333432674408,0.18881887197494507,0.0,0.24842669069766998,0.3333333432674408,0.21635222434997559,0.0,0.0
refadv:936,refadv:936,the adult formal party dress with thinner straps,False,2,openimages,False,8,direct,0.0,0.12517811357975006,0.0,0.11781249195337296,0.0,0.1792439967393875,0.3333333432674408,0.18571186065673828,0.0,0.20692045986652374,0.3333333432674408,0.19299541413784027,0.0,0.190678671002388,0.6666666865348816,0.21002821624279022,0.0,0.0
refadv:937,refadv:937,"the slightly higher, front-facing fully open flower bloom",False,2,openimages,False,9,unclassified,0.0,0.026509681716561317,0.3333333432674408,0.077220119535923,0.0,0.086156465113163,0.3333333432674408,0.12826666235923767,0.0,0.08313342928886414,0.6666666865348816,0.11509392410516739,0.0,0.09069102257490158,1.0,0.12557871639728546,0.0,0.0
refadv:938,refadv:938,the front-facing fully open flower with smoother more uniform petal edges,False,2,openimages,False,12,unclassified,0.0,0.025951584801077843,1.0,0.05637723207473755,0.0,0.035237785428762436,0.0,0.04347505047917366,0.0,0.035616833716630936,0.3333333432674408,0.05067272111773491,0.0,0.03302928805351257,0.0,0.04298413172364235,0.0,0.0
refadv:939,refadv:939,the face of the person in swim trunks with a wider stance,False,2,openimages,False,12,unclassified,0.0,0.0015091259265318513,0.0,0.011251860298216343,0.0,0.02195071615278721,0.0,0.03888290748000145,0.0,0.0,0.0,0.029245277866721153,0.0,0.008790433406829834,0.0,0.029630310833454132,0.0,0.0
refadv:940,refadv:940,the human wearing shorter swim trunks,False,2,openimages,False,6,direct,0.0,0.00523190014064312,0.0,0.006653115153312683,0.0,0.0,0.0,0.0010725356405600905,0.0,0.0,0.0,0.0016001462936401367,0.0,0.0,0.0,0.0012950170785188675,0.0,0.0
refadv:941,refadv:941,the face of human standing on ground near the pool area with a wider stance,False,2,openimages,False,15,relational,0.0,0.005055477377027273,0.0,0.015033318661153316,0.0,0.01568198949098587,0.0,0.03379712998867035,0.0,0.0034767522010952234,0.0,0.027351045981049538,0.0,0.006328284740447998,0.0,0.028172612190246582,0.0,0.0
refadv:942,refadv:942,the human face on the leg standing on the ground near the pool area with shorter trunks,False,2,openimages,False,17,relational,0.0,0.0,0.0,0.0030902724247425795,0.0,0.0,0.0,0.0010626581497490406,0.0,0.0,0.0,0.0011693505803123116,0.0,0.0,0.0,0.0010502418735995889,0.0,0.0
refadv:943,refadv:943,the long seat-belt webbing strap lying across a seat on the front seat nearer the lower cushion area,False,2,openimages,False,19,unclassified,0.0,0.10791686177253723,1.0,0.08684983104467392,0.0,0.1100727990269661,0.6666666865348816,0.09713482856750488,0.0,0.10791685432195663,1.0,0.08698102086782455,0.0,0.11222874373197556,1.0,0.10135205835103989,0.0,0.0
refadv:944,refadv:944,the seat belt strap across the seat nearer the backrest,False,2,openimages,False,10,unclassified,0.0,0.09534931182861328,0.0,0.06951557844877243,0.0,0.09413090348243713,0.0,0.06914550811052322,0.0,0.09005212038755417,0.0,0.06466823816299438,0.0,0.0936175286769867,0.0,0.0712515339255333,0.0,0.0
refadv:945,refadv:945,the back-right dining table farther from the camera,False,2,openimages,False,9,logical,0.0,0.0019012242555618286,0.0,0.014115691184997559,0.0,0.03492556884884834,0.0,0.02570631355047226,0.0,0.018345044925808907,0.0,0.025914808735251427,0.0,0.04329626262187958,0.0,0.028133248910307884,0.0,0.0
refadv:946,refadv:946,the lower table in the back-right seating area,False,2,openimages,False,9,absolute,0.0,0.08231509476900101,1.0,0.14302955567836761,0.0,0.2611762285232544,1.0,0.27096056938171387,0.0,0.2661028802394867,1.0,0.2990671694278717,0.0,0.25030580163002014,1.0,0.2850015163421631,0.0,0.0
refadv:947,refadv:947,the back-right dining table not angled toward the camera,True,2,openimages,False,10,logical,0.0,0.011110852472484112,0.0,0.018260106444358826,0.0,0.03003433346748352,0.0,0.023725496605038643,0.0,0.020068956539034843,0.0,0.024056585505604744,0.0,0.02992786280810833,0.0,0.020733540877699852,0.0,0.0
refadv:948,refadv:948,the fully visible lighter silver gray SUV parked along the curb in the foreground,False,4,openimages,False,14,logical,0.0,0.23748724162578583,0.0,0.15402965247631073,1.0,0.556323230266571,1.0,0.5820415616035461,0.3333333432674408,0.4152991771697998,0.6666666865348816,0.4113368093967438,0.6666666865348816,0.5616388916969299,1.0,0.5824683308601379,0.6666666269302368,0.3333333432674408
refadv:949,refadv:949,the larger longer SUV fully visible parked along the curb,False,4,openimages,False,10,logical,0.6666666865348816,0.5264964699745178,1.0,0.4701228141784668,0.6666666865348816,0.5233997702598572,0.6666666865348816,0.5473077893257141,0.0,0.31055665016174316,0.6666666865348816,0.43562838435173035,0.6666666865348816,0.6117091774940491,1.0,0.5563700795173645,0.6666666865348816,0.6666666865348816
refadv:950,refadv:950,the fully visible car parked along the curb with more complex thin spoke wheels,False,4,openimages,False,14,unclassified,0.6666666865348816,0.5032687187194824,1.0,0.4944400489330292,0.0,0.17910416424274445,0.0,0.29862168431282043,0.0,0.16713209450244904,0.3333333432674408,0.28999683260917664,0.0,0.14920230209827423,0.0,0.25736483931541443,0.0,0.0
refadv:951,refadv:951,the slightly thinner whipped-cream rosette dollop garnish,False,4,openimages,False,8,direct,0.0,0.18654607236385345,0.3333333432674408,0.20833809673786163,0.0,0.11754133552312851,0.0,0.16882987320423126,0.0,0.13230997323989868,0.3333333432674408,0.1720593422651291,0.0,0.1258942037820816,0.0,0.17200009524822235,0.0,0.0
refadv:952,refadv:952,the wider piped whipped cream rosette garnish,False,4,openimages,False,7,direct,0.0,0.22406260669231415,0.6666666865348816,0.2720164954662323,0.0,0.18639637529850006,0.6666666865348816,0.21040119230747223,0.0,0.16698704659938812,1.0,0.22145064175128937,0.0,0.19239215552806854,0.6666666865348816,0.22612027823925018,0.0,0.0
refadv:953,refadv:953,the taller left whipped-cream rosette,False,4,openimages,False,6,direct,0.0,0.0,0.0,0.0859379768371582,0.0,0.0,0.0,0.024014299735426903,0.0,0.0,0.0,0.04302028939127922,0.0,0.0,0.0,0.029726659879088402,0.0,0.0
refadv:954,refadv:954,the airy ridged dairy swirl garnish near the right edge of the cake slice,False,4,openimages,False,14,relational,0.0,0.2993771433830261,0.0,0.2913548946380615,0.0,0.20134742558002472,0.6666666865348816,0.24815265834331512,0.0,0.12992370128631592,0.6666666865348816,0.19113846123218536,0.0,0.13984562456607819,0.6666666865348816,0.21033954620361328,0.0,0.0
refadv:955,refadv:955,the adjacent center-foreground person at the table without glasses,True,4,openimages,False,10,logical,0.0,0.1934444159269333,0.0,0.1874988079071045,0.0,0.29280343651771545,0.0,0.28269103169441223,0.3333333432674408,0.4655117988586426,0.0,0.36957696080207825,0.0,0.3529163599014282,0.3333333432674408,0.30403926968574524,-0.3333333432674408,-0.3333333432674408
refadv:956,refadv:956,the person seated in the center foreground of the table not wearing a scarf,True,4,openimages,False,14,logical,0.0,0.15332823991775513,0.0,0.1499844640493393,0.3333333432674408,0.39596179127693176,0.0,0.3234441578388214,0.0,0.3910793364048004,0.0,0.3049015700817108,0.0,0.43624362349510193,0.0,0.3451811969280243,0.3333333432674408,0.0
refadv:957,refadv:957,the center foreground table-seated person with a more directly engaged look toward the camera,False,4,openimages,False,15,absolute,0.0,0.302339643239975,1.0,0.24035048484802246,0.0,0.0,0.0,0.03401026129722595,0.0,0.0,0.0,0.03206052631139755,0.0,0.0,0.0,0.036886852234601974,0.0,0.0
refadv:958,refadv:958,the lower poster on the leftmost pole,False,3,openimages,False,7,logical,0.0,0.0283938180655241,1.0,0.06026029586791992,0.0,0.02410217560827732,0.0,0.03434603288769722,0.0,0.026709163561463356,0.3333333432674408,0.04147118330001831,0.0,0.02915041707456112,0.0,0.03628002107143402,0.0,0.0
refadv:959,refadv:959,"the heavily out-of-focus ear near the center-left, not at the far left edge",True,2,openimages,False,16,logical,0.0,0.0157266017049551,0.0,0.017073193565011024,0.0,0.01818673126399517,0.0,0.011517363600432873,0.0,0.021309509873390198,0.0,0.011344850063323975,0.0,0.017782876268029213,0.0,0.011182840913534164,0.0,0.0
refadv:960,refadv:960,"the human ear closer to the center-left, not at the far left edge, mostly framed by dark hair",True,2,openimages,False,19,logical,0.0,0.015707721933722496,0.0,0.012672116048634052,0.0,0.021155284717679024,0.0,0.013529299758374691,0.0,0.024059349671006203,0.0,0.013626140542328358,0.0,0.022346792742609978,0.0,0.012560035102069378,0.0,0.0
refadv:961,refadv:961,the relaxed arm down at the side of the shirtless person turned more away from the camera,False,2,openimages,False,17,relational,0.0,0.023297423496842384,0.0,0.019295573234558105,0.0,0.061982814222574234,0.0,0.06289204955101013,0.0,0.05391070246696472,0.0,0.04286978766322136,0.0,0.05748818442225456,0.0,0.04531010985374451,0.0,0.0
refadv:962,refadv:962,the relaxed arm down at the side with darker patchy shading,False,2,openimages,False,11,logical,0.0,0.01905473694205284,0.0,0.015726210549473763,0.0,0.04896044358611107,1.0,0.05580301582813263,0.0,0.04257817938923836,0.0,0.0475485734641552,0.0,0.0468871146440506,1.0,0.05058544874191284,0.0,0.0
refadv:963,refadv:963,the lower-left arm of the shirtless person facing more toward the camera,False,2,openimages,False,13,relational,0.0,0.02447163499891758,0.0,0.03009411133825779,0.0,0.06817099452018738,0.3333333432674408,0.0703953430056572,0.0,0.06903890520334244,1.0,0.0773935616016388,0.0,0.06943341344594955,0.6666666865348816,0.07270290702581406,0.0,0.0
refadv:964,refadv:964,the upper-story main-facade window with diagonal stair-like interior lines visible,False,3,openimages,False,13,unclassified,0.0,0.0,0.0,0.01227701548486948,0.0,0.0,0.0,7.566260319435969e-05,0.0,0.0,0.0,8.624656038591638e-05,0.0,0.0,0.0,7.475258462363854e-05,0.0,0.0
refadv:965,refadv:965,the upper-left upper-story main facade window with less glare on the glass,True,3,openimages,False,14,absolute,0.0,0.0,0.0,0.027529127895832062,0.0,0.0,0.0,0.0003445776819717139,0.0,0.0,0.0,0.00015835963131394237,0.0,0.0,0.0,0.0001022354990709573,0.0,0.0
refadv:966,refadv:966,the fully visible rectangular window with a clear frame and diagonal stair-like interior lines,False,3,openimages,False,15,unclassified,0.0,0.0,0.0,0.010100548155605793,0.0,0.0,0.0,6.395603850251064e-05,0.0,0.0,0.0,7.80543705332093e-05,0.0,0.0,0.0,6.266107084229589e-05,0.0,0.0
refadv:967,refadv:967,the fully visible rectangular window with a clear frame and less bright glare,True,3,openimages,False,13,unclassified,0.0,0.0,0.0,0.009300596080720425,0.0,0.0,0.0,8.956228703027591e-05,0.0,0.0,0.0,9.240801591658965e-05,0.0,0.0,0.0,0.00010728155757533386,0.0,0.0
refadv:968,refadv:968,the kid in a dark school sweater vest uniform turned to his left,False,2,openimages,False,13,unclassified,0.0,0.0521794855594635,0.0,0.10152896493673325,0.0,0.3399515151977539,0.3333333432674408,0.4059295356273651,1.0,0.5035017728805542,1.0,0.5125876665115356,0.6666666865348816,0.3919622004032135,0.6666666865348816,0.4470515251159668,-1.0,-0.3333333134651184
refadv:969,refadv:969,the boy in a dark school uniform sweater vest with darker blond hair,False,2,openimages,False,13,logical,0.0,0.0,0.0,0.12843407690525055,0.3333333432674408,0.48627761006355286,0.6666666865348816,0.5916737914085388,0.3333333432674408,0.3312508165836334,0.0,0.5422913432121277,0.3333333432674408,0.4354141652584076,0.3333333432674408,0.5917338728904724,0.0,0.0
refadv:970,refadv:970,the boy wearing a dark school sweater-vest uniform over a light blue shirt under the vest,False,2,openimages,False,17,relational,0.0,0.08051662892103195,0.0,0.11108063906431198,0.0,0.04347836971282959,0.3333333432674408,0.17520654201507568,0.0,0.08562854677438736,0.0,0.2155817747116089,0.0,0.04305127635598183,0.0,0.2265254408121109,0.0,0.0
refadv:971,refadv:971,the boy with a visible collared dress shirt under the vest,False,2,openimages,False,11,relational,0.0,0.09874280542135239,0.3333333432674408,0.21103988587856293,0.0,0.05373094975948334,0.0,0.150141179561615,0.0,0.012496125884354115,0.0,0.096877820789814,0.0,0.0,0.0,0.04133995249867439,0.0,0.0
refadv:972,refadv:972,the boy in a collared shirt without light blond hair,True,2,openimages,False,10,logical,0.0,0.0,0.0,0.12570816278457642,0.0,0.0,0.0,0.048098206520080566,0.0,0.0,0.0,0.03841790929436684,0.0,0.0,0.0,0.03607577085494995,0.0,0.0
refadv:973,refadv:973,the boy wearing a vest over a light blue shirt,False,2,openimages,False,10,unclassified,0.0,0.07409300655126572,0.0,0.17633700370788574,0.3333333432674408,0.3562408983707428,1.0,0.47746542096138,0.0,0.3531653881072998,0.6666666865348816,0.47369885444641113,0.3333333432674408,0.46694692969322205,1.0,0.5058708190917969,0.3333333432674408,0.3333333432674408
refadv:974,refadv:974,the higher blurry rose in the background,False,2,openimages,False,7,absolute,0.0,0.1380750983953476,0.3333333432674408,0.11917417496442795,0.0,0.13323479890823364,1.0,0.16769157350063324,0.0,0.16409361362457275,1.0,0.18653374910354614,0.0,0.1420201063156128,1.0,0.19590647518634796,0.0,0.0
refadv:975,refadv:975,the blurred pink rose positioned lower,False,2,openimages,False,6,direct,0.0,0.17452597618103027,0.0,0.11920294910669327,0.0,0.19229178130626678,0.3333333432674408,0.16478167474269867,0.0,0.15473400056362152,0.0,0.1309441477060318,0.0,0.13925594091415405,0.0,0.1339857578277588,0.0,0.0
refadv:976,refadv:976,the person wearing neither a pure white top nor gray pants,True,2,openimages,False,11,logical,0.0,0.3155440092086792,0.3333333432674408,0.2291858047246933,0.0,0.0,0.0,0.03669319674372673,0.0,0.0,0.0,0.03857807442545891,0.0,0.0,0.0,0.032680537551641464,0.0,0.0
refadv:977,refadv:977,"the performer with bent knees, not the one in the busy blue-and-white patterned open-neck shirt",True,2,openimages,False,18,logical,0.0,0.3603579103946686,0.6666666865348816,0.29686108231544495,0.0,0.1570105403661728,0.0,0.1704801768064499,0.0,0.09128567576408386,0.0,0.1188768818974495,0.0,0.1273840218782425,0.0,0.12303996086120605,0.0,0.0
refadv:978,refadv:978,the person against the darker upper-stage background around their head and torso,False,2,openimages,False,13,logical,1.0,0.5824247598648071,1.0,0.8418469429016113,0.0,0.3226637840270996,1.0,0.8666030764579773,0.0,0.31478968262672424,1.0,0.8239956498146057,0.0,0.3755522072315216,1.0,0.8571719527244568,0.0,0.0
refadv:979,refadv:979,"the person on the far left near the building edge, closest to the image edge",False,4,openimages,False,15,logical,0.0,0.00921345129609108,0.3333333432674408,0.024903753772377968,0.0,0.021461552008986473,0.0,0.02533557079732418,0.0,0.024981698021292686,0.0,0.030029544606804848,0.0,0.0206099022179842,0.0,0.026980547234416008,0.0,0.0
refadv:980,refadv:980,"the far-left person by the building edge, turned to her left",False,4,openimages,False,12,absolute,0.0,0.01996752619743347,0.0,0.01516908872872591,0.0,0.004238575231283903,0.0,0.01445944607257843,0.0,0.0,0.0,0.009464086033403873,0.0,0.0,0.0,0.011797890067100525,0.0,0.0
refadv:981,refadv:981,the woman in a white collared polo shirt wearing a skirt,False,7,openimages,False,11,unclassified,0.0,0.2387193888425827,1.0,0.21423988044261932,0.0,0.4404852092266083,1.0,0.45435163378715515,0.0,0.41504213213920593,1.0,0.4427460730075836,0.0,0.44048523902893066,0.6666666865348816,0.44608020782470703,0.0,0.0
refadv:982,refadv:982,the woman in a white collared polo shirt facing more forward,False,7,openimages,False,11,unclassified,0.0,0.23424619436264038,1.0,0.22517772018909454,0.0,0.39677858352661133,1.0,0.417012095451355,0.0,0.3827691972255707,1.0,0.4158780574798584,0.0,0.39677858352661133,1.0,0.4098745882511139,0.0,0.0
refadv:983,refadv:983,the woman in a white collared polo shirt wearing jeans,False,7,openimages,False,10,unclassified,0.0,0.2145886868238449,0.0,0.1688976138830185,0.0,0.40921449661254883,0.3333333432674408,0.33787801861763,0.0,0.41471970081329346,1.0,0.39537084102630615,0.0,0.41020527482032776,0.6666666865348816,0.36012038588523865,0.0,0.0
refadv:984,refadv:984,the woman wearing a white collared polo with a more closed neckline,False,7,openimages,False,12,unclassified,0.0,0.24180948734283447,1.0,0.20408575236797333,0.0,0.39677858352661133,1.0,0.40730321407318115,0.0,0.3945563733577728,1.0,0.4065265357494354,0.0,0.4123069941997528,0.6666666865348816,0.3932712972164154,0.0,0.0
refadv:985,refadv:985,the cut-open bread piece with smaller scattered air pockets,False,2,openimages,False,10,logical,0.0,0.30360183119773865,0.3333333432674408,0.39582157135009766,0.0,0.2894624173641205,0.0,0.3442767560482025,0.0,0.3032631278038025,0.0,0.34935426712036133,0.0,0.3026622533798218,0.0,0.34445416927337646,0.0,0.0
refadv:986,refadv:986,the main foreground bread slices in sharp focus without a single dominant large cavity near the center under the crust,True,2,openimages,False,20,logical,0.0,0.3270387649536133,1.0,0.4251727759838104,0.3333333432674408,0.40711510181427,0.6666666865348816,0.43895256519317627,0.0,0.38958051800727844,0.6666666865348816,0.41891562938690186,0.0,0.3990720212459564,0.6666666865348816,0.4259997606277466,0.3333333432674408,0.0
refadv:987,refadv:987,"the large foreground person without long, curly or braided hair",True,5,openimages,False,10,logical,0.0,0.47257182002067566,0.6666666865348816,0.4121359884738922,0.0,0.16981185972690582,0.0,0.21158750355243683,0.0,0.10027936100959778,0.0,0.20226632058620453,0.0,0.14179231226444244,0.0,0.18188278377056122,0.0,0.0
refadv:988,refadv:988,the person in the foreground wearing a sleeved top,False,5,openimages,False,9,absolute,1.0,0.5010861754417419,1.0,0.5019548535346985,0.6666666865348816,0.47317591309547424,0.6666666865348816,0.541776716709137,0.6666666865348816,0.5103094577789307,1.0,0.549871027469635,0.0,0.3937288820743561,0.6666666865348816,0.49439993500709534,0.0,-0.6666666865348816
refadv:989,refadv:989,the large foreground person with a broader toothy smile,False,5,openimages,False,9,absolute,0.0,0.4287261962890625,0.0,0.38382282853126526,0.6666666865348816,0.4110856056213379,0.3333333432674408,0.4368768632411957,0.3333333432674408,0.44882020354270935,0.3333333432674408,0.35236915946006775,0.3333333432674408,0.4985004961490631,0.3333333432674408,0.3603804111480713,0.3333333432674408,0.0
refadv:990,refadv:990,the person standing near the center facing the camera without long curly hair,True,5,openimages,False,13,logical,0.0,0.35884082317352295,0.3333333432674408,0.4474639594554901,0.3333333432674408,0.4515218734741211,0.6666666865348816,0.5998308062553406,0.3333333432674408,0.35317263007164,0.6666666865348816,0.42174431681632996,0.3333333432674408,0.43962112069129944,0.3333333432674408,0.42873525619506836,0.0,0.0
refadv:991,refadv:991,the person standing near the center facing the camera in a short-sleeve shirt,False,5,openimages,False,14,relational,0.0,0.3455580770969391,1.0,0.49214616417884827,1.0,0.57211834192276,1.0,0.7055816054344177,0.3333333432674408,0.46212029457092285,0.6666666865348816,0.4676176607608795,0.6666666865348816,0.42718490958213806,0.3333333432674408,0.5318208336830139,0.6666666269302368,0.3333333432674408
refadv:992,refadv:992,the person standing near the center and facing the camera with a broader toothy smile,False,5,openimages,False,15,relational,1.0,0.5087100863456726,0.6666666865348816,0.446318119764328,0.0,0.0993974506855011,0.0,0.20684562623500824,0.0,0.3263533413410187,0.0,0.3370995819568634,0.0,0.2682018578052521,0.3333333432674408,0.26912200450897217,0.0,0.0
refadv:993,refadv:993,the left window in the middle row of large industrial windows on the far right edge,False,7,openimages,False,16,absolute,0.0,0.0,0.0,0.009694247506558895,0.0,0.0,0.0,0.00321962870657444,0.0,0.0,0.0,0.004180870950222015,0.0,0.0,0.0,0.0026653583627194166,0.0,0.0
refadv:994,refadv:994,the cheese block on the plate pointed at by the sauce cup,False,5,openimages,False,12,relational,0.0,0.05708302929997444,0.0,0.051721662282943726,0.0,0.11532337218523026,1.0,0.12015125900506973,0.0,0.10312414169311523,0.6666666865348816,0.10037393122911453,0.0,0.1448332518339157,0.3333333432674408,0.15265898406505585,0.0,0.0
refadv:995,refadv:995,the large cow in the foreground with its head turned away from the camera,False,3,openimages,False,14,absolute,0.6666666865348816,0.5081533789634705,1.0,0.49085602164268494,0.3333333432674408,0.4684610366821289,0.6666666865348816,0.448988676071167,0.6666666865348816,0.5536654591560364,1.0,0.4973401129245758,0.6666666865348816,0.4835526943206787,0.6666666865348816,0.4330613315105438,-0.3333333432674408,0.0
refadv:996,refadv:996,the large cattle with a visible gray muzzle contrasting with its darker face,False,3,openimages,False,13,logical,0.0,0.4556988775730133,0.0,0.3954784572124481,0.0,0.204797625541687,0.0,0.31174951791763306,0.0,0.0863473191857338,0.0,0.24314452707767487,0.0,0.18469750881195068,0.0,0.30188295245170593,0.0,0.0
refadv:997,refadv:997,the nearby cattle with its both ears in view,False,3,openimages,False,9,logical,0.6666666865348816,0.4988192617893219,0.3333333432674408,0.5280705094337463,0.3333333432674408,0.34963205456733704,0.3333333432674408,0.4445030987262726,0.0,0.38479503989219666,0.0,0.4360543191432953,0.0,0.21462565660476685,0.0,0.31796351075172424,0.3333333432674408,0.0
refadv:998,refadv:998,the clearly detailed cow without a visible muzzle,True,3,openimages,False,8,logical,1.0,0.5421079993247986,1.0,0.4704596698284149,1.0,0.700049102306366,1.0,0.6179999709129333,1.0,0.6345972418785095,1.0,0.6318738460540771,1.0,0.8422677516937256,1.0,0.7089173197746277,0.0,0.0
refadv:999,refadv:999,"the darker, saturated purplish butterfly with darker hindwing margins",False,2,openimages,False,9,logical,0.0,0.2884049713611603,0.3333333432674408,0.2664943039417267,0.0,0.44716131687164307,0.6666666865348816,0.43171846866607666,0.0,0.2904611825942993,0.3333333432674408,0.31241273880004883,0.0,0.3396073579788208,0.3333333432674408,0.37478503584861755,0.0,0.0
refadv:1000,refadv:1000,"the darker butterfly with warmer, less uniform purple",True,2,openimages,False,8,logical,0.0,0.18976335227489471,0.6666666865348816,0.18249563872814178,0.0,0.0,0.0,0.0522480271756649,0.0,0.0,0.0,0.08271670341491699,0.0,0.007594823371618986,0.0,0.07765311747789383,0.0,0.0
refadv:1001,refadv:1001,the purplish with larger continuous zigzag pale blocks,False,2,openimages,False,8,logical,0.0,0.0795244500041008,0.0,0.14682208001613617,0.0,0.015564403496682644,0.0,0.10073689371347427,0.0,0.08335063606500626,0.0,0.15849752724170685,0.0,0.03320932015776634,0.0,0.1293538361787796,0.0,0.0
refadv:1002,refadv:1002,the butterfly with purple upperwing fields and darker brown hindwing margins,False,2,openimages,False,11,logical,0.0,0.2932738959789276,0.0,0.27444952726364136,0.3333333432674408,0.43778467178344727,0.6666666865348816,0.4605962336063385,0.0,0.3976770341396332,0.3333333432674408,0.3518371284008026,0.3333333432674408,0.4565834105014801,0.6666666865348816,0.45610079169273376,0.3333333432674408,0.3333333432674408
refadv:1003,refadv:1003,the butterfly with purple upperwing fields and purple areas not warmed by orange markings,True,2,openimages,False,14,logical,0.0,0.28832948207855225,0.0,0.2703068256378174,0.0,0.45517846941947937,0.6666666865348816,0.44693148136138916,0.0,0.3857394754886627,0.3333333432674408,0.3576723039150238,0.3333333432674408,0.464600533246994,1.0,0.4733467400074005,0.0,0.3333333432674408
refadv:1004,refadv:1004,"the butterfly with purple upperwing fields and smaller, broken pale patches near the forewing tips",False,2,openimages,False,15,logical,0.0,0.1768559217453003,0.0,0.17134089767932892,0.0,0.029749015346169472,0.0,0.08350182324647903,0.0,0.05774104967713356,0.0,0.1011272445321083,0.0,0.02799203433096409,0.0,0.08651226758956909,0.0,0.0
refadv:1005,refadv:1005,the dark suit with a tie and without a boutonniere,True,2,openimages,False,10,logical,0.0,0.3223888576030731,1.0,0.45215463638305664,1.0,0.7649869322776794,1.0,0.748252809047699,1.0,0.7474310994148254,1.0,0.7523002624511719,1.0,0.7518129348754883,1.0,0.7676549553871155,0.0,0.0
refadv:1006,refadv:1006,the men's dark suit with a non-pale tie,True,2,openimages,False,9,unclassified,0.0,0.18786267936229706,0.0,0.25825750827789307,1.0,0.7919551730155945,1.0,0.596372663974762,1.0,0.7965105175971985,1.0,0.6263943910598755,1.0,0.7976943850517273,1.0,0.6759395599365234,0.0,0.0
refadv:1007,refadv:1007,"the larger orange pumpkin, not the orange pumpkin in the lower-left",True,3,openimages,False,12,logical,0.0,0.0428682416677475,0.0,0.0803515836596489,0.0,0.0,0.0,0.010630919598042965,0.0,0.0,0.0,0.014019280672073364,0.0,0.0,0.0,0.011989228427410126,0.0,0.0
refadv:1008,refadv:1008,"the larger orange pumpkin with the deeper, more saturated orange hue",False,3,openimages,False,11,logical,0.0,0.0,0.0,0.06282263994216919,0.0,0.0,0.0,0.023220887407660484,0.0,0.0,0.0,0.023057855665683746,0.0,0.016123482957482338,0.0,0.03920190408825874,0.0,0.0
refadv:1009,refadv:1009,"the bright round classic pumpkin, not the lower-left foreground one beside hay",True,3,openimages,False,13,logical,0.0,0.011618471704423428,0.0,0.07187015563249588,0.0,0.0,0.0,0.0032948285806924105,0.0,0.0,0.0,0.003767353715375066,0.0,0.0,0.0,0.0027114979457110167,0.0,0.0
refadv:1010,refadv:1010,the bright large classic pumpkin-shaped fruit with a slightly lighter peach-toned orange hue,False,3,openimages,False,15,logical,0.0,0.15651766955852509,0.0,0.18860727548599243,0.3333333432674408,0.4057547152042389,0.6666666865348816,0.3398530185222626,0.3333333432674408,0.4138999283313751,0.3333333432674408,0.3393442928791046,0.0,0.39694806933403015,1.0,0.33443427085876465,0.0,-0.3333333432674408
refadv:1011,refadv:1011,"the blue fabric chair with no person on it, not the one farther back near the wooden podium",True,2,openimages,False,18,logical,0.0,0.17139668762683868,0.6666666865348816,0.21347607672214508,1.0,0.6760093569755554,1.0,0.6680508255958557,0.6666666865348816,0.5325990319252014,1.0,0.6058549284934998,1.0,0.6390413641929626,1.0,0.658634603023529,0.3333333134651184,0.3333333134651184
refadv:1012,refadv:1012,the chair that is partially cropped with less of the backrest visible,True,2,openimages,False,12,unclassified,0.0,0.043008193373680115,0.3333333432674408,0.06832664459943771,0.0,0.11384686082601547,0.0,0.16264395415782928,0.0,0.08786293119192123,0.0,0.1323048621416092,0.0,0.09588896483182907,0.0,0.1396036297082901,0.0,0.0
refadv:1013,refadv:1013,the slightly lighter blue chair with less visible armrests,True,2,openimages,False,9,logical,0.0,0.01576402597129345,0.0,0.05213301256299019,0.0,0.13695292174816132,0.0,0.18435044586658478,0.0,0.08953148126602173,0.0,0.13014918565750122,0.0,0.13695292174816132,0.0,0.1827870011329651,0.0,0.0
refadv:1014,refadv:1014,the less-smiling woman in the front row near the circular logo area,True,4,openimages,False,13,relational,0.0,0.17057494819164276,0.0,0.13937319815158844,0.0,0.1336282193660736,0.0,0.1088525578379631,0.0,0.11549139767885208,0.0,0.09253058582544327,0.0,0.04009048268198967,0.0,0.05953026935458183,0.0,0.0
refadv:1015,refadv:1015,the woman in the front row right-center near the circular logo area facing more forward,False,4,openimages,False,16,relational,0.0,0.16624967753887177,0.6666666865348816,0.1584007740020752,0.0,0.18942666053771973,0.6666666865348816,0.22374625504016876,0.0,0.2700164318084717,0.6666666865348816,0.2881734371185303,0.0,0.2310406118631363,0.6666666865348816,0.21882575750350952,0.0,0.0
refadv:1016,refadv:1016,the woman in the front row on the right-center of the banner with a single hand on the top edge of the banner,False,4,openimages,False,24,absolute,0.0,0.16447752714157104,0.0,0.1490948349237442,0.0,0.2504429519176483,0.6666666865348816,0.24705278873443604,0.0,0.24201320111751556,0.6666666865348816,0.22418123483657837,0.0,0.22913719713687897,0.0,0.18788646161556244,0.0,0.0
refadv:1017,refadv:1017,the right-side unopened flower bud with the less prominent green sepals at the base,True,4,openimages,False,15,absolute,0.0,0.027975736185908318,0.3333333432674408,0.05451473221182823,0.0,0.03241051360964775,0.6666666865348816,0.045435477048158646,0.0,0.026087040081620216,1.0,0.03493848070502281,0.0,0.03260674700140953,0.6666666865348816,0.04443156719207764,0.0,0.0
refadv:1018,refadv:1018,side table with a slightly darker yellow toned tabletop,False,3,openimages,False,9,logical,0.0,0.04842953011393547,0.0,0.023804405704140663,0.0,0.0,0.0,0.005083334166556597,0.0,0.0,0.0,0.007035305257886648,0.0,0.0,0.0,0.005637140944600105,0.0,0.0
refadv:1019,refadv:1019,the display table on the right side of the stall area with multiple produce containers on top,False,3,openimages,False,17,relational,0.0,0.03894837945699692,0.0,0.030642375349998474,0.0,0.02142997272312641,0.0,0.02957434393465519,0.0,0.04095977172255516,0.0,0.042224984616041183,0.0,0.10902281850576401,0.0,0.0810498371720314,0.0,0.0
refadv:1020,refadv:1020,civilian plain black coat without red trim accents,True,2,openimages,False,8,logical,0.0,0.4190739393234253,0.0,0.35075822472572327,0.0,0.1860918551683426,0.0,0.17173539102077484,0.0,0.1194257065653801,0.0,0.07317883521318436,0.0,0.2121795415878296,0.0,0.10052546113729477,0.0,0.0
refadv:1021,refadv:1021,civilian-style coat that is not solid or unpatterned,True,2,openimages,False,9,logical,0.3333333432674408,0.47524842619895935,0.0,0.34226155281066895,0.0,0.29668891429901123,0.0,0.3568260669708252,0.3333333432674408,0.45507097244262695,0.3333333432674408,0.4643996059894562,0.3333333432674408,0.31866079568862915,0.3333333432674408,0.30506590008735657,-0.3333333432674408,0.0
refadv:1022,refadv:1022,the civilian-style coat made of softer-looking fabric,False,2,openimages,False,9,unclassified,1.0,0.5236247181892395,0.0,0.36724114418029785,0.0,0.22933854162693024,0.3333333432674408,0.26274213194847107,0.0,0.05915491655468941,0.0,0.11390658468008041,0.0,0.16336576640605927,0.0,0.17743851244449615,0.0,0.0
refadv:1023,refadv:1023,the structured civilian blazer-style coat,False,2,openimages,False,6,direct,0.0,0.4881139099597931,0.6666666865348816,0.3510150909423828,0.0,0.4567123353481293,1.0,0.4213694632053375,0.0,0.4389468729496002,0.6666666865348816,0.3710692822933197,0.0,0.43783989548683167,0.6666666865348816,0.3949413299560547,0.0,0.0
refadv:1024,refadv:1024,the coat with no red trim accents and no visible insignia or ribbons,True,2,openimages,False,13,logical,0.0,0.3791184723377228,0.3333333432674408,0.2594571113586426,0.0,0.0,0.0,0.07750656455755234,0.0,0.0,0.0,0.040549810975790024,0.0,0.026924407109618187,0.0,0.07630715519189835,0.0,0.0
refadv:1025,refadv:1025,the civilian coat with visible chest badges,False,2,openimages,False,7,direct,0.0,0.3803900480270386,0.0,0.26306042075157166,0.0,0.0,0.0,0.028538858518004417,0.0,0.0,0.0,0.042410120368003845,0.0,0.0,0.0,0.023698963224887848,0.0,0.0
refadv:1026,refadv:1026,the smoother suit-like coat without visible service ribbons,True,2,openimages,False,9,logical,0.0,0.43309178948402405,0.0,0.27121052145957947,0.0,0.0,0.0,0.025746574625372887,0.0,0.0,0.0,0.020403891801834106,0.0,0.0,0.0,0.03559926524758339,0.0,0.0
refadv:1027,refadv:1027,the more casual coat with no visible rank insignia or service ribbons,True,2,openimages,False,12,logical,0.0,0.38493552803993225,0.0,0.2644730806350708,0.0,0.2227310687303543,0.3333333432674408,0.4321896731853485,0.0,0.20582862198352814,0.3333333432674408,0.44550323486328125,0.0,0.1965809315443039,0.3333333432674408,0.4107242822647095,0.0,0.0
refadv:1028,refadv:1028,"the larger bottle with a sharp, clearly legible label",False,2,openimages,False,9,logical,0.0,0.35981425642967224,0.0,0.39533600211143494,0.0,0.40816816687583923,0.6666666865348816,0.4087984561920166,0.0,0.4454292356967926,1.0,0.4363009035587311,0.0,0.4386192262172699,0.6666666865348816,0.45900020003318787,0.0,0.0
refadv:1029,refadv:1029,the personal care bottle with a legible label and less readable main text,True,2,openimages,False,13,unclassified,0.0,0.2582986056804657,0.0,0.24150340259075165,0.0,0.2649867832660675,0.0,0.23332874476909637,0.0,0.26069948077201843,0.3333333432674408,0.23924396932125092,0.0,0.27643027901649475,0.0,0.21479369699954987,0.0,0.0
refadv:1030,refadv:1030,the large close bottle dominating the frame,False,2,openimages,False,7,direct,0.0,0.2707737684249878,0.0,0.35145679116249084,0.0,0.4195749759674072,1.0,0.4064457416534424,0.0,0.41900762915611267,1.0,0.4192574918270111,0.0,0.4186319410800934,0.3333333432674408,0.3951421082019806,0.0,0.0
refadv:1031,refadv:1031,the centered or right bottle with less readable label text,True,2,openimages,False,10,unclassified,0.0,0.28270626068115234,0.0,0.15363197028636932,0.0,0.02294638752937317,0.0,0.07379718869924545,0.0,0.015418540686368942,0.0,0.07671932131052017,0.0,0.015548947267234325,0.0,0.06309174746274948,0.0,0.0
refadv:1032,refadv:1032,the rounder eye opening with a more centered pupil,False,3,openimages,False,9,unclassified,0.0,0.007064782548695803,0.0,0.009284202940762043,0.0,0.008466231636703014,0.0,0.007630566600710154,0.0,0.010060638189315796,0.0,0.008327827788889408,0.0,0.009349587373435497,0.0,0.00832755584269762,0.0,0.0
refadv:1033,refadv:1033,the right eye with minimal lid crease,False,3,openimages,False,7,direct,0.0,0.00549229746684432,0.0,0.0016416736179962754,0.0,0.0,0.0,0.00032407327671535313,0.0,0.0001429935364285484,0.0,0.0005811906303279102,0.0,0.0,0.0,0.0002332675940124318,0.0,0.0
refadv:1034,refadv:1034,the more central person at the right-side workstation sorting table,False,3,openimages,False,11,absolute,0.0,0.17039912939071655,1.0,0.18447880446910858,0.3333333432674408,0.438272088766098,1.0,0.40940800309181213,0.0,0.3312634527683258,1.0,0.4349333941936493,0.0,0.363057941198349,1.0,0.42975759506225586,0.3333333432674408,0.0
refadv:1035,refadv:1035,the person farther right without a hat at the main sorting table on the right side,True,3,openimages,False,16,logical,0.0,0.05986402556300163,1.0,0.10858053714036942,0.0,0.1647496372461319,0.0,0.17000244557857513,0.0,0.19321070611476898,0.3333333432674408,0.20476599037647247,0.0,0.19634300470352173,0.3333333432674408,0.19269293546676636,0.0,0.0
refadv:1036,refadv:1036,the person bent over working with large tubs on the table,False,3,openimages,False,11,unclassified,0.0,0.21192191541194916,1.0,0.28260931372642517,0.0,0.43198707699775696,1.0,0.5006325840950012,0.3333333432674408,0.4342310130596161,1.0,0.5171634554862976,0.3333333432674408,0.447000652551651,1.0,0.5124545693397522,-0.3333333432674408,0.0
refadv:1037,refadv:1037,the bareheaded person bent over working with large tubs on the table,False,3,openimages,False,12,unclassified,0.0,0.165941059589386,1.0,0.14055703580379486,0.3333333432674408,0.43570005893707275,1.0,0.4762237071990967,0.0,0.3931308090686798,1.0,0.43616899847984314,0.0,0.36603662371635437,1.0,0.4464319944381714,0.3333333432674408,0.0
refadv:1038,refadv:1038,the front-right wheel mounted on the main truck body,False,6,openimages,False,10,unclassified,0.0,0.0,0.0,0.00840068981051445,0.0,0.0,0.0,0.0008788747363723814,0.0,0.0,0.0,0.0009525003843009472,0.0,0.0,0.0,0.0008741987985558808,0.0,0.0
refadv:1039,refadv:1039,the more obscured front wheel mounted on the main truck body,False,6,openimages,False,11,unclassified,0.0,0.024072760716080666,0.0,0.02220735140144825,0.0,0.0,0.0,0.0024570326786488295,0.0,0.0011944653233513236,0.0,0.005635514855384827,0.0,0.0,0.0,0.0023410969879478216,0.0,0.0
refadv:1040,refadv:1040,the shaded wheel mounted on the main truck body with more rim and sidewall highlights,False,6,openimages,False,15,unclassified,0.0,0.03382683917880058,0.0,0.02908608317375183,0.0,0.030884897336363792,0.0,0.020510058850049973,0.0,0.02942732535302639,0.0,0.0244686771184206,0.0,0.029179492965340614,0.0,0.013593502342700958,0.0,0.0
refadv:1041,refadv:1041,the partially occluded bright car,False,2,openimages,False,5,direct,0.0,0.054465603083372116,0.0,0.04590697959065437,0.0,0.04527352377772331,0.0,0.04245598986744881,0.0,0.09787505865097046,0.0,0.09875404089689255,0.0,0.050654590129852295,0.0,0.04565158858895302,0.0,0.0
refadv:1042,refadv:1042,the partially occluded car behind the main car near the middle of the frame,False,2,openimages,False,14,relational,0.0,0.11359312385320663,0.0,0.09851489216089249,0.0,0.17095619440078735,1.0,0.1645357757806778,0.0,0.1267860233783722,0.6666666865348816,0.13881808519363403,0.0,0.18564175069332123,0.6666666865348816,0.1882212907075882,0.0,0.0
refadv:1043,refadv:1043,"the partially visible car with an angular, boxier silhouette",False,2,openimages,False,9,unclassified,0.0,0.05961117148399353,0.3333333432674408,0.09130976349115372,0.0,0.07546090334653854,0.0,0.05259796977043152,0.0,0.09178570657968521,0.0,0.04216626659035683,0.0,0.11363711208105087,0.0,0.07120354473590851,0.0,0.0
refadv:1044,refadv:1044,the bright car in the background,False,2,openimages,False,6,absolute,0.0,0.08725600689649582,1.0,0.18681132793426514,0.0,0.20084995031356812,0.0,0.17195720970630646,0.0,0.17763268947601318,0.3333333432674408,0.14525936543941498,0.0,0.1936199814081192,0.6666666865348816,0.1916552633047104,0.0,0.0
refadv:1045,refadv:1045,the background car near the corner of the image,False,2,openimages,False,9,relational,0.0,0.07093419134616852,1.0,0.15309400856494904,0.0,0.17271429300308228,0.0,0.1238534078001976,0.0,0.14237628877162933,0.0,0.10646688938140869,0.0,0.17069877684116364,0.3333333432674408,0.1531311422586441,0.0,0.0
refadv:1046,refadv:1046,"the background car with a more angular, boxier visible silhouette",False,2,openimages,False,10,absolute,0.0,0.060064781457185745,1.0,0.10818476229906082,0.0,0.11933583766222,0.3333333432674408,0.09161432832479477,0.0,0.10172995179891586,0.0,0.06868700683116913,0.0,0.12215203791856766,0.0,0.08376183360815048,0.0,0.0
refadv:1047,refadv:1047,the standing person nearer the ramp,False,2,openimages,False,6,direct,0.0,0.020674271509051323,0.0,0.03368185833096504,0.0,0.0,0.0,0.002471917076036334,0.0,0.0,0.0,0.0023340173065662384,0.0,0.0,0.0,0.0027659826446324587,0.0,0.0
refadv:1048,refadv:1048,the standing observer slightly left of the other observer near the ramp,False,2,openimages,False,12,relational,0.0,0.01794370822608471,0.0,0.008250401355326176,0.0,0.010107421316206455,0.0,0.011411900632083416,0.0,0.009636173024773598,0.0,0.008189343847334385,0.0,0.007997661828994751,0.0,0.00803316105157137,0.0,0.0
refadv:1049,refadv:1049,the standing person with head angled more toward the action,False,2,openimages,False,10,unclassified,0.0,0.02155010588467121,0.3333333432674408,0.05639791488647461,0.0,0.0,0.0,0.0035304706543684006,0.0,0.0,0.0,0.0035784656647592783,0.0,0.0,0.0,0.004443857353180647,0.0,0.0
refadv:1050,refadv:1050,the smaller person wearing a bright fluorescent yellow green safety vest,False,2,openimages,False,11,logical,0.0,0.02359837293624878,0.0,0.0375099740922451,0.0,0.0,0.0,0.005077680107206106,0.0,0.0,0.0,0.0025754121597856283,0.0,0.0,0.0,0.002767703728750348,0.0,0.0
refadv:1051,refadv:1051,the smaller background person near the ramp standing slightly right of the other observer,False,2,openimages,False,14,logical,0.0,0.01912144385278225,1.0,0.0830775573849678,0.0,0.034511394798755646,0.0,0.05195748805999756,0.0,0.016948139294981956,0.0,0.04138745740056038,0.0,0.02452503703534603,0.0,0.0627911388874054,0.0,0.0
refadv:1052,refadv:1052,the small background person with their head angled less toward the action,True,2,openimages,False,12,absolute,0.0,0.011623534373939037,0.0,0.031791750341653824,0.0,0.009978900663554668,0.0,0.015119719319045544,0.0,0.0,0.0,0.008010710589587688,0.0,0.0067694964818656445,0.0,0.014811634086072445,0.0,0.0
refadv:1053,refadv:1053,the human body in red-dominant lingerie with hair that is not light blonde,True,2,openimages,False,14,logical,0.0,0.11970397084951401,0.0,0.1792161464691162,0.0,0.09613508731126785,0.0,0.17818965017795563,0.0,0.08251798897981644,0.3333333432674408,0.17545132339000702,0.0,0.09662578254938126,0.0,0.1715482473373413,0.0,0.0
refadv:1054,refadv:1054,the body in red-dominant lingerie wearing a red coat with white fur trim at the hem,False,2,openimages,False,17,unclassified,0.0,0.08524266630411148,0.6666666865348816,0.10890231281518936,0.0,0.09380850195884705,0.0,0.1266256421804428,0.0,0.07864063233137131,0.3333333432674408,0.1268133521080017,0.0,0.1039515808224678,0.3333333432674408,0.1426321417093277,0.0,0.0
refadv:1055,refadv:1055,the person in red-dominant corset lingerie with the head angled more to the right,False,2,openimages,False,15,absolute,0.0,0.052555542439222336,0.0,0.09146404266357422,0.0,6.821387069066986e-05,0.0,0.03461835905909538,0.0,0.02885049395263195,0.3333333432674408,0.05126267299056053,0.0,0.018906790763139725,0.0,0.05241144075989723,0.0,0.0
refadv:1056,refadv:1056,"the human body in red outerwear without prominent white fur trim at the hem, with lighter blonde hair",True,2,openimages,False,18,logical,0.0,0.08071591705083847,0.0,0.08835864067077637,0.0,0.07860014587640762,0.3333333432674408,0.10363436490297318,0.0,0.08980659395456314,0.6666666865348816,0.1154901385307312,0.0,0.07988236099481583,0.3333333432674408,0.12241183966398239,0.0,0.0
refadv:1057,refadv:1057,"the human body in a red outerwear, with a red coat hem without visible white fur trim",True,2,openimages,False,17,logical,0.0,0.13056962192058563,0.0,0.1757315844297409,0.0,0.07172750681638718,0.3333333432674408,0.175473153591156,0.0,0.12067335098981857,0.0,0.17598800361156464,0.0,0.1377122402191162,0.3333333432674408,0.2082356959581375,0.0,0.0
refadv:1058,refadv:1058,"the human body in red top, not angled toward the right side of the frame",True,2,openimages,False,15,logical,0.0,0.24230389297008514,1.0,0.29766926169395447,0.3333333432674408,0.4871738851070404,1.0,0.5236617922782898,0.3333333432674408,0.5181267857551575,1.0,0.4729344844818115,0.6666666865348816,0.4930476248264313,1.0,0.5641404986381531,0.0,0.3333333432674408
refadv:1059,refadv:1059,the woman in light pants with shoulder-length hair,False,4,openimages,False,9,unclassified,0.0,0.14465314149856567,0.0,0.1119566261768341,0.0,0.19275639951229095,0.0,0.08247246593236923,0.0,0.17945604026317596,0.0,0.07804635912179947,0.0,0.1471102237701416,0.0,0.06544972211122513,0.0,0.0
refadv:1060,refadv:1060,the woman in light pants and a green top,False,4,openimages,False,9,unclassified,0.0,0.1517467051744461,0.0,0.15027780830860138,0.0,0.10643863677978516,0.0,0.06304947286844254,0.0,0.16030071675777435,0.0,0.06681397557258606,0.0,0.1416497379541397,0.0,0.027557017281651497,0.0,0.0
refadv:1061,refadv:1061,the shorter close-cropped pixie-haired woman standing next to another woman,False,4,openimages,False,12,relational,0.0,0.18464714288711548,0.0,0.18718941509723663,0.0,0.04692830145359039,0.0,0.026821359992027283,0.0,0.044984325766563416,0.0,0.003272402100265026,0.0,0.07172470539808273,0.0,0.005502002313733101,0.0,0.0
refadv:1062,refadv:1062,the woman in the green top standing next to another woman,False,4,openimages,False,11,relational,0.0,0.15314126014709473,0.3333333432674408,0.1533035784959793,0.0,0.07998407632112503,0.0,0.046323370188474655,0.0,0.0,0.0,0.051431551575660706,0.0,0.05069434642791748,0.0,0.04363788291811943,0.0,0.0
refadv:1063,refadv:1063,the raised open palm facing the camera nearer the main subject’s face,False,2,openimages,False,13,relational,0.0,0.279450386762619,0.3333333432674408,0.23320043087005615,0.0,0.3570922315120697,0.0,0.3313063085079193,0.0,0.3417621850967407,0.6666666865348816,0.29110583662986755,0.0,0.3547210991382599,0.6666666865348816,0.30491554737091064,0.0,0.0
refadv:1064,refadv:1064,the woman in the deep maroon red lace kebaya top with a hair adornment near the bun,False,3,openimages,False,17,relational,0.0,0.10604277998209,0.0,0.10604161024093628,0.0,0.22345520555973053,0.3333333432674408,0.22405916452407837,0.0,0.2738303244113922,0.6666666865348816,0.22582143545150757,0.0,0.2613808810710907,0.3333333432674408,0.24117343127727509,0.0,0.0
refadv:1065,refadv:1065,the dress with a deep maroon red kebaya lace top and a denser floral lace motif across the back,False,3,openimages,False,19,unclassified,0.0,0.106773741543293,0.0,0.11345946043729782,0.0,0.2543981075286865,0.0,0.24162550270557404,0.0,0.12127319723367691,0.0,0.1313161551952362,0.0,0.30835384130477905,0.3333333432674408,0.29532095789909363,0.0,0.0
refadv:1066,refadv:1066,the deep maroon lace kebaya dress with the narrower back neckline,False,3,openimages,False,11,unclassified,0.0,0.2612783908843994,0.0,0.18221968412399292,0.0,0.24866938591003418,0.3333333432674408,0.17042577266693115,0.0,0.22808635234832764,0.3333333432674408,0.22364909946918488,0.0,0.2713092267513275,0.0,0.20105065405368805,0.0,0.0
refadv:1067,refadv:1067,the dress with semi-sheer floral lace on the upper back and sleeves and a hair adornment near the bun,False,3,openimages,False,20,relational,0.0,0.14447958767414093,0.0,0.13218297064304352,0.0,0.029920242726802826,0.0,0.05855846405029297,0.0,0.0,0.0,0.01089922059327364,0.0,0.0,0.0,0.036204129457473755,0.0,0.0
refadv:1068,refadv:1068,the very similar semi-sheer floral lace-top dress with a finer denser lace motif across the back,False,3,openimages,False,18,unclassified,0.0,0.2317247837781906,0.0,0.16048884391784668,0.0,0.010421060025691986,0.0,0.03986195847392082,0.0,0.0,0.0,0.02269168756902218,0.0,0.004015753977000713,0.0,0.05356511473655701,0.0,0.0
refadv:1069,refadv:1069,"the dress with semi-sheer floral lace across the upper back and sleeves and a higher, narrower back neckline",False,3,openimages,False,19,unclassified,0.0,0.19418972730636597,0.0,0.13431014120578766,0.0,0.07611194252967834,0.0,0.04388958215713501,0.0,0.0,0.0,0.012554164975881577,0.0,0.07068457454442978,0.0,0.02332836389541626,0.0,0.0
refadv:1070,refadv:1070,the person on the far right wearing a dark sleeve top,False,6,openimages,False,11,absolute,0.0,0.11005540937185287,0.6666666865348816,0.17921876907348633,0.0,0.3265106976032257,1.0,0.3064291775226593,0.0,0.33877506852149963,0.6666666865348816,0.3242485225200653,0.0,0.3265106976032257,1.0,0.3055157959461212,0.0,0.0
refadv:1071,refadv:1071,the person on the far right side of the image with glasses,False,6,openimages,False,12,absolute,0.0,0.18221862614154816,1.0,0.273365318775177,0.3333333432674408,0.48769906163215637,1.0,0.4202463626861572,0.3333333432674408,0.48769906163215637,1.0,0.4424859583377838,0.0,0.4806635081768036,1.0,0.4254155457019806,0.0,-0.3333333432674408
refadv:1072,refadv:1072,the person on the far right with one hand raised near the face or chest,False,6,openimages,False,15,relational,0.0,0.17176133394241333,1.0,0.25374993681907654,0.3333333432674408,0.487699031829834,1.0,0.4317046105861664,0.0,0.44635429978370667,1.0,0.4422011077404022,0.0,0.47195419669151306,1.0,0.4330475330352783,0.3333333432674408,0.0
refadv:1073,refadv:1073,"the male-presenting adult, not the one on a blue ladder",True,2,openimages,False,11,logical,0.0,0.0743836760520935,0.0,0.0613228864967823,0.0,0.05462130531668663,0.0,0.06613368541002274,0.0,0.020017346367239952,0.0,0.045645248144865036,0.0,0.019237766042351723,0.0,0.04867418110370636,0.0,0.0
refadv:1074,refadv:1074,the male-presenting adult not wearing a blue shirt,True,2,openimages,False,9,logical,0.0,0.09018942713737488,0.3333333432674408,0.1250084787607193,0.0,0.05462130531668663,0.3333333432674408,0.10124185681343079,0.0,0.10504945367574692,0.0,0.09609051793813705,0.0,0.0738590732216835,0.3333333432674408,0.11166384071111679,0.0,0.0
refadv:1075,refadv:1075,the person wearing pants standing on the floor,False,2,openimages,False,8,relational,0.0,0.09978177398443222,0.0,0.15202325582504272,0.0,0.1638639122247696,0.6666666865348816,0.18600089848041534,0.0,0.11897328495979309,0.3333333432674408,0.11710676550865173,0.0,0.13078248500823975,0.3333333432674408,0.14878429472446442,0.0,0.0
refadv:1076,refadv:1076,the person wearing pants and not wearing a dark green top,True,2,openimages,False,11,logical,0.0,0.12574471533298492,1.0,0.18354938924312592,0.0,0.13075120747089386,0.0,0.15341143310070038,0.0,0.17553746700286865,0.0,0.19255061447620392,0.0,0.16808246076107025,0.3333333432674408,0.20175521075725555,0.0,0.0
refadv:1077,refadv:1077,clearer pendant accessory worn around the neck,False,4,openimages,False,7,direct,0.0,0.18470120429992676,0.3333333432674408,0.15200161933898926,0.0,0.0949152484536171,0.0,0.11508675664663315,0.0,0.10444390028715134,0.0,0.15468649566173553,0.0,0.08692813664674759,0.0,0.11045616120100021,0.0,0.0
refadv:1078,refadv:1078,the less visible accessory near the neckline,True,4,openimages,False,7,relational,0.0,0.004127258900552988,0.0,0.001613051164895296,0.0,0.004369748756289482,0.0,0.002149442909285426,0.0,0.004658263176679611,0.0,0.0021369047462940216,0.0,0.0042009600438177586,0.0,0.0018145303474739194,0.0,0.0
refadv:1079,refadv:1079,the clearly visible chain accessory,False,4,openimages,False,5,direct,0.0,0.15336374938488007,0.0,0.1447817087173462,0.0,0.20036421716213226,0.3333333432674408,0.19631542265415192,0.0,0.2142358273267746,0.3333333432674408,0.19830858707427979,0.0,0.22119951248168945,0.0,0.18912439048290253,0.0,0.0
refadv:1080,refadv:1080,"the long bench-style seat with a green cushion in the foreground, not the right-side one",True,3,openimages,False,17,logical,0.0,0.15134064853191376,0.0,0.19754791259765625,0.0,0.08936616778373718,0.0,0.16415955126285553,0.0,0.12885266542434692,0.0,0.1827150583267212,0.0,0.1696302741765976,0.0,0.21416075527668,0.0,0.0
refadv:1081,refadv:1081,the person spreading rice onto a flat nori sheet with nails less visible,True,4,openimages,False,13,unclassified,0.0,0.009731471538543701,0.0,0.031340766698122025,0.0,0.06496366113424301,0.0,0.08107881247997284,0.0,0.14318068325519562,0.6666666865348816,0.1739855259656906,0.0,0.16630463302135468,1.0,0.1834069937467575,0.0,0.0
refadv:1082,refadv:1082,person spreading rice onto a flat nori sheet on a bamboo rolling mat with no bracelet on the hand,True,4,openimages,False,19,logical,0.0,0.0,0.0,0.02035863697528839,0.0,0.11381535977125168,0.6666666865348816,0.148955836892128,0.0,0.13096430897712708,1.0,0.15936718881130219,0.0,0.163330078125,1.0,0.17025482654571533,0.0,0.0
refadv:1083,refadv:1083,the bright white dress shirt without the blue striped tie,True,3,openimages,False,10,logical,0.0,0.049401506781578064,0.0,0.03576252982020378,0.0,0.08343397825956345,0.3333333432674408,0.08079805225133896,0.0,0.10449454188346863,0.3333333432674408,0.11719811707735062,0.0,0.08334899693727493,0.3333333432674408,0.0803060457110405,0.0,0.0
refadv:1084,refadv:1084,the dark neutral sunglasses with less rounded lenses,True,2,openimages,False,8,direct,0.0,0.0,0.0,0.005249477922916412,0.0,0.0,0.0,0.0013587515568360686,0.0,0.0,0.0,0.0005738594918511808,0.0,0.0,0.0,0.001480014412663877,0.0,0.0
refadv:1085,refadv:1085,the dark neutral sunglasses with a slightly lighter dark lens tint,False,2,openimages,False,11,logical,0.0,0.0065733022056519985,0.0,0.009510845877230167,0.0,0.0,0.0,0.0005508791073225439,0.0,0.0,0.0,0.00035519557422958314,0.0,0.0,0.0,0.0005301444907672703,0.0,0.0
refadv:1086,refadv:1086,"the outer side lampshade, not the right one",True,3,openimages,False,8,logical,0.0,0.039903149008750916,0.0,0.038529831916093826,0.0,0.005688705947250128,0.0,0.005796770099550486,0.0,0.0,0.0,0.0013993472093716264,0.0,0.0,0.0,0.0021251607686281204,0.0,0.0
refadv:1087,refadv:1087,the lampshade on the arm curving outward to the left,False,3,openimages,False,10,absolute,0.0,0.04702145978808403,0.3333333432674408,0.059544507414102554,0.0,0.12446675449609756,0.6666666865348816,0.14029055833816528,0.0,0.10870524495840073,0.3333333432674408,0.10177729278802872,0.0,0.10811898857355118,0.0,0.10160153359174728,0.0,0.0
refadv:1088,refadv:1088,the right one of the two lower white lampshades,False,3,openimages,False,9,logical,0.0,0.04359382390975952,1.0,0.07908008247613907,0.0,0.1011180579662323,0.3333333432674408,0.18021123111248016,0.0,0.11459686607122421,0.0,0.11461273580789566,0.0,0.11778596043586731,0.0,0.1397148221731186,0.0,0.0
refadv:1089,refadv:1089,adult man holding a hand puppet not wearing a graduation cap,True,3,openimages,False,11,logical,0.0,0.24259959161281586,0.6666666865348816,0.25106191635131836,0.3333333432674408,0.4618549346923828,1.0,0.6305223107337952,0.6666666865348816,0.5037142634391785,1.0,0.6568991541862488,0.3333333432674408,0.4108527600765228,1.0,0.6325183510780334,-0.3333333432674408,-0.3333333432674408
refadv:1090,refadv:1090,the adult man holding a hand puppet not in a white or light-colored shirt,True,3,openimages,False,15,logical,0.0,0.1931401938199997,0.6666666865348816,0.2638961374759674,0.3333333432674408,0.36892005801200867,1.0,0.5965518355369568,0.3333333432674408,0.3721946179866791,1.0,0.5385965704917908,0.6666666865348816,0.44067081809043884,0.6666666865348816,0.5038972496986389,0.0,0.3333333432674408
refadv:1091,refadv:1091,adult man holding a hand puppet without a reddish top,True,3,openimages,False,10,logical,0.0,0.19110505282878876,0.3333333432674408,0.3226272761821747,0.0,0.03533034399151802,0.0,0.13177970051765442,0.0,0.04723172262310982,0.0,0.08980989456176758,0.0,0.08755117654800415,0.0,0.1253049522638321,0.0,0.0
refadv:1092,refadv:1092,the more front-facing adult man holding hand puppets,False,3,openimages,False,9,relational,0.0,0.19052129983901978,0.0,0.2991544008255005,0.0,0.03798874840140343,0.0,0.08385973423719406,0.0,0.0,0.0,0.047568827867507935,0.0,0.06389404088258743,0.0,0.13387718796730042,0.0,0.0
refadv:1093,refadv:1093,the mostly light tent with trim that is not blue,True,3,openimages,False,10,logical,0.0,0.11102435737848282,0.0,0.13288919627666473,0.0,0.12317217141389847,0.3333333432674408,0.17275534570217133,0.0,0.24426007270812988,0.6666666865348816,0.24778957664966583,0.0,0.24391023814678192,0.6666666865348816,0.29603487253189087,0.0,0.0
refadv:1094,refadv:1094,the mostly light tent with colored trim and a entrance panel,False,3,openimages,False,11,unclassified,0.0,0.21388427913188934,0.0,0.22233210504055023,0.0,0.08231079578399658,0.0,0.14733995497226715,0.0,0.13874252140522003,0.0,0.19054429233074188,0.0,0.06393483281135559,0.0,0.11524947732686996,0.0,0.0
refadv:1095,refadv:1095,the tent with strong contrasting trim that is not blue,True,3,openimages,False,10,logical,0.0,0.11081292480230331,0.6666666865348816,0.2128174901008606,0.0,0.21466024219989777,0.6666666865348816,0.23086626827716827,0.0,0.19455771148204803,0.6666666865348816,0.2561437487602234,0.0,0.27244770526885986,0.6666666865348816,0.29940590262413025,0.0,0.0
refadv:1096,refadv:1096,the tent with strong contrasting trim and a smooth side panel without clear doorway visible,True,3,openimages,False,15,logical,0.0,0.1812431663274765,1.0,0.24582922458648682,0.0,0.27426156401634216,0.6666666865348816,0.2859072983264923,0.0,0.26862987875938416,1.0,0.3070182502269745,0.3333333432674408,0.3521932065486908,0.6666666865348816,0.3799385726451874,0.0,0.3333333432674408
refadv:1097,refadv:1097,the tent with strong blue or purple contrasting trim and a subtly flatter top section,False,3,openimages,False,15,unclassified,0.0,0.1069004237651825,0.0,0.21360723674297333,0.0,0.38419532775878906,1.0,0.39744964241981506,0.0,0.32547351717948914,1.0,0.36004891991615295,0.0,0.2802239954471588,0.6666666865348816,0.3047822415828705,0.0,0.0
refadv:1098,refadv:1098,a solid blue flag without a prominent white star visible,True,2,openimages,False,10,logical,0.0,0.21604149043560028,1.0,0.2885805070400238,0.0,0.2265135794878006,1.0,0.30641821026802063,0.0,0.21775364875793457,0.6666666865348816,0.31630396842956543,0.0,0.24638354778289795,0.3333333432674408,0.31575465202331543,0.0,0.0
refadv:1099,refadv:1099,the solid dark-blue flag with a more navy blue shade in the folds,False,2,openimages,False,14,unclassified,0.0,0.20929761230945587,0.0,0.22608239948749542,0.0,0.2270691841840744,0.6666666865348816,0.2649901211261749,0.0,0.20651336014270782,0.3333333432674408,0.2724620997905731,0.0,0.21656811237335205,0.3333333432674408,0.26463139057159424,0.0,0.0
refadv:1100,refadv:1100,the solid dark-blue flag with red or white stripes overlaid on it,False,2,openimages,False,13,unclassified,0.0,0.2005932480096817,1.0,0.2304936647415161,0.0,0.22337882220745087,0.6666666865348816,0.27547457814216614,0.0,0.21229428052902222,0.3333333432674408,0.2774461507797241,0.0,0.2221970558166504,0.6666666865348816,0.2769591510295868,0.0,0.0
refadv:1101,refadv:1101,the lantern at the far left side of the room that sits slightly to the right of the other one,False,4,openimages,False,20,relational,0.0,0.0,0.0,0.0007304908358491957,0.0,0.0,0.0,0.0006054292316548526,0.0,0.003008446888998151,0.0,0.0023598307743668556,0.0,0.0009196377941407263,0.0,0.0005883489502593875,0.0,0.0
refadv:1102,refadv:1102,the left one of palm trees on the upper-right rocky hillside ridge,False,8,openimages,False,13,absolute,0.0,0.11156272888183594,0.3333333432674408,0.17494767904281616,0.0,0.0,0.0,0.04552115872502327,0.0,0.0,0.0,0.019665922969579697,0.0,0.0,0.0,0.02521567791700363,0.0,0.0
refadv:1103,refadv:1103,the palm tree on the upper-right rocky hillside with overall darker green fronds,False,8,openimages,False,14,logical,0.0,0.05894891545176506,0.0,0.06036392226815224,0.0,0.19060783088207245,0.3333333432674408,0.1414272040128708,0.0,0.2016100436449051,0.0,0.1417972892522812,0.0,0.17239345610141754,0.3333333432674408,0.11946800351142883,0.0,0.0
refadv:1104,refadv:1104,the bright neon green shoe showing more of the inner lateral side panel,False,3,openimages,False,13,unclassified,0.0,0.0,0.0,0.01367848739027977,0.0,0.0,0.0,0.006262131035327911,0.0,0.0,0.0,0.0034648694563657045,0.0,0.0,0.0,0.0015713470056653023,0.0,0.0
refadv:1105,refadv:1105,the high-visibility neon green shoe showing more of the outer side panel,False,3,openimages,False,13,unclassified,0.0,0.0,0.0,0.014065426774322987,0.0,0.0,0.0,0.007348856423050165,0.0,0.0,0.0,0.0019243649439886212,0.0,0.0,0.0,0.0016207575099542737,0.0,0.0
refadv:1106,refadv:1106,packaged product with real food visible,False,2,openimages,False,6,direct,0.0,0.07779237627983093,0.0,0.06893270462751389,0.0,0.04653875157237053,0.0,0.05091029405593872,0.0,0.08475857973098755,0.0,0.07909391075372696,0.0,0.0759790763258934,0.0,0.07361310720443726,0.0,0.0
refadv:1107,refadv:1107,product in a transparent packaging,False,2,openimages,False,5,direct,0.0,0.07728902995586395,0.0,0.061536144465208054,0.0,0.06516602635383606,0.0,0.04923148825764656,0.0,0.05554519221186638,0.0,0.057227134704589844,0.0,0.06086574122309685,0.0,0.05981831252574921,0.0,0.0
refadv:1108,refadv:1108,packaged dumplings product with large prominent product name text not mostly on a smaller label area,True,2,openimages,False,16,logical,0.0,0.019984958693385124,0.0,0.016385823488235474,0.0,0.0069860066287219524,0.0,0.012440950609743595,0.0,0.0,0.0,0.01056098472326994,0.0,0.0,0.0,0.010733377188444138,0.0,0.0
refadv:1109,refadv:1109,"a non-green dumpling package, not a clear plastic bag with real dumplings visible",True,2,openimages,False,14,logical,0.0,0.015389800071716309,0.0,0.013477512635290623,0.0,0.0,0.0,0.006449427921324968,0.0,0.0,0.0,0.005924595985561609,0.0,0.0,0.0,0.005735629703849554,0.0,0.0
refadv:1110,refadv:1110,bulky dumpling packaging not a rigid printed box,True,2,openimages,False,8,logical,0.0,0.10308879613876343,0.0,0.10392894595861435,0.0,0.08034763485193253,0.0,0.0837012454867363,0.0,0.15426672995090485,0.3333333432674408,0.15630961954593658,0.0,0.15405994653701782,0.0,0.12591613829135895,0.0,0.0
refadv:1111,refadv:1111,the bulky bag or box style dumpling package with product text less prominently spanning the front,True,2,openimages,False,16,unclassified,0.0,0.09260090440511703,0.0,0.05961312726140022,0.0,0.10548926144838333,0.0,0.07555229216814041,0.0,0.08409285545349121,0.0,0.06997556239366531,0.0,0.09934615343809128,0.0,0.08204841613769531,0.0,0.0
refadv:1112,refadv:1112,the cabin wall window closer to the darker trees on the left side,False,2,openimages,False,13,logical,0.0,0.010681279003620148,0.0,0.006922891829162836,0.0,0.028821153566241264,0.0,0.02330232970416546,0.0,0.027150698006153107,0.0,0.021260658279061317,0.0,0.031070305034518242,0.0,0.02146434225142002,0.0,0.0
refadv:1113,refadv:1113,the window farthest from the right wall trim,False,2,openimages,False,8,logical,0.0,0.0,0.0,0.003157864324748516,0.0,0.0,0.0,0.0022007080260664225,0.0,0.0,0.0,0.0005715398583561182,0.0,0.0,0.0,0.0006691659800708294,0.0,0.0
refadv:1114,refadv:1114,the red-and-white Do Not Enter style traffic sign near the wall and hedge,True,3,openimages,False,15,logical,0.0,0.0019101230427622795,0.0,0.0010871337726712227,0.0,0.0,0.0,0.0003319427778478712,0.0,0.0,0.0,0.0002547977492213249,0.0,0.0,0.0,0.0005285327206365764,0.0,0.0
refadv:1115,refadv:1115,the red-and-white Do Not Enter style sign by the terminal entrance lane,True,3,openimages,False,14,logical,0.0,0.0027494316454976797,0.0,0.002625045133754611,0.0,0.01388733834028244,0.0,0.016965553164482117,0.0,0.011139576323330402,0.0,0.012533829547464848,0.0,0.011174055747687817,0.0,0.014395114034414291,0.0,0.0
refadv:1116,refadv:1116,the red-and-white regulatory Do Not Enter style traffic sign facing more square-on toward the camera,True,3,openimages,False,18,logical,0.0,0.004570707678794861,0.0,0.003454366698861122,0.0,0.015098105184733868,0.0,0.016568029299378395,0.0,0.01189614087343216,0.0,0.011902767233550549,0.0,0.015572200529277325,0.0,0.014808337204158306,0.0,0.0
refadv:1117,refadv:1117,the smaller red-and-white Do Not Enter style traffic sign,False,3,openimages,False,11,logical,0.0,0.0016298397677019238,0.0,0.0014805941609665751,0.0,0.0,0.0,0.00047203744179569185,0.0,0.0004119873046875,0.0,0.0006158690084703267,0.0,0.0,0.0,0.0003806448949035257,0.0,0.0
refadv:1118,refadv:1118,the eagle perched high in the upper canopy near the right,False,3,openimages,False,11,relational,0.0,0.013245898298919201,1.0,0.07334158569574356,0.0,0.02314862795174122,0.6666666865348816,0.11943409591913223,0.0,0.03026455081999302,1.0,0.14592061936855316,0.0,0.023020757362246513,0.3333333432674408,0.10994476079940796,0.0,0.0
refadv:1119,refadv:1119,"the eagle perched high in the upper canopy branches with a shorter, less distinctly separated tail",True,3,openimages,False,16,unclassified,0.0,0.013245898298919201,0.6666666865348816,0.04485661908984184,0.0,0.014473800547420979,0.0,0.053355250507593155,0.0,0.01943032257258892,0.6666666865348816,0.08506352454423904,0.0,0.010886757634580135,0.3333333432674408,0.06484150141477585,0.0,0.0
refadv:1120,refadv:1120,the left ear on the standing central mostly forward-facing person,False,3,openimages,False,11,absolute,0.0,0.0,0.0,0.0007838478777557611,0.0,0.0,0.0,2.959187258966267e-05,0.0,0.0,0.0,7.697873115830589e-06,0.0,0.0,0.0,2.1099296645843424e-05,0.0,0.0
refadv:1121,refadv:1121,the black coat worn by the back-row standing person without glasses,True,4,openimages,False,12,logical,0.0,0.20022787153720856,1.0,0.12428868561983109,0.0,0.13148915767669678,0.0,0.06512513011693954,0.0,0.11448147147893906,0.0,0.0895237997174263,0.0,0.1667846292257309,0.0,0.07782886177301407,0.0,0.0
refadv:1122,refadv:1122,the back-row dark coat worn with a tie that is not red striped,True,4,openimages,False,14,logical,0.0,0.11684852838516235,0.0,0.11059486865997314,0.0,0.2814282178878784,0.0,0.2028275579214096,0.0,0.20372314751148224,0.3333333432674408,0.19898569583892822,0.0,0.22671562433242798,0.0,0.17901073396205902,0.0,0.0
refadv:1123,refadv:1123,"the tall, upright candy, not bright red",True,3,openimages,False,7,logical,0.0,0.06846126168966293,0.3333333432674408,0.12347612529993057,0.0,0.23168478906154633,0.3333333432674408,0.26957955956459045,0.0,0.21741582453250885,0.6666666865348816,0.2506978511810303,0.0,0.2618978023529053,0.3333333432674408,0.28092503547668457,0.0,0.0
refadv:1124,refadv:1124,"the warm-colored upright gummy bear candy, not orange",True,3,openimages,False,9,logical,0.0,0.15692298114299774,0.3333333432674408,0.18918919563293457,0.3333333432674408,0.356671005487442,0.3333333432674408,0.32166916131973267,0.3333333432674408,0.40993115305900574,0.6666666865348816,0.3784960210323334,0.0,0.30597877502441406,0.3333333432674408,0.30005958676338196,0.0,-0.3333333432674408
refadv:1125,refadv:1125,the slightly larger warm-colored candy bear figure,False,3,openimages,False,8,logical,0.0,0.09305308014154434,1.0,0.1970132738351822,0.0,0.18685029447078705,0.0,0.1817033886909485,0.0,0.2996480166912079,1.0,0.302125483751297,0.0,0.23886942863464355,0.6666666865348816,0.2827055752277374,0.0,0.0
refadv:1126,refadv:1126,the left leg of the center seated person,False,5,openimages,False,8,relational,0.0,0.10751793533563614,0.0,0.05624600127339363,0.0,0.00852401927113533,0.0,0.05564744770526886,0.0,0.007588596548885107,0.0,0.05245913565158844,0.0,0.014205384999513626,0.0,0.07639063894748688,0.0,0.0
refadv:1127,refadv:1127,the more occluded leg of the center seated person,False,5,openimages,False,9,relational,0.0,0.07070507109165192,0.0,0.07034814357757568,0.0,0.1322677731513977,0.0,0.12210198491811752,0.0,0.14956869184970856,0.0,0.1242496594786644,0.0,0.13686004281044006,0.3333333432674408,0.13481181859970093,0.0,0.0
refadv:1128,refadv:1128,"the right leg in dark, fitted blue jeans",False,5,openimages,False,8,direct,0.0,0.0634598359465599,0.0,0.025292808189988136,0.0,0.0,0.0,0.02538934536278248,0.0,0.0,0.0,0.022284649312496185,0.0,0.006836140062659979,0.0,0.019240980967879295,0.0,0.0
refadv:1129,refadv:1129,"the more occluded human leg in dark, fitted blue jeans",False,5,openimages,False,10,unclassified,0.0,0.07070507109165192,0.0,0.06365928798913956,0.0,0.07878998667001724,0.3333333432674408,0.0833524689078331,0.0,0.11252379417419434,0.3333333432674408,0.10279110074043274,0.0,0.06593891233205795,0.0,0.06595751643180847,0.0,0.0
refadv:1130,refadv:1130,the more tightly curled mammal lying on the straw,False,2,openimages,False,9,unclassified,0.0,0.14138318598270416,0.0,0.12996552884578705,0.0,0.07425326853990555,0.0,0.14328528940677643,0.0,0.09709742665290833,0.0,0.14950862526893616,0.0,0.0820242315530777,0.0,0.1399867981672287,0.0,0.0
refadv:1131,refadv:1131,the mammal lying crouched on the straw with an ear tag,False,2,openimages,False,11,unclassified,0.0,0.09842652827501297,0.0,0.09584318846464157,0.0,0.037871744483709335,0.0,0.08716174960136414,0.0,0.03927016630768776,0.0,0.09737362712621689,0.0,0.024280011653900146,0.0,0.08415774255990982,0.0,0.0
refadv:1132,refadv:1132,the more spread-out mammal with its head oriented generally toward left side of the image,False,2,openimages,False,16,absolute,0.0,0.20345790684223175,0.0,0.18771052360534668,0.0,0.4470144808292389,0.6666666865348816,0.42694005370140076,0.0,0.32410696148872375,0.6666666865348816,0.32295113801956177,0.0,0.40611663460731506,0.3333333432674408,0.4114129841327667,0.0,0.0
refadv:1133,refadv:1133,"the slimmer palm tree trunk, not on the right side",True,2,openimages,False,10,logical,0.0,0.15230946242809296,0.0,0.21572960913181305,0.0,0.0,0.0,0.09393583983182907,0.0,0.0,0.0,0.09068194776773453,0.0,0.0,0.0,0.10838904231786728,0.0,0.0
refadv:1134,refadv:1134,the palm tree with slim trunk and more open canopy silhouette against the sky,False,2,openimages,False,14,unclassified,0.0,0.0,0.0,0.14315718412399292,0.0,0.19378633797168732,0.0,0.22092361748218536,0.0,0.18475127220153809,0.3333333432674408,0.22977511584758759,0.0,0.20867295563220978,0.6666666865348816,0.25236889719963074,0.0,0.0
refadv:1135,refadv:1135,"the armchair with padded armrests, not on the right side of the image",True,2,openimages,False,13,logical,0.0,0.29769420623779297,0.6666666865348816,0.3226747512817383,0.0,0.0,0.0,0.09841027110815048,0.0,0.0,0.0,0.0843568742275238,0.0,0.0,0.0,0.10049960762262344,0.0,0.0
refadv:1136,refadv:1136,"the armchair with wooden side panels, not the left one",True,2,openimages,False,10,logical,0.0,0.15032397210597992,0.0,0.16018693149089813,0.0,0.0,0.0,0.05027895048260689,0.0,0.0,0.0,0.058355700224637985,0.0,0.0,0.0,0.06718087196350098,0.0,0.0
refadv:1137,refadv:1137,the shorter tower with a big visible pointed spire,False,2,openimages,False,9,unclassified,0.0,0.010796749033033848,0.0,0.0070579503662884235,0.0,0.0,0.0,0.0017476320499554276,0.0,0.0024801588151603937,0.0,0.0015758526278659701,0.0,0.0,0.0,0.0011996598914265633,0.0,0.0
refadv:1138,refadv:1138,"the tall pointed-spire tower with a cleaner simpler base, not an ornate busy base",True,2,openimages,False,15,logical,0.0,0.008227687329053879,0.0,0.00586647167801857,0.0,0.0,0.0,0.0010044301161542535,0.0,0.0,0.0,0.0009540831670165062,0.0,0.0024414348881691694,0.0,0.0007445745286531746,0.0,0.0
refadv:1139,refadv:1139,the narrower vertically elongated tower that is shorter,False,2,openimages,False,8,direct,0.0,0.012418878264725208,0.0,0.006852844730019569,0.0,0.00339887966401875,0.0,0.002844064263626933,0.0,0.0013051126152276993,0.0,0.0015867226757109165,0.0,0.0,0.0,0.0022908204700797796,0.0,0.0
refadv:1140,refadv:1140,"the narrow, vertically elongated tower with a distinctly high-contrast spire",False,2,openimages,False,11,unclassified,0.0,0.0,0.0,0.005474051460623741,0.0,0.003049136372283101,0.0,0.001969314645975828,0.0,0.002468348480761051,0.0,0.002468669321388006,0.0,0.0,0.0,0.0015370181063190103,0.0,0.0
refadv:1141,refadv:1141,"the narrower, vertically elongated tower with a more ornate, busier-looking base",False,2,openimages,False,12,unclassified,0.0,0.0,0.0,0.0060431696474552155,0.0,0.0012403883738443255,0.0,0.0016863151686266065,0.0,0.0027273509185761213,0.0,0.00295321480371058,0.0,0.00011086668382631615,0.0,0.002366051310673356,0.0,0.0
